AccountID,AccountName,AccountType,Industry,ParentAccountID,City,State,Website,GSTIN,DUNS,ParentDUNS,KN_Designation,EstimatedFleetSize,OwnerUserID,CreatedOn
ACC-00001,Namma Retail Pvt Ltd,Corporate (Staff & Executive Cars),Retail,,Bengaluru,Karnataka,nammaretail.in,29FWZCN7542C1ZH,837827971,,Key,50,USR-197,2023-11-27 15:34:25
ACC-00002,Namma Retail Pvt Ltd - Mangaluru Branch,Corporate (Staff & Executive Cars),Retail,ACC-00001,Mangalore,Karnataka,nammaretail.in,29FWZCN7542C1ZH,,,Key,15,USR-198,2026-03-31 23:17:30
ACC-00003,Namma Retail Pvt Ltd - Mangaluru Branch,Corporate (Staff & Executive Cars),,,Mangaluru,Karnataka,nammaretail.in,29FWZCN7542C1ZH,973796254,837827971,Key,10,USR-197,2025-03-05 11:10:02
ACC-00004,Yashas Employee Transport Solutions LLP,Employee Transport Services,Transportation Services,,Bengaluru,Karnataka,yashasemployeetranspor.in,29PLLFY8006Q1Z4,343835894,,Named,225,USR-208,2022-09-11 04:35:07
ACC-00005,Yashas Employee Transport Solutions LLP - Mangaluru Branch,Employee Transport Services,Transportation Services,ACC-00004,Mangaluru,Karnataka,yashasemployeetranspor.in,29PLLFY8006Q1Z4,163468327,343835894,Named,54,USR-206,2024-02-17 07:03:07
ACC-00006,Yashas Employee Transport Solutions LLP - Belagavi Branch,Employee Transport Services,Transportation Services,ACC-00004,Belagavi,Karnataka,yashasemployeetranspor.in,29PLLFY8006Q1Z4,802447320,343835894,Named,63,USR-206,2023-01-01 12:39:49
ACC-00007,Yashas Employee Transport Solutions LLP - Davanagere Branch,Employee Transport Services,Transportation Services,ACC-00004,Davanagere,Karnataka,yashasemployeetranspor.in,29PLLFY8006Q1Z4,194135482,343835894,,69,USR-211,2024-07-29 12:15:04
ACC-00008,Yashas Commute Solutions Pvt Ltd,Employee Transport Services,Transportation Services,ACC-00004,Bengaluru,Karnataka,yashascommutesolutions.in,29YZACY6166B1Z6,,,Named,373,USR-204,2022-11-25 22:22:19
ACC-00009,Navya Leasing Ltd,Leasing & Subscription,Banking & Financial Services,,Bengaluru,Karnataka,navyaleasingltd.co.in,29IWOCN0582H1ZL,316640320,,Named,735,USR-216,2021-05-09 23:10:10
ACC-00010,Navya Car Subscription Services Pvt Ltd,Leasing & Subscription,Banking & Financial Services,ACC-00009,Belagavi,Karnataka,navyacarsubscriptionse.in,29PJDCN1011K1ZQ,482481446,316640320,,678,USR-216,2023-09-25 06:43:04
ACC-00011,Navya Leasing Ltd - Hubballi Branch,Leasing & Subscription,Banking & Financial Services,ACC-00009,Hubballi,Karnataka,navyaleasingltd.co.in,29IWOCN0582H1ZL,206559174,316640320,,220,USR-202,2022-04-26 20:26:35
ACC-00012,Navya Leasing Pvt Ltd,Leasing & Subscription,Banking & Financial Services,ACC-00009,Bengaluru,Karnataka,navyaleasing.in,29LRPCN1633Q1ZE,701497665,316640320,Named,394,USR-216,2022-02-28 06:26:34
ACC-00013,Navya Leasing Ltd - Belagavi Branch,Leasing & Subscription,Banking & Financial Services,ACC-00009,Belagavi,Karnataka,navyaleasingltd.co.in,29IWOCN0582H1ZL,225661288,316640320,Named,108,USR-209,2022-09-06 07:46:05
ACC-00014,Navya Leasing Ltd - Hubballi Branch,Leasing & Subscription,Banking & Financial Services,ACC-00481,Hubballi,Karnataka,navyaleasingltd.co.in,,828072641,316640320,Named,253,USR-216,2023-09-11 03:12:24
ACC-00015,Navya Fleet Leasing Pvt Ltd,Leasing & Subscription,Banking & Financial Services,ACC-00009,Bengaluru,Karnataka,navyafleetleasing.com,29FNJCN9935M1ZL,,,Named,503,USR-204,2023-07-07 02:11:28
ACC-00016,Vasudha Mobility Services Pvt Ltd,Employee Transport Services,Transportation Services,,Bengaluru,Karnataka,vasudhamobilityservice.in,29SNBCV9157W1ZQ,610703301,,Key,251,USR-199,2025-03-26 17:22:37
ACC-00017,Vasudha Mobility Services Pvt Ltd - Udupi Branch,Employee Transport Services,Transportation Services,ACC-00016,Udupi,Karnataka,vasudhamobilityservice.in,29SNBCV9157W1ZQ,880572735,610703301,,43,USR-208,2026-01-20 23:50:11
ACC-00018,Vasudha Employee Transport Solutions Ltd,Employee Transport Services,Transportation Services,ACC-00016,Shivamogga,Karnataka,vasudhaemployeetranspo.co.in,29QDXCV7957H1ZI,,,,136,USR-208,2026-09-22 00:00:00
ACC-00019,Shree Balaji Capital Pvt Ltd,Corporate (Staff & Executive Cars),Banking & Financial Services,,Bengaluru,Karnataka,shreebalajicapital.in,29COUCS7244L1ZI,874321231,,Key,23,USR-198,2021-09-29 12:24:36
ACC-00020,Shree Balaji Capital Pvt Ltd - Belagavi Branch,Corporate (Staff & Executive Cars),Banking & Financial Services,ACC-00019,Belagavi,Karnataka,shreebalajicapital.in,29COUCS7244L1ZI,144205879,874321231,,8,USR-214,2024-02-25 09:46:41
ACC-00021,Shree Balaji Capital Pvt Ltd - Hubballi Branch,Corporate (Staff & Executive Cars),Banking & Financial Services,ACC-00019,Hubballi,Karnataka,shreebalajicapital.in,29COUCS7244L1ZI,275611816,874321231,,6,USR-204,2022-03-12 03:36:58
ACC-00022,Shree Balaji Capital Pvt Ltd - Davanagere Branch,Corporate (Staff & Executive Cars),Banking & Financial Services,ACC-00019,Davanagere,Karnataka,shreebalajicapital.in,29COUCS7244L1ZI,,,,6,USR-202,2023-04-27 03:04:19
ACC-00023,Brindavan Self Drive Cars,Car Rental & Self-Drive,Automotive Rental,,BLR,Karnataka,brindavanselfdrivecars.com,29IUDPB5404K1ZJ,,,Named,267,USR-201,2022-07-14 10:58:49
ACC-00024,Brindavan Self Drive Cars - Tumakuru Branch,Car Rental & Self-Drive,Automotive Rental,ACC-00023,Tumakuru,Karnataka,brindavanselfdrivecars.com,29IUDPB5404K1ZJ,,,,38,USR-216,2023-08-26 16:45:50
ACC-00025,Brindavan Self Drive Cars - Shivamogga Branch,Car Rental & Self-Drive,Automotive Rental,ACC-00023,Shivamogga,Karnataka,brindavanselfdrivecars.com,29IUDPB5404K1ZJ,,,Named,60,USR-202,2023-01-23 22:24:26
ACC-00026,Pinnacle Software Solutions Pvt Ltd,Corporate (Staff & Executive Cars),Information Technology,,Bengaluru,Karnataka,pinnaclesoftwaresoluti.com,,673848081,,Named,46,USR-202,2018-10-03 07:22:27
ACC-00027,Pinnacle Healthcare Products Ltd,Corporate (Staff & Executive Cars),Pharmaceuticals,ACC-00026,Bengaluru,Karnataka,pinnaclehealthcareprod.com,29LQFCP8562U1ZY,,,Named,52,USR-202,2018-12-24 19:04:54
ACC-00028,Pinnacle Software Solutions Pvt Ltd - Shivamogga Branch,Corporate (Staff & Executive Cars),Information Technology,ACC-00026,Shivamogga,Karnataka,pinnaclesoftwaresoluti.com,29TPGCP2279S1Z1,,,Named,14,USR-205,2019-09-21 00:01:25
ACC-00029,Pinnacle Software Solutions Pvt Ltd - Davanagere Branch,Corporate (Staff & Executive Cars),Information Technology,ACC-00026,Davanagere,Karnataka,pinnaclesoftwaresoluti.com,29TPGCP2279S1Z1,770683457,673848081,Named,6,USR-202,2019-12-07 06:06:28
ACC-00030,Namma Finance Pvt Ltd,Corporate (Staff & Executive Cars),Banking & Financial Services,,Bengaluru,Karnataka,nammafinance.co.in,29KHICN5293E1ZG,894543008,,Key,47,USR-197,2024-03-20 06:04:08
ACC-00031,Namma Finance Pvt Ltd - Belagavi Branch,Corporate (Staff & Executive Cars),Banking & Financial Services,ACC-00030,Belagavi,Karnataka,nammafinance.co.in,29KHICN5293E1ZG,846342659,894543008,Key,8,USR-199,2024-08-25 12:19:22
ACC-00032,Namma Finance Pvt Ltd - Shivamogga Branch,Corporate (Staff & Executive Cars),Banking & Financial Services,ACC-00030,Shivamogga,Karnataka,nammafinance.co.in,29KHICN5293E1ZG,,,Key,14,USR-197,2024-06-19 02:14:29
ACC-00033,Namma Industries Pvt Ltd,Corporate (Staff & Executive Cars),Manufacturing,ACC-00030,Bengaluru,Karnataka,nammafinance.co.in,29EIKCN7190G1ZD,112990809,894543008,Key,15,USR-198,2025-05-14 05:20:00
ACC-00034,Namma Finance Pvt Ltd - Belagavi Branch,Corporate (Staff & Executive Cars),Banking & Financial Services,ACC-00030,Belagavi,Karnataka,nammafinance.co.in,29KHICN5293E1ZG,,,Key,7,USR-197,2025-01-07 19:58:14
ACC-00035,Namma Digital Systems LLP,Corporate (Staff & Executive Cars),Information Technology,,Belagavi,Karnataka,nammafinance.co.in,29PVXFN5042U1ZD,521810951,894543008,Key,32,USR-200,2025-06-26 10:53:10
ACC-00036,Vega Healthcare Products Pvt Ltd,Corporate (Staff & Executive Cars),Pharmaceuticals,,Mangaluru,Karnataka,vegahealthcareproducts.co.in,29FBWCV7705Z1ZB,774098942,,Named,108,USR-202,2020-12-05 20:49:50
ACC-00037,Vega Life Sciences Pvt Ltd,Corporate (Staff & Executive Cars),Pharmaceuticals,ACC-00036,Bengaluru,Karnataka,vegahealthcareproducts.co.in,29HFFCV7467B1ZK,703854158,774098942,,10,USR-202,2022-06-16 08:21:43
ACC-00038,Vega Polymers LLP,Corporate (Staff & Executive Cars),Manufacturing,ACC-00036,Bengaluru,Karnataka,vegapolymers.in,29HRZFV8144K1ZU,311730749,774098942,Named,10,USR-214,2021-06-06 12:28:56
ACC-00039,Vega Healthcare Products Pvt Ltd - Tumakuru Branch,Corporate (Staff & Executive Cars),Pharmaceuticals,ACC-00036,Tumkur,Karnataka,vegahealthcareproducts.co.in,29FBWCV7705Z1ZB,,,Named,32,USR-202,2022-01-16 03:45:22
ACC-00040,Galaxy Cabs Pvt Ltd,Cab Fleet Operator,Transportation Services,,Bengaluru,Karnataka,galaxycabs.co.in,29XNSCG8099T1ZI,,,Named,57,USR-208,2020-11-01 18:06:36
ACC-00041,Galaxy Cabs Pvt Ltd - Davanagere Branch,Cab Fleet Operator,Transportation Services,ACC-00040,Davanagere,Karnataka,galaxycabs.co.in,29XNSCG8099T1ZI,,,,13,USR-206,2021-05-15 01:00:52
ACC-00042,Galaxy Cabs,Cab Fleet Operator,Transportation,,Bengaluru,Karnataka,galaxycabs.in,29KGYPG0715G1ZX,,,Named,12,USR-202,2022-06-13 12:20:25
ACC-00043,Omkar Pharmaceuticals Ltd,Corporate (Staff & Executive Cars),Pharmaceuticals,,Davanagere,Karnataka,omkarpharmaceuticalslt.in,,,,Key,36,USR-197,2022-09-25 06:01:59
ACC-00044,Omkar Pharmaceuticals Ltd - Mangaluru Branch,Corporate (Staff & Executive Cars),Pharmaceuticals,ACC-00043,Mangalore,Karnataka,omkarpharmaceuticalslt.in,29OUQCO2660P1Z0,,,Key,7,USR-198,2023-10-10 00:47:28
ACC-00045,Omkar Constructions Pvt Ltd,Corporate (Staff & Executive Cars),Construction & Real Estate,ACC-00043,Davanagere,Karnataka,omkarconstructions.co.in,29PWGCO8483B1ZH,,,Key,20,USR-197,2023-03-15 03:22:23
ACC-00046,Omkar Precision Components Ltd,Corporate (Staff & Executive Cars),Manufacturing,ACC-00043,Shivamogga,Karnataka,omkarprecisioncomponen.in,29CSZCO4412B1Z6,,,,13,USR-213,2024-04-15 17:00:26
ACC-00047,Yashas Builders Pvt Ltd,Corporate (Staff & Executive Cars),Construction & Real Estate,,Bengaluru,Karnataka,yashasbuilders.co.in,29nwkcy8321u1zh,360551347,,Key,26,USR-200,2023-01-24 11:17:05
ACC-00048,Yashas Builders Pvt Ltd - Mangaluru Branch,Corporate (Staff & Executive Cars),Construction & Real Estate,ACC-00047,Mangaluru,Karnataka,yashasbuilders.co.in,29NWKCY8321U1ZH,,,Key,9,USR-197,2024-05-23 13:24:51
ACC-00049,Yashas Builders Pvt Ltd - Tumakuru Branch,Corporate (Staff & Executive Cars),Construction & Real Estate,ACC-00047,Tumakuru,Karnataka,yashasbuilders.co.in,29NWKCY8321U1ZH,,,Key,7,USR-198,2025-06-28 17:04:23
ACC-00050,Yashas Builders Pvt Ltd - Davanagere Branch,Corporate (Staff & Executive Cars),Construction & Real Estate,ACC-00047,Davanagere,Karnataka,yashasbuilders.co.in,29NWKCY8321U1ZH,981980684,360551347,Key,4,USR-200,2023-05-16 01:59:31
ACC-00051,Yashas Builders Pvt Ltd - Hubballi Branch,Corporate (Staff & Executive Cars),Construction & Real Estate,ACC-00047,Hubballi,Karnataka,yashasbuilders.co.in,29NWKCY8321U1ZH,793173801,360551347,Key,5,USR-200,2025-04-02 03:23:15
ACC-00052,Yashas Builders Pvt Ltd - Belagavi Branch,Corporate (Staff & Executive Cars),Construction & Real Estate,,Belgaum,Karnataka,yashasbuilders.co.in,29NWKCY8321U1ZH,298142101,360551347,Key,7,USR-200,2025-02-14 05:14:12
ACC-00053,Prime Employee Transport Solutions Pvt Ltd,Employee Transport Services,Transportation Services,,Hyderabad,Telangana,primeemployeetransport.com,36JTOCP2576N1ZA,879947947,,Key,207,USR-197,2019-05-24 03:28:55
ACC-00054,Prime Employee Transport Solutions Pvt Ltd - Tumakuru Branch,Employee Transport Services,Transportation Services,ACC-00053,Tumakuru,Karnataka,primeemployeetransport.com,29JTOCP2576N1Z5,,,,22,USR-211,2020-01-22 21:41:33
ACC-00055,Prime Mobility Services Pvt Ltd,Employee Transport Services,Transportation Services,ACC-00053,Bengaluru,Karnataka,primeemployeetransport.com,29BQICP2015A1ZY,899252824,879947947,Key,80,USR-197,2020-12-27 01:58:55
ACC-00056,Prime Commute Solutions Pvt Ltd,Employee Transport Services,Transportation Services,ACC-00053,Bengaluru,Karnataka,primecommutesolutions.co.in,29HFDCP0900E1ZE,208099566,879947947,Key,75,USR-197,2021-10-16 02:04:17
ACC-00057,Prime Employee Transport Solutions Pvt Ltd - Bengaluru Branch,Employee Transport Services,Transportation Services,ACC-00053,Bengaluru,Karnataka,primeemployeetransport.com,29JTOCP2576N1Z5,796975483,879947947,,53,USR-214,2021-06-11 20:33:28
ACC-00058,Karavali Retail Pvt Ltd,Corporate (Staff & Executive Cars),,,Mangaluru,Karnataka,karavaliretail.com,29UGKCK1535T1ZT,321717017,,Key,53,USR-200,2021-06-11 22:19:12
ACC-00059,Karavali Builders Pvt Ltd,Corporate (Staff & Executive Cars),Construction & Real Estate,,Mysuru,Karnataka,karavalibuilders.in,29QXCCK2950Z1ZP,239609044,321717017,Key,32,USR-198,2021-09-17 13:37:44
ACC-00060,Karavali Capital Pvt Ltd,Corporate (Staff & Executive Cars),Banking & Financial Services,ACC-00058,Bengaluru,Karnataka,karavaliretail.com,29TLBCK4090L1Z0,860891146,321717017,Key,27,USR-200,2021-11-06 10:47:10
ACC-00061,Karavali Traders Pvt Ltd,Corporate (Staff & Executive Cars),,ACC-00058,Mysuru,Karnataka,karavalitraders.com,29SYYCK4918Y1ZX,575791783,321717017,Key,7,USR-198,2022-10-29 18:35:18
ACC-00062,Karavali Life Sciences Pvt Ltd,Corporate (Staff & Executive Cars),Pharmaceuticals,ACC-00058,Bengaluru,Karnataka,karavaliretail.com,,,,Key,5,USR-198,2022-09-03 21:57:09
ACC-00063,Karavali Retail Pvt Ltd - Mysuru Branch,Corporate (Staff & Executive Cars),Retail,ACC-00058,Mysuru,Karnataka,karavaliretail.com,29UGKCK1535T1ZT,612984612,321717017,,7,USR-211,2023-04-11 01:05:58
ACC-00064,Annapoorna Engineering Works Pvt Ltd,Corporate (Staff & Executive Cars),Manufacturing,,Davanagere,Karnataka,annapoornaengineeringw.co.in,29YNECA7560M1ZR,864757171,,Key,10,USR-200,2020-06-28 09:32:17
ACC-00065,Annapoorna Engineering Works Pvt Ltd - Hubballi Branch,Corporate (Staff & Executive Cars),Manufacturing,ACC-00064,Hubballi,Karnataka,annapoornaengineeringw.co.in,29YNECA7560M1ZR,406800822,864757171,,3,USR-204,2021-03-14 02:17:29
ACC-00066,Annapoorna Finance Pvt Ltd,Corporate (Staff & Executive Cars),Banking & Financial Services,ACC-90066,Mangaluru,Karnataka,annapoornafinance.in,29FHYCA4398G1ZA,987058990,864757171,Key,8,USR-197,2022-08-15 13:43:22
ACC-00067,Annapoorna Engineering Works Pvt Ltd - Bengaluru Branch,Corporate (Staff & Executive Cars),Manufacturing,ACC-00064,Bengaluru,Karnataka,annapoornaengineeringw.co.in,29YNECA7560M1ZR,604699636,864757171,Key,2,USR-200,2021-05-03 12:53:15
ACC-00068,Hampi Capital LLP,Corporate (Staff & Executive Cars),Banking & Financial Services,,Bengaluru,Karnataka,hampicapital.in,29BFCFH7593Z1ZL,598583012,,Key,29,USR-198,2022-01-07 10:26:05
ACC-00069,Hampi Capital LLP - Shivamogga Branch,Corporate (Staff & Executive Cars),Banking & Financial Services,ACC-00068,Shivamogga,Karnataka,hampicapital.in,29BFCFH7593Z1ZL,863912900,598583012,Key,3,USR-197,2022-10-03 17:04:59
ACC-00070,Hampi Engineering Works Pvt Ltd,Corporate (Staff & Executive Cars),,ACC-00068,Mangaluru,Karnataka,hampiengineeringworks.com,29BQXCH1261A1ZL,282511406,598583012,Key,13,USR-197,2022-06-21 15:07:36
ACC-00071,Hampi Precision Components LLP,Corporate (Staff & Executive Cars),Manufacturing,ACC-00068,Bengaluru,Karnataka,hampicapital.in,29MXMFH7716J1Z6,,,Key,5,USR-197,2023-09-03 14:56:51
ACC-00072,Surya Commute Solutions Ltd,Employee Transport Services,Transportation Services,,Bengaluru,Karnataka,suryacommutesolutionsl.com,29VWMCS6208P1ZP,617652814,,Key,66,USR-197,2020-06-24 00:04:29
ACC-00073,Surya Commute Solutions Ltd - Hubballi Branch,Employee Transport Services,Transportation Services,ACC-00072,Hubli,Karnataka,suryacommutesolutionsl.com,29VWMCS6208P1ZP,,,Key,22,USR-200,2021-07-19 02:56:24
ACC-00074,Surya Mobility Services LLP,Employee Transport Services,Travels,ACC-00072,Hubballi,Karnataka,suryamobilityservices.com,29ASZFS1961X1ZH,,,Key,69,USR-200,2020-08-08 13:00:42
ACC-00075,Surya Staff Transport Services Pvt Ltd,Employee Transport Services,Transportation Services,,Bengaluru,Karnataka,suryacommutesolutionsl.com,29RTSCS0750S1ZS,756802689,617652814,Key,31,USR-200,2022-01-09 00:48:32
ACC-00076,Surya Employee Transport Solutions Pvt Ltd,Employee Transport Services,Transportation Services,ACC-00072,Bengaluru,Karnataka,suryaemployeetransport.com,29SMPCS9425N1Z4,,,Key,47,USR-198,2022-11-14 10:22:12
ACC-00077,Royal Tours & Travels,Cab Fleet Operator,Transportation Services,,Udupi,Karnataka,royaltourstravels.in,29ODLPR0884R1Z0,,,Key,33,USR-197,2019-02-02 15:02:07
ACC-00078,Royal Tours & Travels - Belagavi Branch,Cab Fleet Operator,Transportation Services,ACC-00077,Belagavi,Karnataka,royaltourstravels.in,29ODLPR0884R1Z0,,,Key,10,USR-199,2020-12-19 09:46:01
ACC-00079,Royal Tours & Travels - Hubballi Branch,Cab Fleet Operator,Transportation Services,ACC-00077,Hubballi,Karnataka,royaltourstravels.in,29ODLPR0884R1Z0,,,Key,11,USR-200,2021-03-06 19:16:43
ACC-00080,Royal Fleet Services Pvt Ltd,Cab Fleet Operator,Transport,ACC-00077,Bengaluru,Karnataka,royaltourstravels.in,29ERDCR0473O1ZT,,,Key,23,USR-198,2019-06-13 11:00:13
ACC-00081,Royal Tours & Travels - Hubballi Branch,Cab Fleet Operator,Transportation Services,ACC-00077,Hubli,Karnataka,royaltourstravels.in,29ODLPR0884R1Z0,,,Key,4,USR-198,2020-05-31 15:48:55
ACC-00082,Royal Tours & Travels Pvt Ltd,Cab Fleet Operator,Transportation Services,ACC-00077,Bengaluru,Karnataka,royaltourstravels.com,29LTVCR0058J1ZD,,,Key,21,USR-199,2020-01-23 18:16:02
ACC-00083,Sri Ganesh Retail LLP,Corporate (Staff & Executive Cars),Retail,,Bengaluru,Karnataka,sriganeshretail.co.in,29ZPGFS7638X1Z7,,,Named,46,USR-208,2021-07-28 19:15:07
ACC-00084,Sri Ganesh Retail LLP - Udupi Branch,Corporate (Staff & Executive Cars),Retail,ACC-00083,Udupi,Karnataka,sriganeshretail.co.in,29ZPGFS7638X1Z7,,,Named,6,USR-204,2021-10-03 15:26:20
ACC-00085,Sri Ganesh Retail LLP - Davanagere Branch,Corporate (Staff & Executive Cars),Retail,ACC-00083,Davanagere,Karnataka,sriganeshretail.co.in,29ZPGFS7638X1Z7,,,,10,USR-202,2024-01-04 01:19:50
ACC-00086,Sri Ganesh Retail LLP - Hubballi Branch,Corporate (Staff & Executive Cars),Retail,ACC-00083,Hubballi,Karnataka,sriganeshretail.co.in,29ZPGFS7638X1Z7,,,Named,10,USR-208,2022-06-05 14:18:37
ACC-00087,Horizon Staff Transport Services LLP,Employee Transport Services,Transportation Services,,Tumakuru,Karnataka,horizonstafftransports.com,29ZGWFH5045S1Z6,,,Key,107,USR-197,2024-03-15 19:06:37
ACC-00088,Horizon Staff Transport Services LLP - Udupi Branch,Employee Transport Services,Transportation Services,ACC-00087,Udupi,Karnataka,horizonstafftransports.com,29ZGWFH5045S1Z6,,,Key,16,USR-197,2025-03-20 00:00:09
ACC-00089,Horizon Staff Transport Services LLP - Udupi Branch,Employee Transport Services,Transportation Services,ACC-00087,Udupi,Karnataka,horizonstafftransports.com,29ZGWFH5045S1Z6,,,Key,16,USR-200,2024-05-11 19:50:37
ACC-00090,Horizon Corporate Mobility Pvt Ltd,Employee Transport Services,Transportation Services,ACC-00087,Bengaluru,Karnataka,horizoncorporatemobili.in,,,,Key,60,USR-197,2024-09-19 13:06:09
ACC-00091,Horizon Staff Transport Services LLP - Hubballi Branch,Employee Transport Services,Transportation Services,ACC-00087,Hubballi,Karnataka,horizonstafftransports.com,29ZGWFH5045S1Z6,,,Key,12,USR-200,2026-06-06 21:00:58
ACC-00092,Horizon Staff Transport Services LLP - Davanagere Branch,Employee Transport Services,Transportation Services,ACC-00087,Davanagere,Karnataka,horizonstafftransports.com,29ZGWFH5045S1Z6,,,,14,USR-215,2024-07-31 14:56:13
ACC-00093,Horizon Commute Solutions Pvt Ltd,Employee Transport Services,Transportation Services,ACC-00087,Udupi,Karnataka,horizoncommutesolution.com,,,,Key,157,USR-198,2026-07-08 21:44:04
ACC-00094,Chandra Finance Pvt Ltd,Corporate (Staff & Executive Cars),Banking & Financial Services,,Bengaluru,Karnataka,chandrafinance.in,29IHVCC0328J1ZN,351419330,,Key,15,USR-197,2019-01-31 20:02:42
ACC-00095,Chandra Finance Pvt Ltd - Mangaluru Branch,Corporate (Staff & Executive Cars),Banking & Financial Services,ACC-00094,Mangalore,Karnataka,chandrafinance.in,29IHVCC0328J1ZN,,,Key,2,USR-198,2019-12-13 03:05:45
ACC-00096,Chandra Software Solutions Pvt Ltd,Corporate (Staff & Executive Cars),Information Technology,ACC-00094,Mangaluru,Karnataka,chandrafinance.in,29IBTCC7334V1Z1,,,Key,16,USR-197,2021-07-11 20:09:11
ACC-00097,Chandra Pharmaceuticals LLP,Corporate (Staff & Executive Cars),Pharmaceuticals,ACC-00094,Bengaluru,Karnataka,chandrapharmaceuticals.com,29UHRFC1334A1ZS,,,Key,12,USR-198,2019-11-26 04:40:55
ACC-00098,Chandra Finance Pvt Ltd - Udupi Branch,Corporate (Staff & Executive Cars),Banking & Financial Services,ACC-00094,Udupi,Karnataka,chandrafinance.in,29IHVCC0328J1ZN,472759768,351419330,Key,2,USR-198,2019-05-26 23:50:53
ACC-00099,Chandra Finance Pvt Ltd - Mysuru Branch,Corporate (Staff & Executive Cars),Banking & Financial Services,ACC-00094,Mysuru,Karnataka,chandrafinance.in,29IHVCC0328J1ZN,891470559,351419330,,3,USR-202,2020-02-07 12:21:08
ACC-00100,Chandra Finance Pvt Ltd - Mysuru Branch,Corporate (Staff & Executive Cars),Banking & Financial Services,ACC-00094,Mysuru,Karnataka,chandrafinance.in,,475968957,351419330,Key,2,USR-197,2019-12-13 00:40:13
ACC-00101,Pinnacle Car Hire Pvt Ltd,Car Rental & Self-Drive,Automotive Rental,,Mangaluru,Karnataka,pinnaclecarhire.co.in,29ZMZCP5782V1Z6,304057207,,Named,78,USR-205,2021-08-11 22:22:22
ACC-00102,Pinnacle Car Hire Pvt Ltd - Mysuru Branch,Car Rental & Self-Drive,Automotive Rental,,Mysuru,Karnataka,pinnaclecarhire.co.in,29ZMZCP5782V1Z6,,,Named,10,USR-214,2023-02-01 03:40:42
ACC-00103,Pinnacle Car Hire Pvt Ltd - Udupi Branch,Car Rental & Self-Drive,Automotive Rental,ACC-00101,Udupi,Karnataka,pinnaclecarhire.co.in,29ZMZCP5782V1Z6,365396061,304057207,Named,24,USR-201,2021-11-01 03:07:49
ACC-00104,Pinnacle Car Hire Pvt Ltd - Hubballi Branch,Car Rental & Self-Drive,Automotive Rental,ACC-00101,Hubballi,Karnataka,pinnaclecarhire.co.in,29ZMZCP5782V1Z6,334578170,304057207,,26,USR-206,2023-04-10 16:14:07
ACC-00105,Pinnacle Self Drive Cars Pvt Ltd,Car Rental & Self-Drive,Automotive Rental,ACC-00101,Bengaluru,Karnataka,pinnaclecarhire.co.in,29ESZCP7639L1ZZ,908436945,304057207,,99,USR-202,2023-02-04 04:11:27
ACC-00106,Pinnacle Car Rentals Pvt Ltd,Car Rental & Self-Drive,Automotive Rental,ACC-00101,Bengaluru,Karnataka,pinnaclecarhire.co.in,29JTKCP3077E1ZU,631952466,304057207,Named,51,USR-209,2023-11-28 17:05:34
ACC-00107,Pinnacle Car Hire Pvt Ltd - Bengaluru Branch,Car Rental & Self-Drive,Automotive Rental,ACC-00101,Bengaluru,Karnataka,pinnaclecarhire.co.in,29ZMZCP5782V1Z6,,,Named,21,USR-208,2023-04-02 16:15:54
ACC-00108,Silicon Developers Pvt Ltd,Corporate (Staff & Executive Cars),Real Estate,,Bengaluru,Karnataka,silicondevelopers.com,,329094382,,Key,42,USR-200,2023-12-21 17:49:58
ACC-00109,Silicon Developers Pvt Ltd - Shivamogga Branch,Corporate (Staff & Executive Cars),Construction & Real Estate,ACC-00490,Shivamogga,Karnataka,silicondevelopers.com,,360865647,329094382,Key,10,USR-200,2024-12-23 10:29:05
ACC-00110,Silicon Developers Pvt Ltd - Davanagere Branch,Corporate (Staff & Executive Cars),Construction & Real Estate,ACC-00108,Davanagere,Karnataka,silicondevelopers.com,29VBMCS3688O1ZK,739869348,329094382,Key,14,USR-198,2026-05-10 08:08:37
ACC-00111,Silicon Healthcare Products Pvt Ltd,Corporate (Staff & Executive Cars),Pharmaceuticals,,Bengaluru,Karnataka,siliconhealthcareprodu.com,29ADSCS7515A1ZY,556909297,329094382,Key,10,USR-198,2025-09-19 06:43:16
ACC-00112,Chamundi Technologies Pvt Ltd,Corporate (Staff & Executive Cars),Information Technology,,Belagavi,Karnataka,chamunditechnologies.com,29TQMCC4202A1ZO,545340627,,Key,15,USR-199,2025-04-16 11:45:16
ACC-00113,Chamundi Technologies Pvt Ltd - Hubballi Branch,Corporate (Staff & Executive Cars),Information Technology,ACC-00112,Hubballi,Karnataka,chamunditechnologies.com,29TQMCC4202A1ZO,363080388,545340627,Key,5,USR-200,2026-09-22 00:00:00
ACC-00114,Chamundi Technologies Pvt Ltd - Shivamogga Branch,Corporate (Staff & Executive Cars),Information Technology,ACC-00247,Shivamogga,Karnataka,chamunditechnologies.com,,135571256,545340627,Key,4,USR-198,2026-02-08 03:02:14
ACC-00115,Chamundi Polymers Pvt Ltd,Corporate (Staff & Executive Cars),Manufacturing,ACC-00112,Bengaluru,Karnataka,chamundipolymers.in,29MCICC7865N1ZA,,,,18,USR-209,2026-09-22 00:00:00
ACC-00116,Chamundi Technologies Pvt Ltd - Bengaluru Branch,Corporate (Staff & Executive Cars),Information Technology,ACC-00112,Bengaluru,Karnataka,chamunditechnologies.com,29TQMCC4202A1ZO,191072781,545340627,Key,3,USR-197,2025-07-23 23:54:51
ACC-00117,Chamundi Traders Pvt Ltd,Corporate (Staff & Executive Cars),Retail,ACC-00112,Bengaluru,Karnataka,chamunditechnologies.com,29TCHCC2627K1ZS,987426767,545340627,Key,6,USR-200,2026-07-22 06:15:48
ACC-00118,Chamundi Technologies Pvt Ltd - Hubballi Branch,Corporate (Staff & Executive Cars),Information Technology,ACC-00112,Hubballi,Karnataka,chamunditechnologies.com,29TQMCC4202A1ZO,289460413,545340627,Key,2,USR-200,2026-09-22 00:00:00
ACC-00119,Tulasi Self Drive Cars Pvt Ltd,Car Rental & Self-Drive,Rental,,Hubballi,Karnataka,tulasiselfdrivecars.in,29YHACT7237A1ZG,370746122,,Named,605,USR-209,2023-04-21 21:27:04
ACC-00120,Tulasi Rent-a-Car LLP,Car Rental & Self-Drive,,ACC-00119,Bengaluru,Karnataka,tulasiselfdrivecars.in,29HUXFT4888A1Z2,361494380,370746122,,99,USR-214,2023-07-09 20:45:41
ACC-00121,Tulasi Self Drive Cars,Car Rental & Self-Drive,Automotive Rental,,Bengaluru,Karnataka,tulasiselfdrivecars.in,29GBJPT3498N1ZC,878388101,370746122,Named,54,USR-208,2025-07-01 00:07:20
ACC-00122,Akshaya Staff Transport Services Pvt Ltd,Employee Transport Services,Transportation Services,,Bengaluru,Karnataka,akshayastafftransports.in,29LDOCA0086C1Z9,,,Key,318,USR-198,2024-10-22 22:53:20
ACC-00123,Akshaya Staff Transport Services Pvt Ltd - Mangaluru Branch,Employee Transport Services,Transportation Services,ACC-00122,Mangaluru,Karnataka,akshayastafftransports.in,29LDOCA0086C1Z9,,,Key,60,USR-199,2025-01-23 11:22:16
ACC-00124,Akshaya Commute Solutions Pvt Ltd,Employee Transport Services,Transportation Services,ACC-00122,Bengaluru,Karnataka,akshayacommutesolution.com,29EKOCA6118P1Z9,,,,185,USR-208,2026-04-23 18:26:33
ACC-00125,Unity Fleet Leasing Pvt Ltd,Leasing & Subscription,Banking & Financial Services,,Tumakuru,Karnataka,unityfleetleasing.com,29YMKCU1969N1Z0,979042484,,Key,5885,USR-198,2020-11-29 04:48:05
ACC-00126,Unity Car Subscription Services Pvt Ltd,Leasing & Subscription,Banking & Financial Services,ACC-00125,Hubballi,Karnataka,unitycarsubscriptionse.in,29VCDCU9002Y1ZL,,,Key,569,USR-198,2021-02-25 19:34:36
ACC-00127,Unity Auto Leasing Pvt Ltd,Leasing & Subscription,Banking & Financial Services,,Mysuru,Karnataka,unityfleetleasing.com,29IEYCU0592P1ZM,,,Key,639,USR-197,2022-12-19 17:34:21
ACC-00128,Unity Fleet Leasing Pvt Ltd - Davanagere Branch,Leasing & Subscription,Banking & Financial Services,,Davangere,Karnataka,unityfleetleasing.com,29YMKCU1969N1Z0,533845435,979042484,Key,1297,USR-198,2021-05-17 17:43:49
ACC-00129,Unity Fleet Leasing Pvt Ltd - Mangaluru Branch,Leasing & Subscription,Banking & Financial Services,ACC-00125,Mangaluru,Karnataka,unityfleetleasing.com,,356922997,979042484,Key,1556,USR-199,2022-05-20 09:23:15
ACC-00130,Galaxy Retail Pvt Ltd,Corporate (Staff & Executive Cars),Retail,,Belagavi,Karnataka,galaxyretail.co.in,,844696766,,Key,113,USR-200,2020-08-30 21:03:28
ACC-00131,Galaxy Retail Pvt Ltd - Davanagere Branch,Corporate (Staff & Executive Cars),Retail,ACC-00130,Davanagere,Karnataka,galaxyretail.co.in,29NORCG3310C1ZM,,,,24,USR-201,2022-02-26 08:42:32
ACC-00132,Galaxy Retail Pvt Ltd - Hubballi Branch,Corporate (Staff & Executive Cars),Retail,ACC-00130,Hubballi,Karnataka,galaxyretail.co.in,29NORCG3310C1ZM,145341764,844696766,Key,15,USR-198,2021-12-26 01:30:51
ACC-00133,Galaxy Retail Pvt Ltd - Udupi Branch,Corporate (Staff & Executive Cars),Retail,ACC-00130,Udupi,Karnataka,galaxyretail.co.in,29NORCG3310C1ZM,,,Key,14,USR-198,2022-12-30 06:46:37
ACC-00134,Pragati Rent-a-Car,Car Rental & Self-Drive,Automotive Rental,,Tumakuru,Karnataka,pragatirentacar.in,29EKFPP0509Z1Z1,,,Named,105,USR-212,2019-09-13 03:28:10
ACC-00135,Pragati Rent-a-Car Pvt Ltd,Car Rental & Self-Drive,Automotive Rental,ACC-00134,Mysuru,Karnataka,pragatirentacar.com,29UYMCP8291S1Z4,,,,30,USR-211,2020-04-14 08:37:25
ACC-00136,Pragati Self Drive Cars LLP,Car Rental & Self-Drive,Automotive Rental,ACC-00134,Bengaluru,Karnataka,pragatirentacar.in,29KGCFP7021G1ZQ,,,Named,16,USR-211,2021-01-18 08:18:05
ACC-00137,Pragati Rent-a-Car - Hubballi Branch,Car Rental & Self-Drive,Automotive Rental,ACC-00134,Hubballi,Karnataka,pragatirentacar.in,29EKFPP0509Z1Z1,,,Named,25,USR-209,2021-02-01 10:31:52
ACC-00138,Pragati Car Rentals Pvt Ltd,Car Rental & Self-Drive,Car Rental,ACC-00134,Davanagere,Karnataka,pragaticarrentals.co.in,29XYVCP2549Q1Z7,,,Named,10,USR-208,2021-04-09 21:40:31
ACC-00139,Pragati Car Hire,Car Rental & Self-Drive,Automotive Rental,,Bengaluru,Karnataka,pragatirentacar.in,29IAUPP5097I1ZG,,,Named,72,USR-202,2019-10-27 11:37:04
ACC-00140,Pragati Rent-a-Car - Belagavi Branch,Car Rental & Self-Drive,Automotive Rental,ACC-00134,Belagavi,Karnataka,pragatirentacar.in,29EKFPP0509Z1Z1,,,Named,36,USR-206,2021-01-14 02:36:23
ACC-00141,Surya Cabs,Cab Fleet Operator,Transportation Services,,Bengaluru,Karnataka,suryacabs.co.in,29YOSPS9924A1ZN,834257418,,Named,74,USR-216,2020-12-21 18:14:26
ACC-00142,Surya Travels,Cab Fleet Operator,Travels,ACC-00141,Bengaluru,Karnataka,suryacabs.co.in,29MBSPS0999L1Z2,,,Named,44,USR-208,2022-09-02 21:21:58
ACC-00143,Surya Cabs - Shivamogga Branch,Cab Fleet Operator,Transportation Services,ACC-00141,Shivamogga,Karnataka,suryacabs.co.in,29YOSPS9924A1ZN,,,Named,19,USR-206,2023-01-10 01:17:56
ACC-00144,Surya Tours & Travels Pvt Ltd,Cab Fleet Operator,Transport,ACC-00141,Bengaluru,Karnataka,suryacabs.co.in,29FPLCS8670I1ZK,,,Named,17,USR-216,2021-05-07 03:38:46
ACC-00145,Surya Taxi Services Pvt Ltd,Cab Fleet Operator,Transportation Services,ACC-00141,Davanagere,Karnataka,suryacabs.co.in,,948254156,834257418,Named,35,USR-202,2023-03-08 18:48:05
ACC-00146,Surya Cabs - Mysuru Branch,Cab Fleet Operator,Transportation Services,ACC-00141,Mysuru,Karnataka,suryacabs.co.in,29YOSPS9924A1ZN,229741433,834257418,Named,19,USR-210,2022-11-07 06:29:48
ACC-00147,Evergreen Self Drive Cars,Car Rental & Self-Drive,Automotive Rental,,Bengaluru,Karnataka,evergreenselfdrivecars.in,,,,Named,284,USR-209,2025-03-14 17:52:45
ACC-00148,Evergreen Car Hire LLP,Car Rental & Self-Drive,,ACC-00147,Bengaluru,Karnataka,evergreenselfdrivecars.in,29KIIFE0597H1ZD,,,Named,196,USR-211,2025-10-29 09:32:23
ACC-00149,Evergreen Rent-a-Car Pvt Ltd,Car Rental & Self-Drive,Automotive Rental,ACC-00147,Bengaluru,Karnataka,evergreenrentacar.com,29PFGCE8229J1ZH,,,Named,79,USR-202,2026-09-22 00:00:00
ACC-00150,Evergreen Self Drive Cars - Hubballi Branch,Car Rental & Self-Drive,Automotive Rental,ACC-00147,Hubballi,Karnataka,evergreenselfdrivecars.in,29HHFPE3764W1Z7,,,Named,91,USR-214,2026-09-22 00:00:00
ACC-00151,Evergreen Car Rentals,Car Rental & Self-Drive,Car Rental,ACC-00147,Bengaluru,Karnataka,evergreenselfdrivecars.in,29GVKPE7445B1ZF,,,Named,95,USR-216,2026-09-22 00:00:00
ACC-00152,Evergreen Self Drive Cars - Belagavi Branch,Car Rental & Self-Drive,Automotive Rental,ACC-00147,Belagavi,Karnataka,evergreenselfdrivecars.in,29HHFPE3764W1Z7,,,Named,88,USR-211,2025-07-14 21:57:20
ACC-00153,Evergreen Self Drive Cars - Hubballi Branch,Car Rental & Self-Drive,Automotive Rental,ACC-00147,Hubballi,Karnataka,evergreenselfdrivecars.in,29HHFPE3764W1Z7,,,,86,USR-209,2026-03-22 14:21:18
ACC-00154,Pinnacle Corporate Mobility Pvt Ltd,Employee Transport Services,Transport,,Bengaluru,Karnataka,pinnaclecorporatemobil.com,,,,Named,175,USR-209,2021-05-07 05:51:47
ACC-00155,Pinnacle Corporate Mobility Pvt Ltd - Mysuru Branch,Employee Transport Services,Transportation Services,ACC-00154,Mysuru,Karnataka,pinnaclecorporatemobil.com,,,,Named,30,USR-206,2023-06-18 22:05:21
ACC-00156,Pinnacle Staff Transport Services Pvt Ltd,Employee Transport Services,Transportation Services,ACC-00154,Shivamogga,Karnataka,pinnaclestafftransport.com,29NKJCP0605W1ZO,,,Named,267,USR-215,2021-12-30 23:42:03
ACC-00157,Pinnacle Corporate Mobility Pvt Ltd - Udupi Branch,Employee Transport Services,Transportation Services,ACC-00154,Udupi,Karnataka,pinnaclecorporatemobil.com,29IPFCP5009D1ZI,,,Named,56,USR-206,2023-05-20 08:19:36
ACC-00158,Pinnacle Corporate Mobility Pvt Ltd - Belagavi Branch,Employee Transport Services,,,Belagavi,Karnataka,pinnaclecorporatemobil.com,29IPFCP5009D1ZI,,,Named,53,USR-213,2022-09-12 17:29:00
ACC-00159,Airavata Life Sciences LLP,Corporate (Staff & Executive Cars),Pharmaceuticals,,Bengaluru,Karnataka,airavatalifesciences.com,,,,Key,21,USR-197,2024-02-21 05:07:53
ACC-00160,Airavata Life Sciences LLP - Davanagere Branch,Corporate (Staff & Executive Cars),Pharmaceuticals,ACC-00159,Davanagere,Karnataka,airavatalifesciences.com,29HGVFA1394A1ZT,,,Key,6,USR-198,2024-04-01 18:38:00
ACC-00161,Airavata Life Sciences LLP - Davanagere Branch,Corporate (Staff & Executive Cars),Pharmaceuticals,ACC-00159,Davanagere,Karnataka,airavatalifesciences.com,29HGVFA1394A1ZT,,,Key,6,USR-197,2025-03-14 05:03:33
ACC-00162,Airavata Life Sciences LLP - Davanagere Branch,Corporate (Staff & Executive Cars),Pharmaceuticals,ACC-00159,Davanagere,Karnataka,airavatalifesciences.com,29HGVFA1394A1ZT,,,Key,2,USR-197,2024-07-19 02:39:42
ACC-00163,Airavata Life Sciences LLP - Udupi Branch,Corporate (Staff & Executive Cars),Pharmaceuticals,ACC-00159,udupi,Karnataka,airavatalifesciences.com,29HGVFA1394A1ZT,,,Key,4,USR-200,2025-07-18 02:24:52
ACC-00164,Airavata Life Sciences LLP - Mangaluru Branch,Corporate (Staff & Executive Cars),Pharmaceuticals,ACC-00159,Mangaluru,Karnataka,airavatalifesciences.com,29HGVFA1394A1ZT,,,Key,5,USR-197,2024-08-27 03:20:02
ACC-00165,Airavata Life Sciences LLP - Shivamogga Branch,Corporate (Staff & Executive Cars),Pharmaceuticals,ACC-00159,Shivamogga,Karnataka,airavatalifesciences.com,29HGVFA1394A1ZT,,,Key,6,USR-200,2026-03-26 20:23:00
ACC-00166,Horizon Traders Pvt Ltd,Corporate (Staff & Executive Cars),Retail,,Hubballi,Karnataka,horizontraders.in,29NVCCH0807O1ZT,893869937,,Named,29,USR-209,2022-09-22 22:35:47
ACC-00167,Horizon Capital Pvt Ltd,Corporate (Staff & Executive Cars),Banking & Financial Services,ACC-00166,Bengaluru,Karnataka,horizoncapital.in,29PYNCH4452C1ZQ,,,Named,20,USR-211,2024-05-12 20:47:37
ACC-00168,Horizon Traders Pvt Ltd - Shivamogga Branch,Corporate (Staff & Executive Cars),Retail,ACC-00166,Shivamogga,Karnataka,horizontraders.in,29NVCCH0807O1ZT,599248900,893869937,Named,8,USR-196,2024-12-02 23:59:12
ACC-00169,Horizon Traders Pvt Ltd - Davanagere Branch,Corporate (Staff & Executive Cars),Retail,ACC-00166,Davangere,Karnataka,horizontraders.in,29NVCCH0807O1ZT,298478881,893869937,Named,4,USR-205,2023-06-05 22:00:53
ACC-00170,Horizon Pharmaceuticals Pvt Ltd,Corporate (Staff & Executive Cars),Pharmaceuticals,ACC-00166,Shivamogga,Karnataka,horizonpharmaceuticals.co.in,29LKOCH8358S1ZB,167625466,893869937,,7,USR-213,2023-04-29 09:54:09
ACC-00171,Elite Supermarts Pvt Ltd,Corporate (Staff & Executive Cars),Retail,,Bengaluru,Karnataka,elitesupermarts.co.in,29LPPCE1190H1Z6,320288538,,Key,77,USR-198,2020-04-21 07:46:36
ACC-00172,Elite Infotech Pvt Ltd,Corporate (Staff & Executive Cars),Information Technology,ACC-00171,Bengaluru,Karnataka,elitesupermarts.co.in,29NHTCE5967G1Z2,491143757,320288538,Key,23,USR-198,2022-06-20 01:01:36
ACC-00173,Elite Infra Projects Pvt Ltd,Corporate (Staff & Executive Cars),Construction & Real Estate,ACC-00171,Mangaluru,Karnataka,elitesupermarts.co.in,29FNTCE1293F1ZC,678850788,320288538,,27,USR-204,2022-08-30 22:08:41
ACC-00174,Sahyadri Finance Pvt Ltd,Corporate (Staff & Executive Cars),Banking & Financial Services,,Bengaluru,Karnataka,sahyadrifinance.co.in,29TGTCS2094J1ZP,629039735,,Key,79,USR-200,2021-10-25 18:40:44
ACC-00175,Sahyadri Finance Pvt Ltd - Belagavi Branch,Corporate (Staff & Executive Cars),Banking & Financial Services,ACC-00174,Belagavi,Karnataka,sahyadrifinance.co.in,29TGTCS2094J1ZP,,,Key,24,USR-200,2022-10-21 13:59:52
ACC-00176,Sahyadri Constructions Pvt Ltd,Corporate (Staff & Executive Cars),Construction & Real Estate,ACC-00174,Bengaluru,Karnataka,sahyadrifinance.co.in,29LRNCS2146I1ZP,686215651,629039735,Key,10,USR-197,2024-02-20 04:22:30
ACC-00177,Sahyadri Finance Pvt Ltd - Davanagere Branch,Corporate (Staff & Executive Cars),Banking & Financial Services,ACC-00174,Davanagere,Karnataka,sahyadrifinance.co.in,29TGTCS2094J1ZP,929962106,629039735,Key,20,USR-200,2024-02-12 11:55:42
ACC-00178,Sahyadri Finance Pvt Ltd - Mysuru Branch,Corporate (Staff & Executive Cars),Banking & Financial Services,ACC-00174,Mysuru,Karnataka,sahyadrifinance.co.in,29TGTCS2094J1ZP,245682424,629039735,Key,16,USR-200,2022-06-01 09:20:26
ACC-00179,Sahyadri Finance Pvt Ltd - Mangaluru Branch,Corporate (Staff & Executive Cars),Banking & Financial Services,ACC-00174,Mangaluru,Karnataka,sahyadrifinance.co.in,,396167382,629039735,Key,19,USR-198,2022-02-14 04:20:42
ACC-00180,Malnad Diagnostics,Hospitals & Education,Healthcare,,Mysuru,Karnataka,malnaddiagnostics.co.in,,977050802,,Named,39,USR-211,2023-01-08 06:55:30
ACC-00181,Malnad Diagnostics - Belagavi Branch,Hospitals & Education,Healthcare,ACC-00026,Belagavi,Karnataka,malnaddiagnostics.co.in,29OZTTM0884K1ZU,971116057,977050802,Named,14,USR-207,2025-04-27 11:17:09
ACC-00182,Malnad Medical Trust,Hospitals & Education,Healthcare,ACC-00180,Bengaluru,Karnataka,malnaddiagnostics.co.in,29DDRTM1181L1ZT,350088595,977050802,,7,USR-211,2023-03-29 09:38:06
ACC-00183,Heritage Hotels & Resorts Pvt Ltd,Hotels & Travel,Hospitality,,Bengaluru,Karnataka,heritagehotelsresorts.co.in,29GRKCH5881M1ZK,428666232,,Named,12,USR-209,2022-11-07 22:09:07
ACC-00184,Heritage Resorts LLP,Hotels & Travel,Hospitality,ACC-00183,Bengaluru,Karnataka,heritagehotelsresorts.co.in,29IXGFH6565A1ZU,697549307,428666232,,2,USR-209,2025-01-13 04:22:28
ACC-00185,Heritage Hotels & Resorts Pvt Ltd - Mangaluru Branch,Hotels & Travel,Hotel & Resorts,ACC-00183,Mangaluru,Karnataka,heritagehotelsresorts.co.in,29GRKCH5881M1ZK,,,,4,USR-202,2023-12-06 19:46:56
ACC-00186,Heritage Hotels & Resorts,Hotels & Travel,Hospitality,ACC-00183,Bengaluru,Karnataka,heritagehotelsresorts.in,29FIRPH1570N1ZH,110628179,428666232,Named,6,USR-201,2023-04-20 12:51:28
ACC-00187,Heritage Hotels & Resorts Pvt Ltd - Mangaluru Branch,Hotels & Travel,Hospitality,ACC-00183,Mangaluru,Karnataka,heritagehotelsresorts.co.in,29GRKCH5881M1ZK,388409396,428666232,Named,2,USR-203,2023-07-19 15:27:13
ACC-00188,Heritage Holidays,Hotels & Travel,Hospitality,ACC-00183,Bengaluru,Karnataka,heritageholidays.in,29KVFPH6539R1ZF,739000846,428666232,Named,37,USR-202,2024-01-20 01:39:29
ACC-00189,Heritage Hospitality Services Pvt Ltd,Hotels & Travel,Hospitality,ACC-00183,Mysuru,Karnataka,heritagehospitalityser.com,29PUYCH8218D1ZH,378589156,428666232,Named,18,USR-209,2023-03-04 11:54:47
ACC-00190,Crescent Fleet Services LLP,Cab Fleet Operator,Transportation,,Hubballi,Karnataka,crescentfleetservices.com,29GBCFC3966U1ZA,782342009,,Key,37,USR-197,2023-11-26 11:56:06
ACC-00191,Crescent Cabs,Cab Fleet Operator,Transportation Services,ACC-00190,Bengaluru,Karnataka,crescentfleetservices.com,29WSUPC9481G1ZF,,,Key,42,USR-200,2024-09-06 08:26:12
ACC-00192,Crescent Fleet Services LLP - Bengaluru Branch,Cab Fleet Operator,Transportation Services,ACC-00190,Bengaluru,Karnataka,crescentfleetservices.com,29GBCFC3966U1ZA,864786560,782342009,Key,7,USR-198,2025-02-11 02:07:12
ACC-00193,Crescent Fleet Services LLP - Tumakuru Branch,Cab Fleet Operator,Transportation Services,ACC-00190,Tumkur,Karnataka,crescentfleetservices.com,29GBCFC3966U1ZA,444450123,782342009,Key,11,USR-198,2025-06-02 14:24:04
ACC-00194,Crescent Travels,Cab Fleet Operator,Transportation Services,ACC-00190,Bengaluru,Karnataka,crescenttravels.co.in,,,,Key,17,USR-197,2026-05-01 18:20:49
ACC-00195,Crescent Fleet Services LLP - Mangaluru Branch,Cab Fleet Operator,Transportation Services,ACC-00190,Mangaluru,Karnataka,crescentfleetservices.com,29GBCFC3966U1ZA,,,Key,12,USR-196,2026-04-23 02:22:38
ACC-00196,Vega Commute Solutions Pvt Ltd,Employee Transport Services,Transportation Services,,Bengaluru,Karnataka,vegacommutesolutions.com,29VFNCV2698F1ZR,,,Key,470,USR-198,2019-10-18 19:19:56
ACC-00197,Vega Commute Solutions Pvt Ltd - Udupi Branch,Employee Transport Services,Transportation Services,ACC-00196,Udupi,Karnataka,vegacommutesolutions.com,,,,Key,68,USR-198,2020-10-08 02:49:13
ACC-00198,Vega Commute Solutions Pvt Ltd - Belagavi Branch,Employee Transport Services,Transportation Services,ACC-00196,Belagavi,Karnataka,vegacommutesolutions.com,29VFNCV2698F1ZR,,,,160,USR-216,2020-12-11 23:08:26
ACC-00199,Vega Employee Transport Solutions Pvt Ltd,Employee Transport Services,Transportation Services,ACC-00196,Mysuru,Karnataka,vegaemployeetransports.co.in,29CPUCV2672G1ZQ,,,Key,626,USR-198,2021-08-08 07:15:05
ACC-00200,Vega Commute Solutions Pvt Ltd - Hubballi Branch,Employee Transport Services,Transportation Services,ACC-00196,Hubballi,Karnataka,vegacommutesolutions.com,29VFNCV2698F1ZR,,,Key,71,USR-199,2021-09-09 20:01:49
ACC-00201,Samruddhi Industries LLP,Corporate (Staff & Executive Cars),Manufacturing,,Bengaluru,Karnataka,samruddhiindustries.co.in,,,,Key,38,USR-200,2025-04-20 06:48:32
ACC-00202,Samruddhi Software Solutions Pvt Ltd,Corporate (Staff & Executive Cars),Information Technology,ACC-00201,Bengaluru,Karnataka,samruddhisoftwaresolut.co.in,29QAYCS2813H1ZD,,,Key,14,USR-197,2026-09-22 00:00:00
ACC-00203,Samruddhi Technologies Pvt Ltd,Corporate (Staff & Executive Cars),Information Technology,ACC-00201,Bengaluru,Karnataka,samruddhiindustries.co.in,29HQECS9185I1ZJ,,,Key,28,USR-200,2026-06-16 21:55:49
ACC-00204,Samruddhi Industries LLP - Mangaluru Branch,Corporate (Staff & Executive Cars),Manufacturing,ACC-00201,Mangalore,Karnataka,samruddhiindustries.co.in,29XBGFS0835I1ZB,,,,10,USR-208,2025-11-04 04:48:22
ACC-00205,Skyline Technologies Pvt Ltd,Corporate (Staff & Executive Cars),Information Technology,,Mangaluru,Karnataka,skylinetechnologies.com,,996414178,,Key,38,USR-199,2023-11-26 15:40:18
ACC-00206,Skyline Retail Pvt Ltd,Corporate (Staff & Executive Cars),Retail,ACC-00205,Bengaluru,Karnataka,skylinetechnologies.com,29EPHCS3538U12C,211408597,996414178,Key,11,USR-200,2025-12-15 03:35:56
ACC-00207,Skyline Technologies Pvt Ltd - Tumakuru Branch,Corporate (Staff & Executive Cars),Information Technology,ACC-00205,Tumakuru,Karnataka,skylinetechnologies.com,29TOBCS0712U1ZJ,,,Key,13,USR-198,2026-03-02 14:17:59
ACC-00208,Vijaya Builders Pvt Ltd,Corporate (Staff & Executive Cars),Construction & Real Estate,,Udupi,Karnataka,vijayabuilders.co.in,29PRRCV1739S1ZP,428210460,,Key,57,USR-200,2023-03-04 08:05:30
ACC-00209,Vijaya Digital Systems Pvt Ltd,Corporate (Staff & Executive Cars),Information Technology,ACC-00208,Bengaluru,Karnataka,vijayabuilders.co.in,29ABZCV0805Y1ZS,754309814,428210460,Key,26,USR-200,2024-06-17 15:08:28
ACC-00210,Vijaya Builders Pvt Ltd - Mangaluru Branch,Corporate (Staff & Executive Cars),Construction & Real Estate,ACC-00208,Mangaluru,Karnataka,vijayabuilders.co.in,,729929952,428210460,Key,15,USR-198,2023-04-26 16:50:25
ACC-00211,Vijaya Builders Pvt Ltd - Belagavi Branch,Corporate (Staff & Executive Cars),Construction & Real Estate,ACC-00208,Belagavi,Karnataka,vijayabuilders.co.in,29PRRCV1739S1ZP,,,,17,USR-202,2023-06-24 04:53:06
ACC-00212,Vijaya Developers Pvt Ltd,Corporate (Staff & Executive Cars),Construction & Real Estate,ACC-00208,Bengaluru,Karnataka,vijayadevelopers.com,29FCZCV0953Q1ZS,416532151,428210460,Key,32,USR-200,2024-10-19 07:24:34
ACC-00213,Vijaya Builders Pvt Ltd - Belagavi Branch,Corporate (Staff & Executive Cars),Construction & Real Estate,ACC-00208,Belagavi,Karnataka,vijayabuilders.co.in,29PRRCV1739S1ZP,111694013,428210460,Key,10,USR-200,2025-01-13 00:16:37
ACC-00214,Suvarna Leasing Ltd,Leasing & Subscription,Banking & Financial Services,,Hyderabad,Telangana,suvarnaleasingltd.co.in,36HQICS4835E1Z6,495415055,,Key,6490,USR-197,2020-03-23 11:37:06
ACC-00215,Suvarna Leasing Pvt Ltd,Leasing & Subscription,Banking & Financial Services,ACC-00214,Bengaluru,Karnataka,suvarnaleasingltd.co.in,29JRXCS9461O1ZP,366711469,495415055,Key,259,USR-200,2020-08-15 19:11:08
ACC-00216,Suvarna Fleet Leasing Pvt Ltd,Leasing & Subscription,Banking & Financial Services,ACC-00214,Bengaluru,Karnataka,suvarnafleetleasing.in,29ZKHCS9484M1Z0,346490944,495415055,Key,522,USR-198,2022-03-21 03:25:59
ACC-00217,Suvarna Leasing Ltd - Davanagere Branch,Leasing & Subscription,Banking & Financial Services,ACC-00214,Davanagere,Karnataka,suvarnaleasingltd.co.in,29HQICS4835E1Z1,856115133,495415055,Key,1778,USR-197,2020-05-29 20:56:20
ACC-00218,Suvarna Leasing Ltd - Mangaluru Branch,Leasing & Subscription,Banking & Financial Services,ACC-00214,Mangalore,Karnataka,suvarnaleasingltd.co.in,29HQICS4835E1Z1,944455447,495415055,,1888,USR-215,2020-11-06 21:54:59
ACC-00219,Urbanline Infra Projects Ltd,Corporate (Staff & Executive Cars),Construction & Real Estate,,Bangalore,Karnataka,urbanlineinfraprojects.in,29MDICU9541C1ZK,192262646,,Key,29,USR-200,2020-02-26 16:22:17
ACC-00220,Urbanline Software Solutions Pvt Ltd,Corporate (Staff & Executive Cars),Information Technology,ACC-00219,Bengaluru,Karnataka,urbanlineinfraprojects.in,29CMJCU6201S1ZU,,,Key,35,USR-200,2020-09-09 14:45:16
ACC-00221,Urbanline Infra Projects Ltd - Tumakuru Branch,Corporate (Staff & Executive Cars),Construction & Real Estate,ACC-00219,Tumakuru,Karnataka,urbanlineinfraprojects.in,29MDICU9541C1ZK,531300350,192262646,,3,USR-202,2022-01-14 15:47:41
ACC-00222,Garden City Tours & Travels Pvt Ltd,Cab Fleet Operator,Transportation Services,,Bengaluru,Karnataka,gardencitytourstravels.in,,,,Named,45,USR-206,2025-01-07 14:38:52
ACC-00223,Garden Travels Pvt Ltd,Cab Fleet Operator,Transportation Services,ACC-00222,Bengaluru,Karnataka,gardentravels.in,29CIACG9725L1ZK,,,Named,32,USR-214,2025-04-03 06:23:40
ACC-00224,Garden City Tours & Travels Pvt Ltd - Mysuru Branch,Cab Fleet Operator,Transportation Services,ACC-00222,Mysuru,Karnataka,gardencitytourstravels.in,29AIBCG1161Y1ZD,,,Named,10,USR-214,2026-09-22 00:00:00
ACC-00225,Garden City Tours & Travels Pvt Ltd - Tumakuru Branch,Cab Fleet Operator,Transport,ACC-00222,Tumakuru,Karnataka,gardencitytourstravels.in,29AIBCG1161Y1ZD,,,Named,5,USR-211,2026-09-22 00:00:00
ACC-00226,Garden City Tours & Travels Pvt Ltd - Mangaluru Branch,Cab Fleet Operator,Transportation Services,ACC-00222,Mangaluru,Karnataka,gardencitytourstravels.in,29AIBCG1161Y1ZD,,,Named,14,USR-208,2025-12-22 15:05:02
ACC-00227,Sharada Finance Pvt Ltd,Corporate (Staff & Executive Cars),Banking & Financial Services,,Mysuru,Karnataka,sharadafinance.co.in,,204489376,,Key,30,USR-197,2019-08-09 22:00:59
ACC-00228,Sharada Finance Pvt Ltd - Bengaluru Branch,Corporate (Staff & Executive Cars),Banking & Financial Services,ACC-00227,Bengaluru,Karnataka,sharadafinance.co.in,29NVUCS1371P1ZT,607808397,204489376,Key,6,USR-198,2020-06-21 02:21:36
ACC-00229,Sharada Finance Pvt Ltd - Shivamogga Branch,Corporate (Staff & Executive Cars),Banking & Financial Services,ACC-00227,Shivamogga,Karnataka,sharadafinance.co.in,29NVUCS1371P1ZT,212960308,204489376,Key,6,USR-200,2021-04-11 04:11:11
ACC-00230,Sharada Engineering Works Pvt Ltd,Corporate (Staff & Executive Cars),Manufacturing,ACC-00227,Bengaluru,Karnataka,sharadaengineeringwork.com,29AXNCS0363W1ZX,869647550,204489376,Key,20,USR-198,2020-06-22 07:03:14
ACC-00231,Sharada Finance Pvt Ltd - Mangaluru Branch,Corporate (Staff & Executive Cars),Banking & Financial Services,ACC-00227,Mangaluru,Karnataka,sharadafinance.co.in,29NVUCS1371P1ZT,,,,5,USR-214,2021-11-13 07:30:16
ACC-00232,Sharada Finance Pvt Ltd - Udupi Branch,Corporate (Staff & Executive Cars),Banking & Financial Services,ACC-00227,Udupi,Karnataka,sharadafinance.co.in,29NVUCS1371P1ZT,,,Key,8,USR-200,2021-01-05 08:40:38
ACC-00233,Sharada Finance Pvt Ltd - Udupi Branch,Corporate (Staff & Executive Cars),Banking,ACC-00227,Udupi,Karnataka,sharadafinance.co.in,29NVUCS1371P1ZT,322454963,204489376,,8,USR-202,2020-09-25 02:01:02
ACC-00234,Sri Lakshmi Education Trust,Hospitals & Education,Education,,Mangaluru,Karnataka,srilakshmieducationtru.co.in,29BLNTS4978X1ZY,432085392,,Named,21,USR-210,2023-02-07 05:52:28
ACC-00235,Sri Lakshmi Education Trust - Tumakuru Branch,Hospitals & Education,Education,ACC-00234,Tumakuru,Karnataka,srilakshmieducationtru.co.in,29BLNTS4978X1ZY,692961532,432085392,Named,3,USR-208,2024-05-22 10:38:34
ACC-00236,Sri Lakshmi Education Trust - Belagavi Branch,Hospitals & Education,Education,ACC-00234,Belagavi,Karnataka,srilakshmieducationtru.co.in,29BLNTS4978X1ZY,,,Named,6,USR-202,2023-11-24 19:41:42
ACC-00237,Sri Lakshmi Education Trust - Davanagere Branch,Hospitals & Education,,ACC-00234,Davanagere,Karnataka,srilakshmieducationtru.co.in,29BLNTS4978X1ZY,417540226,432085392,Named,6,USR-204,2025-03-27 02:42:14
ACC-00238,Evergreen Staff Transport Services Pvt Ltd,Employee Transport Services,Transportation Services,,Udupi,Karnataka,evergreenstafftranspor.co.in,,605746830,,Key,147,USR-200,2025-05-22 19:30:38
ACC-00239,Evergreen Staff Transport Services Pvt Ltd - Belagavi Branch,Employee Transport Services,Travels,ACC-00238,Belagavi,Karnataka,evergreenstafftranspor.co.in,29LGTCE0759D1ZO,,,Key,16,USR-198,2026-02-06 12:32:03
ACC-00240,Evergreen Commute Solutions Pvt Ltd,Employee Transport Services,Transportation Services,ACC-00238,Mangaluru,Karnataka,evergreencommutesoluti.co.in,29ARVCE5592Q1ZA,,,Key,78,USR-198,2026-04-10 17:11:49
ACC-00241,Evergreen Staff Transport Services Pvt Ltd - Bengaluru Branch,Employee Transport Services,Transportation Services,ACC-00238,Bengaluru,Karnataka,evergreenstafftranspor.co.in,29LGTCE0759D1ZO,,,Key,44,USR-197,2026-09-22 00:00:00
ACC-00242,Evergreen Staff Transport Services Pvt Ltd - Davanagere Branch,Employee Transport Services,Transportation Services,ACC-90242,Davanagere,Karnataka,evergreenstafftranspor.co.in,29LGTCE0759D1ZO,776191397,605746830,Key,44,USR-200,2025-06-27 15:44:10
ACC-00243,Horizon Cabs LLP,Cab Fleet Operator,Transportation Services,,Bengaluru,Karnataka,horizoncabs.com,,,,Named,44,USR-204,2024-07-07 19:49:20
ACC-00244,Horizon Cab Services,Cab Fleet Operator,Transportation Services,ACC-00243,Mysuru,Karnataka,horizoncabs.com,29HTUPH2086Q1ZF,,,,8,USR-208,2026-04-12 09:14:05
ACC-00245,Horizon Cabs LLP - Belagavi Branch,Cab Fleet Operator,Transportation Services,ACC-00243,Belagavi,Karnataka,horizoncabs.com,29KRLFH8066V1ZS,,,Named,13,USR-214,2026-01-19 13:08:02
ACC-00246,Horizon Cabs LLP - Belagavi Branch,Cab Fleet Operator,Transportation Services,ACC-00243,Belagavi,Karnataka,horizoncabs.com,29KRLFH8066V1ZS,,,Named,9,USR-202,2026-05-28 13:07:00
ACC-00247,Krishna Employee Transport Solutions Pvt Ltd,Employee Transport Services,Transportation Services,,Mysuru,Karnataka,krishnaemployeetranspo.com,29MHNCK9590P1ZH,,,Named,98,USR-208,2020-02-11 20:59:12
ACC-00248,Krishna Employee Transport Solutions Pvt Ltd - Bengaluru Branch,Employee Transport Services,Transportation Services,ACC-00247,Bengaluru,Karnataka,krishnaemployeetranspo.com,29MHNCK9590P1ZH,,,Named,29,USR-214,2021-08-25 01:52:19
ACC-00249,Krishna Employee Transport Solutions Pvt Ltd - Davanagere Branch,Employee Transport Services,,ACC-00247,Davanagere,Karnataka,krishnaemployeetranspo.com,29MHNCK9590P1ZH,,,Named,19,USR-214,2022-04-07 05:49:11
ACC-00250,Krishna Employee Transport Solutions Pvt Ltd - Udupi Branch,Employee Transport Services,Transportation Services,ACC-90250,Udupi,Karnataka,krishnaemployeetranspo.com,29MHNCK9590P1ZH,,,Named,30,USR-215,2021-03-23 23:56:20
ACC-00251,Krishna Employee Transport Solutions Pvt Ltd - Hubballi Branch,Employee Transport Services,Transportation Services,ACC-00247,Hubballi,Karnataka,krishnaemployeetranspo.com,29MHNCK9590P1ZH,,,Named,21,USR-209,2020-04-24 06:18:40
ACC-00252,Krishna Commute Solutions Pvt Ltd,Employee Transport Services,Transportation Services,ACC-00247,Bengaluru,Karnataka,krishnaemployeetranspo.com,29GHICK8887T1ZE,,,Named,129,USR-202,2021-11-16 08:00:59
ACC-00253,Garuda Finance LLP,Corporate (Staff & Executive Cars),Finance,,Bengaluru,Karnataka,garudafinance.com,,,,Named,81,USR-209,2018-09-28 05:19:32
ACC-00254,Garuda Capital LLP,Corporate (Staff & Executive Cars),Banking & Financial Services,ACC-00253,Bengaluru,Karnataka,garudacapital.com,29HZIFG8121U1ZX,,,Named,32,USR-215,2020-01-18 16:18:47
ACC-00255,Garuda Finance LLP - Tumakuru Branch,Corporate (Staff & Executive Cars),Banking & Financial Services,ACC-00253,Tumakuru,Karnataka,garudafinance.com,29WHIFG1477N1ZS,,,Named,14,USR-209,2020-08-21 02:48:12
ACC-00256,Garuda Finance LLP - Hubballi Branch,Corporate (Staff & Executive Cars),Banking,ACC-00253,Hubballi,Karnataka,garudafinance.com,29WHIFG1477N1ZS,,,Named,13,USR-211,2019-08-04 15:21:40
ACC-00257,Garuda Supermarts Pvt Ltd,Corporate (Staff & Executive Cars),Retail,ACC-00253,Hubballi,Karnataka,garudasupermarts.co.in,29KXXCG8007Z12E,,,Named,48,USR-204,2018-12-31 08:26:00
ACC-00258,Mahalakshmi Fleet Leasing Pvt Ltd,Leasing & Subscription,Banking & Financial Services,,Belagavi,Karnataka,mahalakshmifleetleasin.in,29TWICM9512G1ZF,494484677,,Key,1367,USR-198,2019-09-07 05:55:32
ACC-00259,Mahalakshmi Fleet Leasing Pvt Ltd - Mysuru Branch,Leasing & Subscription,Banking & Financial Services,ACC-00258,Mysuru,Karnataka,mahalakshmifleetleasin.in,29TWICM9512G1ZF,326679637,494484677,Key,186,USR-198,2021-12-29 04:13:39
ACC-00260,Mahalakshmi Fleet Leasing Pvt Ltd - Mysuru Branch,Leasing & Subscription,Banking & Financial Services,,Mysuru,Karnataka,mahalakshmifleetleasin.in,29TWICM9512G1ZF,617142289,494484677,,347,USR-206,2021-04-30 00:11:58
ACC-00261,Mahalakshmi Fleet Leasing Pvt Ltd - Shivamogga Branch,Leasing & Subscription,Banking & Financial Services,ACC-00258,Shivamogga,Karnataka,mahalakshmifleetleasin.in,29TWICM9512G1ZF,755505083,494484677,,246,USR-206,2020-08-20 05:38:04
ACC-00262,Mahalakshmi Car Subscription Services Pvt Ltd,Leasing & Subscription,Banking,ACC-00258,Mysuru,Karnataka,mahalakshmifleetleasin.in,29DEFCM1063T1ZI,968627904,494484677,Key,235,USR-197,2021-10-03 03:26:16
ACC-00263,Mahalakshmi Fleet Leasing Pvt Ltd - Hubballi Branch,Leasing & Subscription,Banking & Financial Services,ACC-00258,Hubballi,Karnataka,mahalakshmifleetleasin.in,29TWICM9512G1ZF,824091404,494484677,Key,319,USR-198,2021-09-21 11:56:35
ACC-00264,Mahalakshmi Fleet Leasing Pvt Ltd - Mangaluru Branch,Leasing & Subscription,Banking & Financial Services,ACC-00258,Mangalore,Karnataka,mahalakshmifleetleasin.in,29TWICM9512G1ZF,146624603,494484677,Key,395,USR-197,2021-09-16 00:31:34
ACC-00265,Aadhya Travels Pvt Ltd,Cab Fleet Operator,Transportation Services,,Bengaluru,Karnataka,aadhyatravels.com,29FWCCA5020E1ZS,922764843,,Key,59,USR-198,2024-04-05 12:34:24
ACC-00266,Aadhya Cabs Pvt Ltd,Cab Fleet Operator,Transportation Services,ACC-00265,Bengaluru,Karnataka,aadhyacabs.in,29IDZCA3799C1ZJ,618239443,922764843,Key,104,USR-197,2026-06-18 20:04:47
ACC-00267,Aadhya Cabs LLP,Cab Fleet Operator,Transportation Services,ACC-00040,Bengaluru,Karnataka,aadhyatravels.com,,253903134,922764843,Key,17,USR-198,2026-03-24 09:50:17
ACC-00268,Aadhya Cab Services Pvt Ltd,Cab Fleet Operator,Transportation Services,ACC-00265,Bengaluru,Karnataka,aadhyatravels.com,29GPQCA0922U1ZT,588289663,922764843,Key,24,USR-200,2025-03-04 07:05:06
ACC-00269,Aadhya Travels Pvt Ltd - Shivamogga Branch,Cab Fleet Operator,Transportation Services,ACC-00819,Shivamogga,Karnataka,aadhyatravels.com,29FWCCA5020E1ZS,895010742,922764843,Key,9,USR-200,2024-05-27 01:56:07
ACC-00270,Aadhya Travels Pvt Ltd - Shivamogga Branch,Cab Fleet Operator,Transportation,ACC-00265,Shivamogga,Karnataka,aadhyatravels.com,,,,Key,16,USR-200,2024-06-27 10:42:04
ACC-00271,Aadhya Travels,Cab Fleet Operator,Transportation Services,ACC-00265,Belgaum,Karnataka,aadhyatravels.com,29TXVPA3813S124,563445748,922764843,Key,42,USR-198,2026-05-30 08:01:01
ACC-00272,Galaxy Car Subscription Services LLP,Leasing & Subscription,Banking & Financial Services,,Hubballi,Karnataka,galaxycarsubscriptions.com,29GOYFG2118X1Z5,,,Key,356,USR-200,2019-08-13 14:10:14
ACC-00273,Galaxy Fleet Leasing Pvt Ltd,Leasing & Subscription,Banking & Financial Services,ACC-00272,BLR,Karnataka,galaxyfleetleasing.com,29FAWCG8047N1ZB,,,Key,1529,USR-200,2021-06-04 02:39:46
ACC-00274,Galaxy Car Subscription Services LLP - Davanagere Branch,Leasing & Subscription,Banking & Financial Services,ACC-00272,Davanagere,Karnataka,galaxycarsubscriptions.com,29GOYFG2118X1Z5,,,Key,43,USR-200,2021-10-14 01:17:35
ACC-00275,Galaxy Leasing Pvt Ltd,Leasing & Subscription,Banking & Financial Services,ACC-00272,Bengaluru,Karnataka,galaxyleasing.com,29IHHCG0126Y1Z7,,,Key,595,USR-198,2020-10-08 17:34:17
ACC-00276,Srinidhi Commute Solutions Pvt Ltd,Employee Transport Services,Transportation Services,,Mysuru,Karnataka,srinidhicommutesolutio.in,29IRYCS3703Y1ZO,549706822,,Named,362,USR-203,2023-05-11 03:30:30
ACC-00277,Srinidhi Employee Transport Solutions Pvt Ltd,Employee Transport Services,Transportation Services,ACC-00276,Mangaluru,Karnataka,srinidhiemployeetransp.co.in,29HYKCS2261J1ZG,572330068,549706822,Named,57,USR-202,2023-08-17 05:33:23
ACC-00278,Srinidhi Commute Solutions Pvt Ltd - Shivamogga Branch,Employee Transport Services,Transport,ACC-00276,Shivamogga,Karnataka,srinidhicommutesolutio.in,29IRYCS3703Y1ZO,392293565,549706822,Named,38,USR-214,2025-02-06 12:46:07
ACC-00279,Srinidhi Staff Transport Services Pvt Ltd,Employee Transport Services,Transportation Services,ACC-00276,Bengaluru,Karnataka,srinidhicommutesolutio.in,29DAHCS2066B1ZE,381149030,549706822,Named,206,USR-204,2024-12-29 08:01:44
ACC-00280,Srinidhi Corporate Mobility Pvt Ltd,Employee Transport Services,Transportation Services,ACC-00276,Bengaluru,Karnataka,srinidhicommutesolutio.in,,820359372,549706822,Named,146,USR-207,2024-12-08 21:15:07
ACC-00281,Srinidhi Mobility Services Pvt Ltd,Employee Transport Services,Transportation Services,,Hubballi,Karnataka,srinidhimobilityservic.com,29AJOCS2860H1ZD,480732110,549706822,Named,39,USR-202,2025-04-08 18:08:36
ACC-00282,Sri Lakshmi Capital Pvt Ltd,Corporate (Staff & Executive Cars),Banking & Financial Services,,Mangaluru,Karnataka,srilakshmicapital.co.in,29BLHCS3571R1ZS,,,Named,32,USR-209,2022-03-20 21:28:37
ACC-00283,Sri Capital Pvt Ltd,Corporate (Staff & Executive Cars),Banking & Financial Services,ACC-00282,Bengaluru,Karnataka,srilakshmicapital.co.in,,,,,34,USR-211,2024-01-17 00:18:01
ACC-00284,Sri Life Sciences Pvt Ltd,Corporate (Staff & Executive Cars),Pharmaceuticals,ACC-00282,Bengaluru,Karnataka,srilifesciences.in,29XRACS3437F1ZT,,,Named,8,USR-205,2023-05-05 13:14:10
ACC-00285,Sri Lakshmi Capital Pvt Ltd - Udupi Branch,Corporate (Staff & Executive Cars),Banking,ACC-00282,Udupi,Karnataka,srilakshmicapital.co.in,29BLHCS3571R1ZS,,,Named,6,USR-204,2023-10-11 09:25:44
ACC-00286,Sri Lakshmi Capital Pvt Ltd - Davanagere Branch,Corporate (Staff & Executive Cars),Banking & Financial Services,ACC-00282,Davanagere,Karnataka,srilakshmicapital.co.in,29BLHCS3571R1ZS,,,Named,6,USR-203,2022-07-25 22:02:34
ACC-00287,Sri Lakshmi Capital Pvt Ltd - Udupi Branch,Corporate (Staff & Executive Cars),Banking & Financial Services,ACC-00282,Udupi,Karnataka,srilakshmicapital.co.in,29BLHCS3571R1ZS,,,Named,7,USR-208,2024-07-26 22:37:49
ACC-00288,Sri Constructions LLP,Corporate (Staff & Executive Cars),Construction & Real Estate,ACC-00282,Udupi,Karnataka,srilakshmicapital.co.in,29BCWFS8304Y1ZF,,,Named,14,USR-216,2024-06-23 14:18:33
ACC-00289,Crescent Infra Projects Pvt Ltd,Corporate (Staff & Executive Cars),Construction & Real Estate,,Bengaluru,Karnataka,crescentinfraprojects.in,29OFLCC1433T1ZB,701644860,,Key,26,USR-200,2019-02-06 07:24:20
ACC-00290,Crescent Infra Projects Pvt Ltd - Tumakuru Branch,Corporate (Staff & Executive Cars),Construction & Real Estate,ACC-00289,Tumakuru,Karnataka,crescentinfraprojects.in,29OFLCC1433T1ZB,832163043,701644860,Key,8,USR-197,2021-04-12 23:33:19
ACC-00291,Crescent Infra Projects Pvt Ltd - Tumakuru Branch,Corporate (Staff & Executive Cars),Construction & Real Estate,ACC-00289,Tumakuru,Karnataka,crescentinfraprojects.in,29OFLCC1433T1ZB,448405009,701644860,Key,5,USR-198,2020-02-07 10:53:36
ACC-00292,Airavata Capital LLP,Corporate (Staff & Executive Cars),Banking & Financial Services,,Bengaluru,Karnataka,airavatacapital.in,29FGNFA7472V1ZP,559149663,,Named,34,USR-214,2019-05-21 00:26:38
ACC-00293,Airavata Capital LLP - Mysuru Branch,Corporate (Staff & Executive Cars),Banking & Financial Services,ACC-00292,Mysuru,Karnataka,airavatacapital.in,29FGNFA7472V1ZP,818484201,559149663,Named,6,USR-216,2020-08-25 11:41:49
ACC-00294,Airavata Capital LLP - Mysuru Branch,Corporate (Staff & Executive Cars),Banking & Financial Services,ACC-00292,Mysuru,Karnataka,airavatacapital.in,29FGNFA7472V1ZP,291809089,559149663,Named,5,USR-216,2019-08-22 13:32:44
ACC-00295,Airavata Capital LLP - Udupi Branch,Corporate (Staff & Executive Cars),Banking & Financial Services,ACC-00292,udupi,Karnataka,airavatacapital.in,,401119570,559149663,Named,11,USR-216,2019-12-19 12:14:47
ACC-00296,Airavata Builders Pvt Ltd,Corporate (Staff & Executive Cars),Construction & Real Estate,,Udupi,Karnataka,airavatacapital.in,29DYRCA1060B1ZH,456370572,559149663,Named,22,USR-209,2021-09-18 14:52:23
ACC-00297,Airavata Capital LLP - Belagavi Branch,Corporate (Staff & Executive Cars),Banking & Financial Services,,Belagavi,Karnataka,airavatacapital.in,29FGNFA7472V1ZP,548170802,559149663,Named,5,USR-215,2020-04-15 01:14:30
ACC-00298,Sterling Hotels & Resorts Pvt Ltd,Hotels & Travel,Hospitality,,Bengaluru,Karnataka,sterlinghotelsresorts.com,,108063035,,Named,15,USR-207,2021-01-29 05:06:05
ACC-00299,Sterling Hotels & Resorts Pvt Ltd - Hubballi Branch,Hotels & Travel,Hospitality,ACC-00298,Hubballi,Karnataka,sterlinghotelsresorts.com,29DZQCS3719C1ZM,,,,5,USR-204,2021-05-01 17:00:48
ACC-00300,Sterling Hotels & Resorts Pvt Ltd - Belagavi Branch,Hotels & Travel,Hospitality,ACC-00298,Belagavi,Karnataka,sterlinghotelsresorts.com,29DZQCS3719C1ZM,701723539,108063035,Named,3,USR-213,2022-03-03 07:08:42
ACC-00301,Sterling Hotels & Resorts Pvt Ltd - Mysuru Branch,Hotels & Travel,Hospitality,ACC-00298,Mysuru,Karnataka,sterlinghotelsresorts.com,29DZQCS3719C1ZM,950548463,108063035,Named,2,USR-211,2022-03-29 11:44:56
ACC-00302,Krishna Tours & Travels Pvt Ltd,Cab Fleet Operator,Transportation,,Bengaluru,Karnataka,krishnatourstravels.com,29GPHCK2637Z1ZA,,,Key,78,USR-198,2022-09-27 11:16:57
ACC-00303,Krishna Tours & Travels Pvt Ltd - Tumakuru Branch,Cab Fleet Operator,Transportation Services,ACC-00302,Tumakuru,Karnataka,krishnatourstravels.com,29GPHCK2637Z1ZA,,,Key,10,USR-198,2024-02-16 11:01:53
ACC-00304,Krishna Tours & Travels Pvt Ltd - Belagavi Branch,Cab Fleet Operator,Transportation Services,ACC-00302,Belagavi,Karnataka,krishnatourstravels.com,29GPHCK2637Z1ZA,,,,14,USR-215,2023-05-08 08:19:08
ACC-00305,Sunrise Auto Leasing Pvt Ltd,Leasing & Subscription,Banking & Financial Services,,Bengaluru,Karnataka,sunriseautoleasing.com,29XUQCS2111O1Z3,579267382,,Key,556,USR-198,2024-11-24 17:31:49
ACC-00306,Sunrise Auto Leasing Pvt Ltd - Davanagere Branch,Leasing & Subscription,Banking & Financial Services,ACC-00305,Davanagere,Karnataka,sunriseautoleasing.com,29XUQCS2111O1Z3,778150506,579267382,,74,USR-209,2026-09-22 00:00:00
ACC-00307,Sunrise Auto Leasing Pvt Ltd - Mangaluru Branch,Leasing & Subscription,Banking & Financial Services,ACC-00305,Mangaluru,Karnataka,sunriseautoleasing.com,29XUQCS2111O1Z3,,,Key,107,USR-200,2025-08-07 18:07:04
ACC-00308,Sunrise Auto Leasing Pvt Ltd - Mangaluru Branch,Leasing & Subscription,BFSI,ACC-00305,Mangaluru,Karnataka,sunriseautoleasing.com,29XUQCS2111O1Z3,,,,118,USR-206,2026-07-29 19:01:55
ACC-00309,Srinidhi Fleet Services,Cab Fleet Operator,Transportation Services,,Bengaluru,Karnataka,srinidhifleetservices.co.in,29SLPPS2084D1Z,,,Named,73,USR-211,2024-06-08 19:52:07
ACC-00310,Srinidhi Fleet Services - Udupi Branch,Cab Fleet Operator,Transportation Services,ACC-00309,Udupi,Karnataka,srinidhifleetservices.co.in,,,,Named,19,USR-204,2024-12-13 07:21:15
ACC-00311,Srinidhi Fleet Services - Tumakuru Branch,Cab Fleet Operator,Transportation Services,ACC-00309,Tumakuru,Karnataka,srinidhifleetservices.co.in,29SLPPS2084D1Z7,,,Named,19,USR-202,2024-12-07 22:05:17
ACC-00312,Srinidhi Fleet Services - Belagavi Branch,Cab Fleet Operator,Transportation Services,ACC-00309,Belagavi,Karnataka,srinidhifleetservices.co.in,29SLPPS 2084D1Z7,,,Named,14,USR-211,2024-11-21 18:11:08
ACC-00313,Srinidhi Fleet Services - Belagavi Branch,Cab Fleet Operator,Transportation Services,ACC-00309,Belagavi,Karnataka,srinidhifleetservices.co.in,,,,Named,24,USR-208,2026-04-04 07:03:08
ACC-00314,Srinidhi Fleet Services - Davanagere Branch,Cab Fleet Operator,Transportation Services,ACC-00309,Davangere,Karnataka,srinidhifleetservices.co.in,29SLPPS2084D1Z7,,,Named,11,USR-204,2025-12-27 15:18:25
ACC-00315,Srinidhi Cabs Pvt Ltd,Cab Fleet Operator,Transportation Services,ACC-00309,Bengaluru,Karnataka,srinidhifleetservices.co.in,29FPDCS6217I1Z5,,,Named,20,USR-216,2026-05-05 05:09:47
ACC-00316,Sapphire Retail Pvt Ltd,Corporate (Staff & Executive Cars),Retail,,Davanagere,Karnataka,sapphireretail.in,29SMNCS3147I1ZP,341088041,,Named,74,USR-215,2019-03-09 04:33:13
ACC-00317,Sapphire Retail Pvt Ltd - Belagavi Branch,Corporate (Staff & Executive Cars),Retail,ACC-00316,Belagavi,Karnataka,sapphireretail.in,29SMNCS3147I1ZP,,,,16,USR-209,2021-04-29 21:35:03
ACC-00318,Sapphire Retail Pvt Ltd - Mangaluru Branch,Corporate (Staff & Executive Cars),Retail,ACC-00316,Mangaluru,Karnataka,sapphireretail.in,29SMNCS3147I1ZP,996854732,341088041,Named,10,USR-206,2021-05-18 21:55:42
ACC-00319,Sapphire Credit Services Pvt Ltd,Corporate (Staff & Executive Cars),Banking & Financial Services,ACC-00316,Bengaluru,Karnataka,sapphirecreditservices.in,29LDNCS3438A1ZU,,,Named,15,USR-216,2021-03-02 19:49:04
ACC-00320,Sapphire Retail Pvt Ltd - Tumakuru Branch,Corporate (Staff & Executive Cars),Retail,ACC-00316,Tumakuru,Karnataka,sapphireretail.in,29SMNCS3147I1ZP,130135211,341088041,Named,14,USR-203,2020-03-12 21:52:49
ACC-00321,Sapphire Supermarts Pvt Ltd,Corporate (Staff & Executive Cars),Retail,ACC-00316,Bengaluru,Karnataka,sapphireretail.in,29GILCS4717M1Z1,711334508,341088041,,23,USR-202,2019-05-05 08:51:55
ACC-00322,Sapphire Retail Pvt Ltd - Mangaluru Branch,Corporate (Staff & Executive Cars),Retail,ACC-00316,Mangaluru,Karnataka,sapphireretail.in,29SMNCS3147I1ZP,247368563,341088041,,13,USR-209,2019-10-05 14:29:57
ACC-00323,Vega Cabs LLP,Cab Fleet Operator,Transportation Services,,Tumakuru,Karnataka,vegacabs.com,29FSHFV9956G1Z7,,,Named,47,USR-209,2021-08-28 13:01:21
ACC-00324,Vega Fleet Services,Cab Fleet Operator,Transportation Services,ACC-00323,Bengaluru,Karnataka,vegacabs.com,,,,Named,42,USR-206,2024-02-02 05:38:14
ACC-00325,Vega Cabs LLP - Udupi Branch,Cab Fleet Operator,Transportation Services,ACC-00323,Udupi,Karnataka,vegacabs.com,29FSHFV9956G1Z7,,,Named,6,USR-211,2021-11-27 02:30:01
ACC-00326,Vega Taxi Services LLP,Cab Fleet Operator,Transportation Services,ACC-00323,Bengaluru,Karnataka,vegataxiservices.in,,,,Named,20,USR-204,2023-01-21 02:16:11
ACC-00327,Pragati Technologies Pvt Ltd,Corporate (Staff & Executive Cars),Information Technology,,Bengaluru,Karnataka,pragatitechnologies.com,,177350159,,Key,83,USR-200,2019-12-14 19:25:24
ACC-00328,Pragati Technologies Pvt Ltd - Hubballi Branch,Corporate (Staff & Executive Cars),Information Technology,,Hubballi,Karnataka,pragatitechnologies.com,,772289062,177350159,Key,23,USR-198,2021-08-26 12:38:39
ACC-00329,Pragati Technologies Pvt Ltd - Mangaluru Branch,Corporate (Staff & Executive Cars),IT,ACC-00327,Mangaluru,Karnataka,pragatitechnologies.com,,967197446,177350159,Key,26,USR-197,2020-05-25 18:09:52
ACC-00330,Greenline Cabs,Cab Fleet Operator,Transportation Services,,Bengaluru,Karnataka,greenlinecabs.co.in,29OEMPG3843U1Z5,,,Named,54,USR-212,2023-10-14 12:59:15
ACC-00331,Greenline Cabs - Belagavi Branch,Cab Fleet Operator,Transportation Services,ACC-00330,Belagavi,Karnataka,greenlinecabs.co.in,29OEMPG3843U1Z5,,,Named,15,USR-202,2025-11-03 00:11:29
ACC-00332,Greenline Cabs - Davanagere Branch,Cab Fleet Operator,Transportation Services,ACC-00330,Davanagere,Karnataka,greenlinecabs.co.in,29OEMPG3843U1Z5,,,,8,USR-204,2025-11-25 22:44:00
ACC-00333,Greenline Cabs - Hubballi Branch,Cab Fleet Operator,Transportation Services,ACC-00330,Hubballi,Karnataka,greenlinecabs.co.in,29OEMPG3843U1Z5,,,,13,USR-209,2024-09-04 13:34:45
ACC-00334,Greenline Cabs - Hubballi Branch,Cab Fleet Operator,Transportation Services,ACC-00330,Hubballi,Karnataka,greenlinecabs.co.in,29OEMPG3843U1Z5,,,,12,USR-208,2024-01-14 00:10:28
ACC-00335,Greenline Fleet Services Pvt Ltd,Cab Fleet Operator,Transportation Services,ACC-00330,Mangaluru,Karnataka,greenlinefleetservices.co.in,29YRSCG5118I1ZH,,,Named,53,USR-204,2024-07-13 06:42:44
ACC-00336,Greenline Cabs - Belagavi Branch,Cab Fleet Operator,Travels,ACC-00330,Belgaum,Karnataka,greenlinecabs.co.in,29OEMPG3843U1Z5,,,,16,USR-202,2026-03-31 00:34:19
ACC-00337,Aadhya Taxi Services Pvt Ltd,Cab Fleet Operator,Transportation Services,,Bengaluru ,Karnataka,aadhyataxiservices.com,,918814189,,Named,61,USR-202,2021-08-27 11:26:19
ACC-00338,Aadhya Tours & Travels LLP,Cab Fleet Operator,Transportation Services,ACC-00337,Bengaluru,Karnataka,aadhyatourstravels.com,29VFLFA1745P1Z1,,,Named,31,USR-211,2024-02-08 11:58:39
ACC-00339,Aadhya Taxi Services Pvt Ltd - Shivamogga Branch,Cab Fleet Operator,Transportation Services,ACC-00147,Shivamogga,Karnataka,aadhyataxiservices.com,29SZJCA1282Q1Z5,110993916,918814189,Named,8,USR-204,2024-02-11 03:17:13
ACC-00340,Aadhya Tours & Travels,Cab Fleet Operator,Transportation Services,,Bengaluru,Karnataka,aadhyatourstravels.com,29UVHPA0030L1ZC,657709625,918814189,,58,USR-203,2023-12-23 06:16:31
ACC-00341,Aadhya Taxi Services Pvt Ltd - Mysuru Branch,Cab Fleet Operator,Transportation Services,ACC-00337,Mysuru,Karnataka,aadhyataxiservices.com,29SZJCA1282Q1Z5,656686212,918814189,Named,7,USR-214,2023-09-13 13:32:52
ACC-00342,Aadhya Cabs,Cab Fleet Operator,Transportation Services,ACC-00337,Bengaluru,Karnataka,aadhyataxiservices.com,29QYIPA0676W1Z3,526650593,918814189,Named,59,USR-210,2021-11-16 15:12:17
ACC-00343,Aadhya Taxi Services,Cab Fleet Operator,Transportation Services,ACC-00337,Bengaluru,Karnataka,aadhyataxiservices.com,,872878277,918814189,,21,USR-211,2022-12-15 06:45:41
ACC-00344,Vasudha Fleet Services LLP,Cab Fleet Operator,Transportation Services,,Mysuru,Karnataka,vasudhafleetservices.in,29XZZFV7447P1ZK,744223883,,Named,115,USR-206,2019-12-31 15:58:44
ACC-00345,Vasudha Fleet Services LLP - Belagavi Branch,Cab Fleet Operator,Transportation Services,ACC-00344,Belagavi,Karnataka,vasudhafleetservices.in,,560837739,744223883,Named,16,USR-209,2020-10-03 18:01:13
ACC-00346,Vasudha Fleet Services LLP - Shivamogga Branch,Cab Fleet Operator,Transportation Services,ACC-00344,Shivamogga,Karnataka,vasudhafleetservices.in,29XZZFV7447P1ZK,906656589,744223883,Named,12,USR-209,2021-10-21 04:38:27
ACC-00347,Vasudha Fleet Services LLP - Bengaluru Branch,Cab Fleet Operator,Transportation Services,ACC-00344,Bengaluru,Karnataka,vasudhafleetservices.in,29XZZFV7447P12K,857817581,744223883,Named,38,USR-209,2020-08-13 11:34:36
ACC-00348,Vasudha Fleet Services LLP - Davanagere Branch,Cab Fleet Operator,Transportation Services,ACC-00344,Davanagere,Karnataka,vasudhafleetservices.in,29XZZFV7447P1ZK,280914533,744223883,Named,33,USR-211,2021-10-18 04:30:41
ACC-00349,Sanjeevini Car Hire Pvt Ltd,Car Rental & Self-Drive,Automotive Rental,,Mangaluru,Karnataka,sanjeevinicarhire.co.in,29UUTCS5094A1Z8,,,Named,73,USR-209,2022-10-04 06:51:44
ACC-00350,Sanjeevini Self Drive Cars Pvt Ltd,Car Rental & Self-Drive,Automotive Rental,ACC-00349,Hubballi,Karnataka,sanjeevinicarhire.co.in,29FDQCS2570Y1ZL,,,Named,52,USR-209,2023-09-26 01:30:54
ACC-00351,Sanjeevini Car Hire Pvt Ltd - Tumakuru Branch,Car Rental & Self-Drive,Automotive Rental,ACC-00349,Tumakuru,Karnataka,sanjeevinicarhire.co.in,29UUTCS5094A1Z8,,,Named,11,USR-196,2024-01-21 13:27:23
ACC-00352,Sanjeevini Car Hire Pvt Ltd - Hubballi Branch,Car Rental & Self-Drive,Automotive Rental,ACC-00349,Hubballi,Karnataka,sanjeevinicarhire.co.in,29UUTCS5094A1Z8,,,Named,11,USR-206,2023-05-21 00:36:57
ACC-00353,Sanjeevini Car Hire Pvt Ltd - Belagavi Branch,Car Rental & Self-Drive,Automotive Rental,ACC-00349,Belagavi,Karnataka,sanjeevinicarhire.co.in,29UUTCS5094A1Z8,,,,13,USR-211,2023-05-28 08:30:42
ACC-00354,Kaveri Auto Leasing Ltd,Leasing & Subscription,Banking & Financial Services,,Mumbai,Maharashtra,kaveriautoleasingltd.com,27JHLCK0408H1Z0,383219076,,Key,1021,USR-197,2020-10-24 09:05:15
ACC-00355,Kaveri Auto Leasing Ltd - Mangaluru Branch,Leasing & Subscription,Finance,ACC-00354,Mangaluru,Karnataka,kaveriautoleasingltd.com,29JHLCK0408H1ZW,,,,107,USR-204,2022-01-23 02:54:27
ACC-00356,Kaveri Fleet Leasing Pvt Ltd,Leasing & Subscription,Banking & Financial Services,ACC-00354,Bengaluru,Karnataka,kaveriautoleasingltd.com,29RPICK0449S1ZE,,,Key,722,USR-198,2022-06-14 20:10:48
ACC-00357,Kaveri Auto Leasing Ltd - Tumakuru Branch,Leasing & Subscription,Banking & Financial Services,ACC-00354,Tumakuru,Karnataka,kaveriautoleasingltd.com,29JHLCK0408H1ZW,,,Key,144,USR-200,2021-04-24 13:21:13
ACC-00358,Kaveri Car Subscription Services Pvt Ltd,Leasing & Subscription,Banking & Financial Services,ACC-00354,Bengaluru,Karnataka,kavericarsubscriptions.in,29YMCCK6545J1ZS,582687798,383219076,,1382,USR-211,2021-06-16 05:48:33
ACC-00359,Kaveri Auto Leasing LLP,Leasing & Subscription,Banking & Financial Services,,Bengaluru,Karnataka,kaveriautoleasing.in,29IUEFK1120T1ZN,,,,306,USR-211,2022-05-30 15:04:55
ACC-00360,Shree Balaji Mobility Services Pvt Ltd,Employee Transport Services,Transportation Services,,Mangaluru,Karnataka,shreebalajimobilityser.com,29LARCS4550U1ZS,656266453,,Key,124,USR-198,2021-11-20 02:40:08
ACC-00361,Shree Staff Transport Services Pvt Ltd,Employee Transport Services,,ACC-00360,Bengaluru,Karnataka,shreebalajimobilityser.com,29PWWCS9745D1ZU,655506596,656266453,Key,326,USR-197,2022-06-01 10:10:39
ACC-00362,Shree Balaji Mobility Services Pvt Ltd - Tumakuru Branch,Employee Transport Services,Transportation Services,ACC-00360,Tumakuru,Karnataka,shreebalajimobilityser.com,29LARCS4550U1ZS,,,Key,25,USR-198,2022-07-21 11:49:11
ACC-00363,Shree Balaji Mobility Services Pvt Ltd - Bengaluru Branch,Employee Transport Services,Transportation Services,ACC-00360,Bengaluru,Karnataka,shreebalajimobilityser.com,29LARCS4550U1ZS,751772530,656266453,Key,34,USR-197,2023-09-19 02:54:34
ACC-00364,Shree Balaji Mobility Services Pvt Ltd - Davanagere Branch,Employee Transport Services,Transportation Services,ACC-00360,Davanagere,Karnataka,shreebalajimobilityser.com,29LARCS4550U1ZS,688575831,656266453,Key,27,USR-198,2023-10-21 12:59:31
ACC-00365,Shree Commute Solutions Pvt Ltd,Employee Transport Services,Transportation Services,ACC-00360,Bengaluru,Karnataka,shreebalajimobilityser.com,,544124356,656266453,,61,USR-206,2023-07-22 17:17:00
ACC-00366,Sapphire Pharmaceuticals Pvt Ltd,Corporate (Staff & Executive Cars),Pharmaceuticals,,Bengaluru,Karnataka,sapphirepharmaceutical.in,29ETWCS7697N1ZJ,108606962,,Named,50,USR-208,2023-04-19 11:18:43
ACC-00367,Sapphire Pharmaceuticals Pvt Ltd - Davanagere Branch,Corporate (Staff & Executive Cars),Pharmaceuticals,ACC-00366,Davanagere,Karnataka,sapphirepharmaceutical.in,29ETWCS7697N1ZJ,694525307,108606962,Named,14,USR-211,2025-04-26 05:44:47
ACC-00368,Sapphire Pharmaceuticals Pvt Ltd - Mysuru Branch,Corporate (Staff & Executive Cars),Pharmaceuticals,ACC-00366,Mysuru,Karnataka,sapphirepharmaceutical.in,29ETWCS7697N1ZJ,,,Named,7,USR-204,2024-10-01 11:37:45
ACC-00369,Sapphire Developers Pvt Ltd,Corporate (Staff & Executive Cars),Construction & Real Estate,ACC-00366,Bengaluru,Karnataka,sapphiredevelopers.in,29RRRCS7906Y1Z9,864872692,108606962,Named,26,USR-211,2023-11-01 07:55:58
ACC-00370,Pragati College,Hospitals & Education,Educational Institution,,BLR,Karnataka,pragaticollege.com,29KFDTP9780W1ZF,508905951,,Named,12,USR-204,2019-04-21 00:36:19
ACC-00371,Pragati Medical Trust,Hospitals & Education,Healthcare,ACC-00370,Belagavi,Karnataka,pragatimedicaltrust.co.in,29IXFTP7178C1ZN,749198185,508905951,Named,5,USR-214,2021-08-01 01:09:05
ACC-00372,Pragati College - Belagavi Branch,Hospitals & Education,Education,ACC-00370,Belgaum,Karnataka,pragaticollege.com,29KFDTP9780W1ZF,679214354,508905951,Named,2,USR-214,2020-02-26 03:31:20
ACC-00373,Pragati Education Trust,Hospitals & Education,Education,ACC-00370,Mangaluru,Karnataka,pragaticollege.com,29WIMTP1951E1Z7,338519174,508905951,Named,8,USR-210,2019-11-24 09:15:47
ACC-00374,Pragati College - Tumakuru Branch,Hospitals & Education,Education,ACC-00370,Tumakuru,Karnataka,pragaticollege.com,29KFDTP9780W1ZF,406327399,508905951,Named,3,USR-216,2020-12-05 05:32:31
ACC-00375,Pragati College - Mysuru Branch,Hospitals & Education,Education,ACC-00370,Mysuru,Karnataka,pragaticollege.com,29KFDTP9780W1ZF,,,Named,1,USR-216,2019-11-11 14:31:28
ACC-00376,Krishna Multispeciality Hospital,Hospitals & Education,Healthcare,,Bengaluru,Karnataka,krishnamultispeciality.com,29URDTK6632K1ZO,994184893,,Named,48,USR-211,2022-02-13 13:05:42
ACC-00377,Krishna College,Hospitals & Education,Education,ACC-00376,Bengaluru,Karnataka,krishnacollege.in,29CCKTK6415V1ZB,504136990,994184893,Named,3,USR-214,2022-07-28 23:35:36
ACC-00378,Krishna Multispeciality Hospital - Mangaluru Branch,Hospitals & Education,Healthcare,ACC-00376,Mangaluru,Karnataka,krishnamultispeciality.com,,467982820,994184893,Named,13,USR-211,2022-04-14 22:08:13
ACC-00379,Krishna Medical Trust Pvt Ltd,Hospitals & Education,Healthcare,ACC-00376,Hubballi,Karnataka,krishnamultispeciality.com,29ITUCK9969I1ZW,,,,10,USR-214,2022-05-22 00:22:27
ACC-00380,Krishna Multispeciality Hospital - Mangaluru Branch,Hospitals & Education,Healthcare,ACC-00376,Mangaluru,Karnataka,krishnamultispeciality.com,29URDTK6632K1ZO,444436452,994184893,,14,USR-214,2023-04-29 20:36:01
ACC-00381,Anugraha Traders LLP,Corporate (Staff & Executive Cars),Retail,,Bengaluru,Karnataka,anugrahatraders.co.in,29LWJFA2582D1ZY,494937528,,Key,68,USR-197,2021-01-23 18:51:38
ACC-00382,Anugraha Pharmaceuticals Pvt Ltd,Corporate (Staff & Executive Cars),Pharmaceuticals,ACC-00381,Bengaluru,Karnataka,anugrahapharmaceutical.com,29XBFCA8501I1ZX,267693907,494937528,Key,25,USR-197,2021-12-21 03:50:01
ACC-00383,Anugraha Credit Services Pvt Ltd,Corporate (Staff & Executive Cars),Banking & Financial Services,ACC-00381,Mangaluru,Karnataka,anugrahacreditservices.in,29GGBCA6051U1ZJ,469026741,494937528,Key,9,USR-200,2021-10-13 08:46:04
ACC-00384,Sahyadri Multispeciality Hospital,Hospitals & Education,Healthcare,,Bengaluru,Karnataka,sahyadrimultispecialit.in,29AFLTS7791J1Z5,357332453,,Key,35,USR-200,2020-04-17 04:04:06
ACC-00385,Sahyadri Multispeciality Hospital - Davanagere Branch,Hospitals & Education,Healthcare,ACC-00384,Davanagere,Karnataka,sahyadrimultispecialit.in,29AFLTS7791J1Z5,275134622,357332453,Key,5,USR-198,2022-06-12 02:23:31
ACC-00386,Sahyadri Multispeciality Hospital - Belagavi Branch,Hospitals & Education,Health Care,ACC-00384,Belagavi,Karnataka,sahyadrimultispecialit.in,29AFLTS7791J1Z5,924371398,357332453,,7,USR-205,2022-07-30 03:47:27
ACC-00387,Sahyadri Multispeciality Hospital - Udupi Branch,Hospitals & Education,Healthcare,ACC-00384,udupi,Karnataka,sahyadrimultispecialit.in,29AFLTS7791J1Z5,708808132,357332453,Key,12,USR-197,2021-07-27 14:46:03
ACC-00388,Sahyadri Multispeciality Hospital - Mangaluru Branch,Hospitals & Education,Healthcare,,Mangaluru,Karnataka,sahyadrimultispecialit.in,29AFLTS7791J1Z5,333769542,357332453,Key,5,USR-200,2021-12-11 08:09:44
ACC-00389,Vinayaka Commute Solutions Pvt Ltd,Employee Transport Services,Transportation Services,,Hyderabad,Telangana,vinayakacommutesolutio.in,36HURCV5512I1ZL,,,Named,1752,USR-216,2023-08-13 03:00:58
ACC-00390,Vinayaka Mobility Services Pvt Ltd,Employee Transport Services,Transportation Services,ACC-00389,Bengaluru,Karnataka,vinayakacommutesolutio.in,29RVACV7545H1ZB,,,Named,303,USR-208,2024-06-15 13:37:02
ACC-00391,Vinayaka Commute Solutions Pvt Ltd - Shivamogga Branch,Employee Transport Services,Transportation Services,ACC-00389,Shivamogga,Karnataka,vinayakacommutesolutio.in,29HURCV5512I1ZG,,,Named,507,USR-211,2024-02-22 06:40:22
ACC-00392,Vinayaka Commute Solutions Pvt Ltd - Tumakuru Branch,Employee Transport Services,Transportation Services,ACC-00389,Tumakuru,Karnataka,vinayakacommutesolutio.in,29HURCV5512I1ZG,,,,378,USR-209,2024-03-11 17:14:01
ACC-00393,Vinayaka Commute Solutions Pvt Ltd - Shivamogga Branch,Employee Transport Services,Transportation Services,ACC-00389,Shivamogga,Karnataka,vinayakacommutesolutio.in,29HURCV5512I1ZG,,,Named,366,USR-214,2025-06-07 22:46:34
ACC-00394,Vinayaka Staff Transport Services Pvt Ltd,Employee Transport Services,Transportation Services,ACC-00389,Bengaluru,Karnataka,vinayakastafftransport.com,29YAACV2214G1ZX,,,Named,121,USR-209,2024-12-05 08:31:32
ACC-00395,Vinayaka Commute Solutions Pvt Ltd - Belagavi Branch,Employee Transport Services,Transportation Services,ACC-00389,Belagavi,Karnataka,vinayakacommutesolutio.in,29HURCV5512I1ZG,,,Named,484,USR-211,2025-05-25 18:51:50
ACC-00396,Netravati Credit Services LLP,Corporate (Staff & Executive Cars),Banking & Financial Services,,Bengaluru,Karnataka,netravaticreditservice.in,29PBRFN6077T1ZD,836666020,,Key,69,USR-200,2021-08-10 21:25:25
ACC-00397,Netravati Life Sciences Pvt Ltd,Corporate (Staff & Executive Cars),Pharmaceuticals,ACC-00396,Bengaluru,Karnataka,netravaticreditservice.in,29LAHCN5914D1Z4,433310921,836666020,Key,12,USR-199,2022-01-23 14:52:41
ACC-00398,Netravati Credit Services LLP - Shivamogga Branch,Corporate (Staff & Executive Cars),Banking & Financial Services,ACC-00396,Shivamogga,Karnataka,netravaticreditservice.in,,718621965,836666020,,8,USR-210,2023-08-11 18:03:42
ACC-00399,Sterling Employee Transport Solutions Pvt Ltd,Employee Transport Services,Transportation Services,,Mysuru,Karnataka,sterlingemployeetransp.co.in,29XCPCS2933K1ZZ,314077632,,Named,550,USR-216,2021-02-27 19:28:08
ACC-00400,Sterling Employee Transport Solutions Pvt Ltd - Shivamogga Branch,Employee Transport Services,Transportation Services,ACC-00399,Shivamogga,Karnataka,sterlingemployeetransp.co.in,29XCPCS2933K1ZZ,389346228,314077632,Named,131,USR-211,2022-08-20 07:13:31
ACC-00401,Sterling Employee Transport Solutions Pvt Ltd - Belagavi Branch,Employee Transport Services,Transportation Services,ACC-00399,Belagavi,Karnataka,sterlingemployeetransp.co.in,,731088335,314077632,Named,137,USR-202,2022-02-09 00:40:37
ACC-00402,Sterling Employee Transport Solutions Pvt Ltd - Tumakuru Branch,Employee Transport Services,Transportation Services,ACC-00399,Tumakuru,Karnataka,sterlingemployeetransp.co.in,29XCPCS2933K1ZZ,,,Named,151,USR-214,2023-04-04 08:37:47
ACC-00403,Sterling Employee Transport Solutions Pvt Ltd - Belagavi Branch,Employee Transport Services,Transportation Services,ACC-00768,Belagavi,Karnataka,sterlingemployeetransp.co.in,29XCPCS2933K1ZZ,497895664,314077632,Named,92,USR-212,2021-10-11 13:57:44
ACC-00404,Heritage Fleet Services LLP,Cab Fleet Operator,Transportation Services,,Bengaluru,Karnataka,heritagefleetservices.com,29HWWFH1422S1Z2,714240356,,Named,25,USR-209,2019-04-11 15:01:22
ACC-00405,Heritage Fleet Services LLP - Hubballi Branch,Cab Fleet Operator,Transportation Services,ACC-00404,Hubballi,Karnataka,heritagefleetservices.com,,158383540,714240356,,5,USR-214,2019-08-24 12:40:47
ACC-00406,Heritage Fleet Services,Cab Fleet Operator,Transportation Services,ACC-00404,Bengaluru,Karnataka,heritagefleetservices.com,,536464224,714240356,Named,25,USR-202,2021-02-21 02:31:50
ACC-00407,Heritage Fleet Services LLP - Davanagere Branch,Cab Fleet Operator,Transportation Services,ACC-00404,Davanagere,Karnataka,heritagefleetservices.com,29HWWFH1422S1Z2,781944867,714240356,Named,6,USR-215,2021-01-24 02:59:45
ACC-00408,Heritage Fleet Services LLP - Tumakuru Branch,Cab Fleet Operator,Transportation Services,ACC-00404,Tumakuru,Karnataka,heritagefleetservices.com,29HWWFH1422S1Z2,427417283,714240356,Named,7,USR-214,2020-11-10 14:53:26
ACC-00409,Sterling Car Subscription Services Pvt Ltd,Leasing & Subscription,Banking & Financial Services,,Mangaluru,Karnataka,sterlingcarsubscriptio.com,29uurcs6572r1za,,,Key,266,USR-200,2020-09-19 14:06:29
ACC-00410,Sterling Leasing Pvt Ltd,Leasing & Subscription,Banking & Financial Services,ACC-00409,Hubballi,Karnataka,sterlingcarsubscriptio.com,29JFECS7014E1ZX,,,Key,198,USR-200,2021-05-13 12:04:12
ACC-00411,Sterling Car Subscription Services Pvt Ltd - Bengaluru Branch,Leasing & Subscription,Banking & Financial Services,ACC-00409,Bengaluru,Karnataka,sterlingcarsubscriptio.com,29UURCS6572R1ZA,,,Key,29,USR-198,2020-10-27 15:01:00
ACC-00412,Sterling Car Subscription Services Pvt Ltd - Hubballi Branch,Leasing & Subscription,BFSI,ACC-00409,Hubli,Karnataka,sterlingcarsubscriptio.com,29UURCS6572R1ZA,,,,48,USR-211,2022-04-17 18:40:06
ACC-00413,Sterling Car Subscription Services Pvt Ltd - Bengaluru Branch,Leasing & Subscription,Banking & Financial Services,ACC-00409,Bengaluru,Karnataka,sterlingcarsubscriptio.com,29UURCS6572R1ZA,,,,40,USR-204,2022-03-10 01:45:23
ACC-00414,Sterling Fleet Leasing Pvt Ltd,Leasing & Subscription,Banking & Financial Services,ACC-00409,Bengaluru ,Karnataka,sterlingcarsubscriptio.com,29IGHCS1996I1Z5,,,,425,USR-204,2022-12-23 18:31:34
ACC-00415,Bharath Commute Solutions Pvt Ltd,Employee Transport Services,Transportation Services,,Chennai,Tamil Nadu,bharathcommutesolution.com,33XEYCB4711Z1ZO,417869046,,Key,433,USR-197,2019-06-11 08:57:49
ACC-00416,Bharath Commute Solutions Pvt Ltd - Shivamogga Branch,Employee Transport Services,,ACC-00415,Shivamogga,Karnataka,bharathcommutesolution.com,29XEYCB4711Z1ZD,856797016,417869046,Key,91,USR-198,2019-12-03 08:19:35
ACC-00417,Bharath Commute Solutions Pvt Ltd - Shivamogga Branch,Employee Transport Services,Transportation Services,ACC-00415,Shivamogga,Karnataka,bharathcommutesolution.com,29XEYCB4711Z1ZD,,,Key,101,USR-198,2020-06-25 20:14:57
ACC-00418,Bharath Commute Solutions Pvt Ltd - Tumakuru Branch,Employee Transport Services,Transportation Services,,Tumakuru,Karnataka,bharathcommutesolution.com,29XEYCB4711Z1ZD,555890299,417869046,Key,96,USR-200,2019-12-29 17:37:24
ACC-00419,Sterling Multispeciality Hospital,Hospitals & Education,Healthcare,,Bengaluru,Karnataka,sterlingmultispecialit.com,29LISTS5920N1ZP,122978653,,Named,19,USR-204,2025-04-23 02:31:12
ACC-00420,Sterling Multispeciality Hospital - Davanagere Branch,Hospitals & Education,Healthcare,ACC-90420,Davanagere,Karnataka,sterlingmultispecialit.com,29LISTS5920N1ZP,,,Named,6,USR-208,2026-09-22 00:00:00
ACC-00421,Sterling Multispeciality Hospital - Hubballi Branch,Hospitals & Education,Healthcare,ACC-00419,Hubballi,Karnataka,sterlingmultispecialit.com,29LISTS5920N1ZP,235669749,122978653,Named,3,USR-206,2026-09-22 00:00:00
ACC-00422,Sterling Multispeciality Hospital - Tumakuru Branch,Hospitals & Education,Healthcare,ACC-00419,Tumakuru,Karnataka,sterlingmultispecialit.com,29LISTS5920N1ZP,847571343,122978653,,3,USR-204,2026-09-22 00:00:00
ACC-00423,Sterling Multispeciality Hospital - Tumakuru Branch,Hospitals & Education,Healthcare,ACC-00419,Tumkur,Karnataka,sterlingmultispecialit.com,29LISTS5920N1ZP,208257143,122978653,Named,6,USR-216,2026-05-24 23:22:37
ACC-00424,Sterling Institute of Technology Pvt Ltd,Hospitals & Education,Education,ACC-00419,Bengaluru,Karnataka,sterlinginstituteoftec.co.in,29ELDCS2106X1ZW,317061798,122978653,Named,7,USR-202,2026-09-13 06:52:26
ACC-00425,Horizon Taxi Services,Cab Fleet Operator,Transportation Services,,Bengaluru,Karnataka,horizontaxiservices.com,29KMMPH1495C1ZO,,,Key,96,USR-197,2021-06-02 07:29:32
ACC-00426,Horizon Taxi Services - Tumakuru Branch,Cab Fleet Operator,Transportation Services,ACC-00425,Tumakuru,Karnataka,horizontaxiservices.com,,,,Key,20,USR-198,2022-06-29 20:12:34
ACC-00427,Horizon Taxi Services Pvt Ltd,Cab Fleet Operator,Transportation Services,ACC-00425,Hubballi,Karnataka,horizontaxiservices.co.in,29KVICH4509J1ZT,,,Key,4,USR-197,2022-06-29 12:07:04
ACC-00428,Horizon Taxi Services LLP,Cab Fleet Operator,Transportation Services,ACC-00425,Bengaluru,Karnataka,horizontaxiservices.com,29RAWFH6144T1ZM,,,Key,9,USR-198,2023-01-13 02:59:01
ACC-00429,Srinidhi Supermarts Ltd,Corporate (Staff & Executive Cars),Retail,,Bengaluru,Karnataka,srinidhisupermartsltd.com,29YAYCS1801P1ZU,726533402,,Key,29,USR-198,2024-01-13 22:40:36
ACC-00430,Srinidhi Supermarts Ltd - Mangaluru Branch,Corporate (Staff & Executive Cars),Retail,ACC-00819,Mangaluru,Karnataka,srinidhisupermartsltd.com,29YAYCS1801P1ZU,211327652,726533402,Key,7,USR-200,2024-11-05 21:22:02
ACC-00431,Srinidhi Industries Pvt Ltd,Corporate (Staff & Executive Cars),Manufacturing,ACC-00429,Bengaluru,Karnataka,srinidhisupermartsltd.com,29IMJCS8745Z1ZR,,,Key,19,USR-197,2026-04-20 11:16:12
ACC-00432,Srinidhi Supermarts Ltd - Davanagere Branch,Corporate (Staff & Executive Cars),Retail,ACC-00429,Davanagere,Karnataka,srinidhisupermartsltd.com,29YAYCS1801P1ZU,390101477,726533402,,5,USR-208,2025-08-06 15:11:27
ACC-00433,Srinidhi Supermarts Ltd - Tumakuru Branch,Corporate (Staff & Executive Cars),Retail,ACC-00429,Tumakuru,Karnataka,srinidhisupermartsltd.com,29YAYCS1801P1ZU,179167373,726533402,Key,9,USR-200,2026-04-02 09:08:32
ACC-00434,Srinidhi Supermarts Ltd - Mysuru Branch,Corporate (Staff & Executive Cars),Retail,ACC-00429,Mysuru,Karnataka,srinidhisupermartsltd.com,29YAYCS1801P1ZU,509707312,726533402,Key,3,USR-199,2025-03-31 06:25:23
ACC-00435,Horizon Tours & Travels Pvt Ltd,Cab Fleet Operator,Transportation Services,,Hubli,Karnataka,horizontourstravels.com,29QNJCH2979T1Z4,,,Named,118,USR-216,2025-06-01 19:57:35
ACC-00436,Horizon Tours & Travels Pvt Ltd - Tumakuru Branch,Cab Fleet Operator,Transportation Services,ACC-00435,Tumakuru,Karnataka,horizontourstravels.com,29QNJCH2979T1Z4,,,Named,13,USR-202,2025-08-11 14:20:04
ACC-00437,Horizon Tours & Travels Pvt Ltd - Udupi Branch,Cab Fleet Operator,Transportation Services,ACC-00435,Udupi,Karnataka,horizontourstravels.com,29QNJCH2979T1Z4,,,Named,31,USR-214,2025-07-05 13:23:06
ACC-00438,Horizon Cab Services Pvt Ltd,Cab Fleet Operator,Transportation Services,ACC-00435,Bengaluru,Karnataka,horizoncabservices.in,29WSNCH4513X1ZU,,,Named,6,USR-211,2025-07-04 14:56:11
ACC-00439,Horizon Tours & Travels,Cab Fleet Operator,,ACC-00435,Bengaluru,Karnataka,horizontourstravels.com,29GITPH7533F1ZO,,,Named,26,USR-202,2025-10-16 07:51:24
ACC-00440,Horizon Tours & Travels Pvt Ltd - Davanagere Branch,Cab Fleet Operator,Transportation Services,ACC-00435,Davanagere,Karnataka,horizontourstravels.com,,,,Named,12,USR-202,2026-08-05 07:34:35
ACC-00441,Navya College,Hospitals & Education,Educational Institution,,Davanagere,Karnataka,navyacollege.in,29IKPTN4487G1ZZ,437602287,,Named,29,USR-209,2023-04-14 15:22:33
ACC-00442,Navya College - Bengaluru Branch,Hospitals & Education,Education,ACC-00441,Bengaluru,Karnataka,navyacollege.in,29IKPTN4487G1ZZ,223871306,437602287,Named,4,USR-211,2024-09-13 14:09:55
ACC-00443,Navya College - Bengaluru Branch,Hospitals & Education,Education,ACC-00441,Bengaluru,Karnataka,navyacollege.in,29IKPTN4487G1ZZ,312303028,437602287,,9,USR-208,2023-05-18 12:16:17
ACC-00444,Navya Education Trust Pvt Ltd,Hospitals & Education,Education,ACC-00441,Bengaluru,Karnataka,navyacollege.in,29CQOCN2736D1ZB,875634091,437602287,Named,5,USR-216,2024-05-01 00:20:02
ACC-00445,Navya College - Shivamogga Branch,Hospitals & Education,Education,ACC-00441,Shivamogga,Karnataka,navyacollege.in,29IKPTN4487G1Z,689612199,437602287,,4,USR-202,2024-07-30 19:26:11
ACC-00446,Tunga Cab Services,Cab Fleet Operator,Transportation Services,,Bengaluru,Karnataka,tungacabservices.co.in,29VLNPT1940Z1Z1,,,Key,42,USR-198,2025-01-29 08:02:43
ACC-00447,Tunga Cab Services - Shivamogga Branch,Cab Fleet Operator,Transportation Services,ACC-00446,Shimoga,Karnataka,tungacabservices.co.in,29VLNPT1940Z1Z1,,,,13,USR-202,2026-01-14 21:39:41
ACC-00448,Tunga Travels,Cab Fleet Operator,Transportation Services,ACC-00446,Belagavi,Karnataka,tungatravels.com,29VKJPT9848T1ZW,,,Key,65,USR-197,2026-04-30 23:33:52
ACC-00449,Tunga Travels Pvt Ltd,Cab Fleet Operator,Transport,ACC-00446,Bengaluru,Karnataka,tungatravels.co.in,29FEUCT6074O1ZR,,,Key,15,USR-200,2026-09-22 00:00:00
ACC-00450,Tunga Cabs,Cab Fleet Operator,Transportation Services,ACC-00446,Bengaluru,Karnataka,tungacabs.co.in,29HZQPT2414I1ZN,,,Key,110,USR-198,2026-03-25 09:45:19
ACC-00451,Tunga Cab Services - Mangaluru Branch,Cab Fleet Operator,,ACC-00446,Mangaluru,Karnataka,tungacabservices.co.in,29VLNPT1940Z1Z1,,,Key,4,USR-200,2026-09-22 00:00:00
ACC-00452,Vasudha Holidays Pvt Ltd,Hotels & Travel,Hospitality,,Bengaluru,Karnataka,vasudhaholidays.co.in,,,,Key,27,USR-198,2022-09-27 20:06:13
ACC-00453,Vasudha Holidays Pvt Ltd - Belagavi Branch,Hotels & Travel,Hospitality,ACC-00452,Belagavi,Karnataka,vasudhaholidays.co.in,29GHQCV6937I1ZU,,,,7,USR-208,2023-08-09 07:44:25
ACC-00454,Vasudha Holidays Pvt Ltd - Davanagere Branch,Hotels & Travel,Hospitality,ACC-00452,Davanagere,Karnataka,vasudhaholidays.co.in,29GHQCV6937I1ZU,,,,7,USR-209,2022-12-02 15:22:57
ACC-00455,Garuda Life Sciences Ltd,Corporate (Staff & Executive Cars),Pharmaceuticals,,Mysuru,Karnataka,garudalifesciencesltd.com,29SRHCG8294G1ZK,349417280,,Key,23,USR-197,2019-11-18 07:34:59
ACC-00456,Garuda Life Sciences Ltd - Davanagere Branch,Corporate (Staff & Executive Cars),Pharmaceuticals,ACC-00455,Davanagere,Karnataka,garudalifesciencesltd.com,29SRHCG8294G1ZK,786996583,349417280,Key,6,USR-198,2020-09-02 16:22:36
ACC-00457,Garuda Precision Components Pvt Ltd,Corporate (Staff & Executive Cars),Manufacturing,ACC-00455,Davanagere,Karnataka,garudaprecisioncompone.com,29HYQCG5956I1Z8,475002469,349417280,Key,63,USR-200,2022-02-19 19:32:04
ACC-00458,Garuda Healthcare Products LLP,Corporate (Staff & Executive Cars),Pharmaceuticals,ACC-00455,Mangaluru,Karnataka,garudahealthcareproduc.in,29LBVFG0234I1ZR,161402445,349417280,Key,17,USR-200,2020-04-20 00:25:37
ACC-00459,Garuda Life Sciences Ltd - Shivamogga Branch,Corporate (Staff & Executive Cars),Pharmaceuticals,ACC-00455,Shivamogga,Karnataka,garudalifesciencesltd.com,29SRHCG8294G1ZK,,,Key,6,USR-197,2021-08-02 11:20:41
ACC-00460,Garuda Developers Pvt Ltd,Corporate (Staff & Executive Cars),Construction & Real Estate,ACC-00455,Mangaluru,Karnataka,garudadevelopers.in,,843210916,349417280,Key,21,USR-200,2020-06-25 22:44:21
ACC-00461,Metro Constructions Pvt Ltd,Corporate (Staff & Executive Cars),Construction & Real Estate,,Bengaluru,Karnataka,metroconstructions.com,29RNRCM2587F1ZN,453239463,,Key,41,USR-198,2021-08-15 02:21:46
ACC-00462,Metro Constructions Pvt Ltd - Tumakuru Branch,Corporate (Staff & Executive Cars),Construction & Real Estate,ACC-00461,Tumakuru,Karnataka,metroconstructions.com,29RNRCM2587F1ZN,,,Key,12,USR-200,2022-07-19 15:34:16
ACC-00463,Metro Constructions Pvt Ltd - Hubballi Branch,Corporate (Staff & Executive Cars),Construction & Real Estate,,Hubballi,Karnataka,metroconstructions.com,29RNRCM2587F1ZN,214579107,453239463,Key,12,USR-198,2022-06-29 05:48:23
ACC-00464,Metro Constructions Pvt Ltd - Udupi Branch,Corporate (Staff & Executive Cars),Construction & Real Estate,ACC-00461,Udupi,Karnataka,metroconstructions.com,29RNRCM2587F1ZN,,,Key,8,USR-198,2022-01-20 15:27:17
ACC-00465,Metro Software Solutions LLP,Corporate (Staff & Executive Cars),Information Technology,ACC-00461,Shivamogga,Karnataka,metrosoftwaresolutions.in,29VDPFM0244J1Z9,,,Key,53,USR-198,2021-09-19 09:31:40
ACC-00466,Metro Pharmaceuticals LLP,Corporate (Staff & Executive Cars),Pharmaceuticals,ACC-00461,Bengaluru,Karnataka,metropharmaceuticals.co.in,29EJVFM1598V1Z0,,,Key,38,USR-197,2021-12-03 00:08:57
ACC-00467,Vijaya Car Rentals LLP,Car Rental & Self-Drive,Automotive Rental,,Bengaluru,Karnataka,vijayacarrentals.com,,220462887,,Named,131,USR-202,2021-06-15 03:33:02
ACC-00468,Vijaya Car Rentals LLP - Mysuru Branch,Car Rental & Self-Drive,Automotive Rental,ACC-00467,Mysuru,Karnataka,vijayacarrentals.com,29TYYFV6159N1ZW,,,Named,37,USR-213,2023-03-03 08:55:58
ACC-00469,Vijaya Car Rentals LLP - Mysuru Branch,Car Rental & Self-Drive,Car Rental,ACC-00467,Mysuru,Karnataka,vijayacarrentals.com,29TYYFV6159N1ZW,156637011,220462887,Named,30,USR-202,2023-06-07 19:08:12
ACC-00470,Hampi Diagnostics,Hospitals & Education,Healthcare,,Bengaluru,Karnataka,hampidiagnostics.in,29RZTTH0259C1ZK,,,Named,37,USR-209,2020-04-15 04:53:53
ACC-00471,Hampi Institute of Technology,Hospitals & Education,Education,ACC-00470,Bengaluru,Karnataka,hampiinstituteoftechno.com,29TXRTH8855G1ZY,,,Named,5,USR-207,2022-07-18 03:37:18
ACC-00472,Hampi Diagnostics - Hubballi Branch,Hospitals & Education,Healthcare,ACC-00470,Hubballi,Karnataka,hampidiagnostics.in,29RZTTH0259C1ZK,,,Named,6,USR-206,2022-09-01 03:59:06
ACC-00473,Garden City Digital Systems Pvt Ltd,Corporate (Staff & Executive Cars),Information Technology,,Bengaluru,Karnataka,gardencitydigitalsyste.in,29EWUCG1589P1Z0,394401029,,Key,24,USR-200,2020-07-26 05:48:51
ACC-00474,Garden City Digital Systems Pvt Ltd - Mysuru Branch,Corporate (Staff & Executive Cars),Info Tech,ACC-00404,Mysuru,Karnataka,gardencitydigitalsyste.in,29EWUCG1589P1Z0,670091182,394401029,Key,4,USR-200,2022-12-26 19:25:53
ACC-00475,Garden City Digital Systems Pvt Ltd - Belagavi Branch,Corporate (Staff & Executive Cars),Information Technology,ACC-00473,Belagavi,Karnataka,gardencitydigitalsyste.in,29EWUCG1589P1Z0,,,Key,6,USR-200,2021-03-30 08:34:05
ACC-00476,Garden City Digital Systems Pvt Ltd - Hubballi Branch,Corporate (Staff & Executive Cars),Info Tech,ACC-00473,Hubballi,Karnataka,gardencitydigitalsyste.in,29EWUCG1589P1Z0,,,Key,7,USR-199,2021-05-18 18:19:25
ACC-00477,Sharada Developers Pvt Ltd,Corporate (Staff & Executive Cars),Construction & Real Estate,,Bengaluru ,Karnataka,sharadadevelopers.in,29PTACS0921Z1Z1,620081773,,Named,53,USR-214,2019-07-08 21:31:57
ACC-00478,Sharada Traders Pvt Ltd,Corporate (Staff & Executive Cars),Retail,ACC-00477,Bengaluru,Karnataka,sharadatraders.co.in,29HIJCS6174E1ZC,410384995,620081773,Named,13,USR-203,2021-11-30 04:02:31
ACC-00479,Sharada Retail Pvt Ltd,Corporate (Staff & Executive Cars),Retail,ACC-00477,Bengaluru,Karnataka,sharadadevelopers.in,,696041922,620081773,,9,USR-202,2019-12-15 18:19:12
ACC-00480,Sharada Developers Pvt Ltd - Mangaluru Branch,Corporate (Staff & Executive Cars),Construction & Real Estate,ACC-00477,Mangaluru,Karnataka,sharadadevelopers.in,29PTACS0921Z1Z1,,,Named,10,USR-203,2019-08-24 05:02:41
ACC-00481,Omkar Infra Projects Pvt Ltd,Corporate (Staff & Executive Cars),Construction & Real Estate,,Hubballi,Karnataka,omkarinfraprojects.com,29ITSCO4483Y1ZF,947044954,,Key,23,USR-200,2025-01-29 14:32:49
ACC-00482,Omkar Precision Components Pvt Ltd,Corporate (Staff & Executive Cars),Manufacturing,ACC-00481,Mysuru,Karnataka,omkarinfraprojects.com,,360647500,947044954,Key,26,USR-198,2026-03-06 20:39:55
ACC-00483,Omkar Infra Projects Pvt Ltd - Udupi Branch,Corporate (Staff & Executive Cars),Construction & Real Estate,,Udupi,Karnataka,omkarinfraprojects.com,,595780358,947044954,Key,6,USR-198,2026-09-22 00:00:00
ACC-00484,Omkar Infra Projects Pvt Ltd - Belagavi Branch,Corporate (Staff & Executive Cars),Construction & Real Estate,ACC-00481,Belagavi,Karnataka,omkarinfraprojects.com,29ITSCO4483Y1ZF,493904719,947044954,Key,6,USR-200,2026-09-22 00:00:00
ACC-00485,Omkar Infra Projects Pvt Ltd - Shivamogga Branch,Corporate (Staff & Executive Cars),Construction & Real Estate,ACC-00481,Shivamogga,Karnataka,omkarinfraprojects.com,29ITSCO4483Y1ZF,669289724,947044954,Key,7,USR-198,2025-09-13 22:59:50
ACC-00486,Omkar Pharmaceuticals Pvt Ltd,Corporate (Staff & Executive Cars),Pharmaceuticals,ACC-00481,Mysore,Karnataka,omkarinfraprojects.com,29ITQCO7687C1ZE,153078193,947044954,Key,23,USR-198,2025-11-26 20:20:06
ACC-00487,Zenith Corporate Mobility Pvt Ltd,Employee Transport Services,,,Bengaluru,Karnataka,zenithcorporatemobilit.com,29BDUCZ6304U1ZQ,841652634,,Key,303,USR-199,2020-05-10 16:37:46
ACC-00488,Zenith Corporate Mobility Pvt Ltd - Udupi Branch,Employee Transport Services,Transportation Services,ACC-00487,Udupi,Karnataka,zenithcorporatemobilit.com,29BDUCZ6304U1ZQ,895043062,841652634,Key,64,USR-197,2021-06-22 19:10:01
ACC-00489,Zenith Corporate Mobility Pvt Ltd - Shivamogga Branch,Employee Transport Services,Transportation Services,ACC-00487,Shivamogga,Karnataka,zenithcorporatemobilit.com,29BDUCZ6304U1ZQ,,,Key,91,USR-198,2021-02-15 21:32:32
ACC-00490,Deccan Builders Pvt Ltd,Corporate (Staff & Executive Cars),Construction & Real Estate,,Bengaluru,Karnataka,deccanbuilders.co.in,29SPXCD3520R1ZD,667124984,,Named,17,USR-211,2021-01-17 13:56:09
ACC-00491,Deccan Finance Pvt Ltd,Corporate (Staff & Executive Cars),Banking & Financial Services,ACC-00606,Bengaluru,Karnataka,deccanfinance.in,29TVWCD5239J1Z5,782440779,667124984,Named,19,USR-209,2022-05-11 09:43:38
ACC-00492,Deccan Technologies Pvt Ltd,Corporate (Staff & Executive Cars),Information Technology,ACC-00490,Bengaluru,Karnataka,deccanbuilders.co.in,29GNOCD8556E1Z7,,,,20,USR-213,2021-08-05 11:19:24
ACC-00493,Deccan Retail Pvt Ltd,Corporate (Staff & Executive Cars),Retail,ACC-00490,Hubballi,Karnataka,deccanbuilders.co.in,29RNCCD4145V1ZO,,,Named,5,USR-206,2021-04-04 07:30:45
ACC-00494,Deccan Developers Pvt Ltd,Corporate (Staff & Executive Cars),Construction & Real Estate,ACC-00490,Bengaluru,Karnataka,deccandevelopers.co.in,29NVFCD9967D1ZM,705016423,667124984,Named,10,USR-215,2022-06-10 12:10:44
ACC-00495,Anugraha Car Subscription Services LLP,Leasing & Subscription,BFSI,,Mumbai,Maharashtra,anugrahacarsubscriptio.in,27HPXFA1362R1ZL,,,Key,1224,USR-198,2024-11-23 18:39:45
ACC-00496,Anugraha Auto Leasing Pvt Ltd,Leasing & Subscription,Banking & Financial Services,ACC-00495,Mysuru,Karnataka,anugrahacarsubscriptio.in,29SWUCA3069X1ZH,,,Key,556,USR-198,2026-07-27 23:14:03
ACC-00497,Anugraha Leasing Pvt Ltd,Leasing & Subscription,Banking & Financial Services,ACC-00495,Bengaluru,Karnataka,anugrahacarsubscriptio.in,29HTICA7528F1Z7,,,Key,2359,USR-198,2026-09-22 00:00:00
ACC-00498,Anugraha Car Subscription Services LLP - Bengaluru Branch,Leasing & Subscription,Banking & Financial Services,ACC-00495,Bengaluru,Karnataka,anugrahacarsubscriptio.in,29HPXFA1362R1ZH,,,,147,USR-204,2025-07-20 07:18:00
ACC-00499,Anugraha Car Subscription Services Pvt Ltd,Leasing & Subscription,Banking & Financial Services,ACC-00495,Bengaluru,Karnataka,anugrahacarsubscriptio.com,29VQQCA3515V1Z7,,,Key,771,USR-197,2026-09-22 00:00:00
ACC-00500,Anugraha Car Subscription Services LLP - Shivamogga Branch,Leasing & Subscription,Finance,ACC-00495,Shivamogga,Karnataka,anugrahacarsubscriptio.in,29HPXFA1362R1ZH,,,Key,134,USR-200,2026-03-27 06:52:59
ACC-00501,Anugraha Leasing LLP,Leasing & Subscription,Banking,ACC-00495,Belagavi,Karnataka,anugrahaleasing.in,29MNGFA0903T1Z0,,,,413,USR-214,2026-04-15 09:23:30
ACC-00502,Hampi Pharmaceuticals Ltd,Corporate (Staff & Executive Cars),Pharmaceuticals,,Mysuru,Karnataka,hampipharmaceuticalslt.in,29RNPCH9072N1ZB,693631320,,Key,31,USR-198,2024-12-20 04:58:46
ACC-00503,Hampi Pharmaceuticals Ltd - Tumakuru Branch,Corporate (Staff & Executive Cars),Pharmaceuticals,ACC-00502,Tumakuru,Karnataka,hampipharmaceuticalslt.in,29RNPCH9072N1ZB,,,Key,9,USR-197,2026-05-25 04:40:36
ACC-00504,Hampi Supermarts Pvt Ltd,Corporate (Staff & Executive Cars),Retail,ACC-00502,Hubballi,Karnataka,hampipharmaceuticalslt.in,29RMNCH6039U1Z8,554304274,693631320,Key,27,USR-198,2025-03-14 15:03:39
ACC-00505,Hampi Retail Pvt Ltd,Corporate (Staff & Executive Cars),Retail,ACC-00502,Bengaluru,Karnataka,hampiretail.in,29MRSCH2481I1ZO,572848238,693631320,Key,12,USR-198,2026-09-22 00:00:00
ACC-00506,Hampi Pharmaceuticals Ltd - Hubballi Branch,Corporate (Staff & Executive Cars),Pharmaceuticals,ACC-00502,Hubballi,Karnataka,hampipharmaceuticalslt.in,29RNPCH9072N1ZB,186754138,693631320,Key,10,USR-198,2026-08-10 15:13:33
ACC-00507,Hampi Pharmaceuticals Ltd - Udupi Branch,Corporate (Staff & Executive Cars),Pharmaceuticals,ACC-00502,Udupi,Karnataka,hampipharmaceuticalslt.in,29RNPCH9072N1ZB,399542375,693631320,Key,5,USR-198,2025-07-10 20:23:34
ACC-00508,Sri Ganesh Traders LLP,Corporate (Staff & Executive Cars),Retail,,Belgaum,Karnataka,sriganeshtraders.co.in,29CAYFS2512L1ZG,139008049,,Named,77,USR-211,2024-02-14 07:49:02
ACC-00509,Sri Ganesh Traders LLP - Hubballi Branch,Corporate (Staff & Executive Cars),Retail,ACC-00508,Hubballi,Karnataka,sriganeshtraders.co.in,,621700629,139008049,Named,20,USR-202,2025-08-20 18:01:35
ACC-00510,Sri Industries Pvt Ltd,Corporate (Staff & Executive Cars),Manufacturing,ACC-00508,Mysuru,Karnataka,sriganeshtraders.co.in,29OHOCS1194M1ZS,239472093,139008049,Named,24,USR-204,2026-03-04 04:11:13
ACC-00511,Sri Ganesh Traders LLP - Mysuru Branch,Corporate (Staff & Executive Cars),Retail,ACC-00508,Mysuru,Karnataka,sriganeshtraders.co.in,29CAYFS2512L1ZG,,,Named,12,USR-208,2025-11-25 04:44:48
ACC-00512,Sri Ganesh Traders LLP - Hubballi Branch,Corporate (Staff & Executive Cars),Retail,ACC-00508,Hubballi,Karnataka,sriganeshtraders.co.in,29CAYFS2512L1ZG,,,Named,13,USR-214,2025-05-17 19:12:51
ACC-00513,Sri Infra Projects Pvt Ltd,Corporate (Staff & Executive Cars),Real Estate,ACC-00508,Bengaluru,Karnataka,sriinfraprojects.com,29WSUCS2980D1Z6,,,Named,81,USR-214,2024-05-28 03:34:07
ACC-00514,Sri Ganesh Traders LLP - Tumakuru Branch,Corporate (Staff & Executive Cars),Retail,ACC-00508,Tumakuru,Karnataka,sriganeshtraders.co.in,29CAYFS2512L1ZG,818042070,139008049,,17,USR-209,2024-04-08 02:08:10
ACC-00515,Vasudha Supermarts Pvt Ltd,Corporate (Staff & Executive Cars),Retail,,Bengaluru,Karnataka,vasudhasupermarts.in,29QGOCV5945Q1ZA,818140704,,Named,31,USR-215,2022-12-27 01:02:34
ACC-00516,Vasudha Supermarts Pvt Ltd - Mysuru Branch,Corporate (Staff & Executive Cars),Retail,ACC-00515,Mysuru,Karnataka,vasudhasupermarts.in,29QGOCV5945Q1ZA,,,Named,7,USR-216,2024-11-05 19:25:48
ACC-00517,Vasudha Industries LLP,Corporate (Staff & Executive Cars),Manufacturing,ACC-00515,Bengaluru,Karnataka,vasudhasupermarts.in,29GPGFV0948G1ZV,968837866,818140704,Named,17,USR-208,2025-01-06 01:41:13
ACC-00518,Vasudha Supermarts Pvt Ltd - Tumakuru Branch,Corporate (Staff & Executive Cars),Retail,ACC-00515,Tumakuru,Karnataka,vasudhasupermarts.in,29QGOCV5945Q1ZA,524321355,818140704,,4,USR-202,2024-09-19 17:29:08
ACC-00519,Vasudha Precision Components Pvt Ltd,Corporate (Staff & Executive Cars),Manufacturing,ACC-00515,Bengaluru,Karnataka,vasudhaprecisioncompon.com,29GLNCV4579V1ZW,479467518,818140704,Named,18,USR-207,2023-03-16 16:25:59
ACC-00520,Vasudha Supermarts Pvt Ltd - Shivamogga Branch,Corporate (Staff & Executive Cars),Retail,ACC-00515,Shivamogga,Karnataka,vasudhasupermarts.in,29QGOCV5945Q1ZA,972477134,818140704,Named,4,USR-211,2023-10-21 18:05:50
ACC-00521,Skyline Cabs,Cab Fleet Operator,Transportation Services,,Bengaluru,Karnataka,skylinecabs.com,29KBTPS5354M1ZA,,,Key,120,USR-197,2022-03-27 18:33:46
ACC-00522,Skyline Cabs - Mysuru Branch,Cab Fleet Operator,Transportation Services,ACC-00521,Mysuru,Karnataka,skylinecabs.com,29KBTPS5354M1ZA,,,Key,27,USR-200,2023-02-20 21:09:26
ACC-00523,Skyline Cabs - Shivamogga Branch,Cab Fleet Operator,Transportation Services,ACC-00521,Shivamogga,Karnataka,skylinecabs.com,29KBTPS5354M1ZA,,,Key,32,USR-197,2024-04-15 14:31:18
ACC-00524,Skyline Cabs - Davanagere Branch,Cab Fleet Operator,Transportation Services,ACC-00521,Davanagere,Karnataka,skylinecabs.com,29KBTPS5354M1ZA,,,Key,26,USR-198,2022-06-02 22:38:16
ACC-00525,Skyline Taxi Services,Cab Fleet Operator,Transportation Services,ACC-00521,Bengaluru,Karnataka,skylinetaxiservices.co.in,29OTPPS9363V1ZI,,,Key,58,USR-200,2023-12-16 04:23:14
ACC-00526,Skyline Cabs - Davanagere Branch,Cab Fleet Operator,Transportation Services,,Davanagere,Karnataka,skylinecabs.com,29KBTPS5354M1ZA,,,Key,14,USR-200,2022-08-08 04:19:04
ACC-00527,Skyline Tours & Travels,Cab Fleet Operator,Transportation Services,ACC-00521,Hubballi,Karnataka,skylinecabs.com,29WZSPS9202A1ZG,,,Key,25,USR-199,2023-11-17 22:45:38
ACC-00528,Sunrise Mobility Services LLP,Employee Transport Services,Transportation Services,,Hyderabad,Telangana,sunrisemobilityservice.com,36QWDFS8386C1ZA,,,Key,388,USR-198,2025-01-24 03:43:43
ACC-00529,Sunrise Mobility Services LLP - Bengaluru Branch,Employee Transport Services,Transportation Services,ACC-00528,Bengaluru,Karnataka,sunrisemobilityservice.com,29QWDFS8386C1Z5,,,Key,51,USR-198,2025-07-24 09:13:44
ACC-00530,Sunrise Staff Transport Services LLP,Employee Transport Services,Transportation Services,ACC-00528,Bengaluru,Karnataka,sunrisestafftransports.in,,,,,124,USR-208,2026-09-22 00:00:00
ACC-00531,Sunrise Mobility Services LLP - Tumakuru Branch,Employee Transport Services,Transportation Services,ACC-00528,Tumakuru,Karnataka,sunrisemobilityservice.com,29QWDFS8386C1Z5,,,Key,48,USR-200,2026-05-29 02:47:38
ACC-00532,Sunrise Mobility Services LLP - Mangaluru Branch,Employee Transport Services,Transportation Services,ACC-00528,Mangaluru,Karnataka,sunrisemobilityservice.com,29QWDFS8386C1Z5,,,,92,USR-202,2026-05-06 00:15:40
ACC-00533,Sunrise Mobility Services LLP - Mangaluru Branch,Employee Transport Services,Transportation Services,,Mangaluru,Karnataka,sunrisemobilityservice.com,,,,Key,52,USR-198,2025-09-07 02:47:16
ACC-00534,Sunrise Employee Transport Solutions Pvt Ltd,Employee Transport Services,Transportation Services,ACC-00528,bengaluru,Karnataka,sunrisemobilityservice.com,29KYKCS8293I1ZV,,,Key,800,USR-197,2026-09-22 00:00:00
ACC-00535,Vijaya Tours & Travels Pvt Ltd,Cab Fleet Operator,Transportation Services,,Mangaluru,Karnataka,vijayatourstravels.in,29EDNCV7052Q1ZZ,,,Key,21,USR-197,2019-02-17 03:20:19
ACC-00536,Vijaya Tours & Travels Pvt Ltd - Mysuru Branch,Cab Fleet Operator,Transportation Services,ACC-00535,Mysuru,Karnataka,vijayatourstravels.in,29EDNCV7052Q1ZZ,,,Key,3,USR-198,2019-04-16 21:36:53
ACC-00537,Vijaya Tours & Travels Pvt Ltd - Bengaluru Branch,Cab Fleet Operator,Transportation Services,ACC-00535,Bengaluru,Karnataka,vijayatourstravels.in,29EDNCV7052Q1ZZ,,,Key,4,USR-199,2021-02-12 11:12:40
ACC-00538,Surya Employee Transport Solutions LLP,Employee Transport Services,Transportation Services,,Bengaluru,Karnataka,suryaemployeetransport.com,29BNAFS6383J1ZX,,,Key,158,USR-198,2020-08-12 19:25:53
ACC-00539,Surya Employee Transport Solutions LLP - Udupi Branch,Employee Transport Services,Transportation Services,ACC-00538,Udupi,Karnataka,suryaemployeetransport.com,29BNAFS6383J1ZX,,,Key,55,USR-197,2022-09-08 09:36:12
ACC-00540,Surya Mobility Services Pvt Ltd,Employee Transport Services,Transportation Services,,Bengaluru ,Karnataka,suryaemployeetransport.com,29JFYCS5584K1ZL,,,Key,136,USR-197,2021-07-28 17:17:44
ACC-00541,Akshaya Finance Pvt Ltd,Corporate (Staff & Executive Cars),Finance,,Bengaluru,Karnataka,akshayafinance.co.in,29GINCA2449Z1ZQ,104877819,,Key,61,USR-198,2023-05-15 14:04:01
ACC-00542,Akshaya Finance Pvt Ltd - Shivamogga Branch,Corporate (Staff & Executive Cars),Banking & Financial Services,ACC-00541,Shivamogga,Karnataka,akshayafinance.co.in,29GINCA2449Z1ZQ,,,Key,11,USR-198,2025-03-06 10:28:57
ACC-00543,Akshaya Finance Pvt Ltd - Hubballi Branch,Corporate (Staff & Executive Cars),Banking & Financial Services,ACC-00541,Hubballi,Karnataka,akshayafinance.co.in,29GINCA2449Z1ZQ,500531765,104877819,Key,9,USR-197,2023-11-27 08:07:08
ACC-00544,Akshaya Supermarts Ltd,Corporate (Staff & Executive Cars),Retail,ACC-00541,Davangere,Karnataka,akshayafinance.co.in,,187327324,104877819,Key,7,USR-198,2024-12-22 12:50:34
ACC-00545,Shubham Industries Pvt Ltd,Corporate (Staff & Executive Cars),Mfg,,Bengaluru,Karnataka,shubhamindustries.co.in,29FOHCS8915W1Z2,687142119,,Key,11,USR-200,2023-08-16 22:00:28
ACC-00546,Shubham Industries Pvt Ltd - Shivamogga Branch,Corporate (Staff & Executive Cars),Manufacturing,ACC-00545,Shivamogga,Karnataka,shubhamindustries.co.in,29FOHCS8915W1Z2,302588634,687142119,Key,2,USR-198,2026-01-16 08:53:24
ACC-00547,Shubham Industries Pvt Ltd - Udupi Branch,Corporate (Staff & Executive Cars),Manufacturer,ACC-00545,Udupi,Karnataka,shubhamindustries.co.in,29FOHCS8915W1Z2,976291736,687142119,Key,2,USR-199,2025-05-22 19:32:17
ACC-00548,Evergreen Leasing Pvt Ltd,Leasing & Subscription,Banking & Financial Services,,Hyderabad,Telangana,evergreenleasing.co.in,36QUPCE0478V1ZY,792558536,,Key,959,USR-197,2022-09-01 20:01:47
ACC-00549,Evergreen Auto Leasing Pvt Ltd,Leasing & Subscription,Banking & Financial Services,ACC-00548,Udupi,Karnataka,evergreenleasing.co.in,29BNKCE4983I1Z7,602914224,792558536,Key,628,USR-198,2023-09-28 09:38:12
ACC-00550,Evergreen Leasing Pvt Ltd - Mysuru Branch,Leasing & Subscription,Banking & Financial Services,ACC-00548,Mysuru,Karnataka,evergreenleasing.co.in,29QUPCE0478V1ZT,861445446,792558536,Key,104,USR-200,2023-06-11 01:16:49
ACC-00551,Bluechip Capital Pvt Ltd,Corporate (Staff & Executive Cars),Banking & Financial Services,,Bengaluru,Karnataka,bluechipcapital.co.in,29KLXCB 2159H1Z7,868488654,,Key,46,USR-197,2022-11-18 01:22:56
ACC-00552,Bluechip Capital Pvt Ltd - Belagavi Branch,Corporate (Staff & Executive Cars),Banking & Financial Services,ACC-00551,Belagavi,Karnataka,bluechipcapital.co.in,29KLXCB2159H1Z7,,,Key,15,USR-200,2023-09-15 03:34:14
ACC-00553,Bluechip Capital Pvt Ltd - Belagavi Branch,Corporate (Staff & Executive Cars),Banking & Financial Services,ACC-00551,Belagavi,Karnataka,bluechipcapital.co.in,29KLXCB2159H1Z7,176655865,868488654,Key,5,USR-197,2023-07-02 09:00:15
ACC-00554,Bluechip Builders Pvt Ltd,Corporate (Staff & Executive Cars),Construction & Real Estate,ACC-00551,Mangaluru,Karnataka,bluechipbuilders.in,29DENCB0911G1ZH,,,Key,8,USR-197,2024-04-23 09:41:08
ACC-00555,Bluechip Capital Pvt Ltd - Udupi Branch,Corporate (Staff & Executive Cars),Banking & Financial Services,ACC-00551,udupi,Karnataka,bluechipcapital.co.in,29KLXCB2159H1Z7,,,,9,USR-216,2023-06-14 03:56:06
ACC-00556,Surya Retail Pvt Ltd,Corporate (Staff & Executive Cars),Retail,,Bengaluru,Karnataka,suryaretail.co.in,29LSSCS4532J1ZE,854528397,,Key,15,USR-198,2021-04-10 11:08:04
ACC-00557,Surya Retail Pvt Ltd - Belagavi Branch,Corporate (Staff & Executive Cars),,ACC-00556,Belagavi,Karnataka,suryaretail.co.in,29LSSCS4532J1ZE,,,Key,2,USR-197,2021-11-18 23:41:48
ACC-00558,Surya Precision Components Pvt Ltd,Corporate (Staff & Executive Cars),Manufacturing,ACC-00556,Bengaluru,Karnataka,suryaprecisioncomponen.com,29UTKCS4602C1ZV,,,Key,5,USR-198,2021-11-09 07:22:59
ACC-00559,Surya Credit Services LLP,Corporate (Staff & Executive Cars),Banking & Financial Services,ACC-00556,udupi,Karnataka,suryacreditservices.co.in,29XQDFS1133U1Z2,,,Key,11,USR-197,2022-02-25 11:36:53
ACC-00560,Surya Retail Pvt Ltd - Tumakuru Branch,Corporate (Staff & Executive Cars),Retail,ACC-00556,Tumakuru,Karnataka,suryaretail.co.in,29LSSCS4532J1ZE,569338400,854528397,Key,2,USR-200,2021-11-04 07:28:07
ACC-00561,Surya Infotech Pvt Ltd,Corporate (Staff & Executive Cars),Information Technology,ACC-00556,Mangaluru,Karnataka,suryainfotech.co.in,29EBYCS8869D1Z3,,,Key,10,USR-198,2023-01-03 11:00:58
ACC-00562,Surya Builders Pvt Ltd,Corporate (Staff & Executive Cars),Construction & Real Estate,,Bengaluru,Karnataka,suryabuilders.co.in,29WPPCS3747E1ZG,505393902,854528397,Key,6,USR-200,2022-07-09 16:02:10
ACC-00563,Sanjeevini Hospitality Services Pvt Ltd,Hotels & Travel,Hospitality,,Bengaluru,Karnataka,sanjeevinihospitalitys.co.in,29OILCS1509P1ZV,,,Named,9,USR-208,2021-05-03 06:23:27
ACC-00564,Sanjeevini Hospitality Services Pvt Ltd - Udupi Branch,Hotels & Travel,Hospitality,ACC-00563,Udupi,Karnataka,sanjeevinihospitalitys.co.in,29OILCS1509P1ZV,,,Named,3,USR-206,2022-06-30 07:38:12
ACC-00565,Sanjeevini Resorts,Hotels & Travel,Hospitality,ACC-00563,Hubballi,Karnataka,sanjeeviniresorts.com,,,,Named,6,USR-208,2022-08-06 18:49:44
ACC-00566,Sanjeevini Holidays Pvt Ltd,Hotels & Travel,Hotel & Resorts,ACC-00563,Hubballi,Karnataka,sanjeeviniholidays.com,29OLWCS2787B1ZP,,,Named,23,USR-216,2022-04-01 04:43:40
ACC-00567,Sanjeevini Hospitality Services Pvt Ltd - Shivamogga Branch,Hotels & Travel,Hospitality,ACC-00563,Shivamogga,Karnataka,sanjeevinihospitalitys.co.in,29OILCS1509P1ZV,,,Named,2,USR-204,2021-11-27 03:49:25
ACC-00568,Sanjeevini Hospitality Services,Hotels & Travel,Hospitality,ACC-00563,bengaluru,Karnataka,sanjeevinihospitalitys.com,,,,Named,10,USR-209,2023-02-06 06:12:05
ACC-00569,Kadamba Employee Transport Solutions Pvt Ltd,Employee Transport Services,Transportation Services,,Bengaluru,Karnataka,kadambaemployeetranspo.in,29TAOCK5394V1ZH,174080568,,Key,207,USR-200,2022-01-28 15:22:31
ACC-00570,Kadamba Commute Solutions Pvt Ltd,Employee Transport Services,Transport,ACC-00569,Mysuru,Karnataka,kadambacommutesolution.co.in,29DFKCK0180K1ZV,782698773,174080568,Key,198,USR-200,2022-08-16 00:19:45
ACC-00571,Kadamba Employee Transport Solutions Pvt Ltd - Mysuru Branch,Employee Transport Services,Transportation Services,ACC-00569,Mysuru,Karnataka,kadambaemployeetranspo.in,29TAOCK5394V1ZH,890226344,174080568,Key,56,USR-197,2023-03-25 22:39:57
ACC-00572,Kadamba Corporate Mobility Pvt Ltd,Employee Transport Services,Transportation Services,ACC-00569,Bengaluru,Karnataka,kadambaemployeetranspo.in,29GKDCK4667Y1ZG,,,Key,104,USR-198,2023-10-03 02:07:18
ACC-00573,Kadamba Employee Transport Solutions Pvt Ltd - Hubballi Branch,Employee Transport Services,Transportation Services,ACC-00569,Hubballi,Karnataka,kadambaemployeetranspo.in,29TAOCK5394V1ZH,,,Key,47,USR-197,2023-08-02 21:32:32
ACC-00574,Netravati Credit Services Pvt Ltd,Corporate (Staff & Executive Cars),Banking,,Bengaluru,Karnataka,netravaticreditservice.co.in,29GRNCN4686A1ZZ,715341440,,Key,40,USR-197,2019-03-02 23:03:24
ACC-00575,Netravati Healthcare Products Pvt Ltd,Corporate (Staff & Executive Cars),Pharmaceuticals,ACC-00574,Hubballi,Karnataka,netravatihealthcarepro.co.in,29VNCCN7128X1Z1,302471422,715341440,Key,45,USR-198,2019-11-25 22:45:59
ACC-00576,Netravati Credit Services Pvt Ltd - Tumakuru Branch,Corporate (Staff & Executive Cars),Banking & Financial Services,,Tumakuru,Karnataka,netravaticreditservice.co.in,29GRNCN4686A1ZZ,762381804,715341440,,14,USR-204,2021-04-15 01:57:52
ACC-00577,Netravati Supermarts Pvt Ltd,Corporate (Staff & Executive Cars),,ACC-00574,Mangaluru,Karnataka,netravatisupermarts.in,29BGLCN4836G1ZP,,,Key,59,USR-197,2020-09-11 05:33:15
ACC-00578,Netravati Traders Pvt Ltd,Corporate (Staff & Executive Cars),Retail,,Bengaluru,Karnataka,netravatitraders.in,29RHZCN3633G1Z0,,,Key,11,USR-198,2020-12-31 08:18:11
ACC-00579,Netravati Credit Services Pvt Ltd - Mangaluru Branch,Corporate (Staff & Executive Cars),Banking & Financial Services,ACC-00574,Mangaluru,Karnataka,netravaticreditservice.co.in,29GRNCN4686A1ZZ,,,Key,8,USR-200,2019-04-12 14:44:46
ACC-00580,Netravati Credit Services Pvt Ltd - Belagavi Branch,Corporate (Staff & Executive Cars),Banking & Financial Services,ACC-00574,Belagavi,Karnataka,netravaticreditservice.co.in,29GRNCN4686A1ZZ,948511686,715341440,Key,13,USR-197,2020-01-11 10:35:22
ACC-00581,Elite Commute Solutions Pvt Ltd,Employee Transport Services,Transportation Services,,Bengaluru,Karnataka,elitecommutesolutions.co.in,29EAMCE6368T1Z8,158531928,,Key,200,USR-199,2020-10-25 05:45:57
ACC-00582,Elite Commute Solutions Pvt Ltd - Udupi Branch,Employee Transport Services,Transportation Services,ACC-00581,Udupi,Karnataka,elitecommutesolutions.co.in,29EAMCE6368T1Z8,344072936,158531928,,37,USR-204,2021-12-19 14:00:30
ACC-00583,Elite Commute Solutions Pvt Ltd - Mysuru Branch,Employee Transport Services,Transport,ACC-00581,Mysuru,Karnataka,elitecommutesolutions.co.in,29EAMCE6368T1Z8,,,,34,USR-214,2022-02-13 11:34:06
ACC-00584,Elite Commute Solutions Pvt Ltd - Davanagere Branch,Employee Transport Services,Transportation Services,ACC-00581,Davanagere,Karnataka,elitecommutesolutions.co.in,29EAMCE6368T1Z8,768579924,158531928,Key,26,USR-197,2021-01-07 07:41:06
ACC-00585,Elite Commute Solutions Pvt Ltd - Hubballi Branch,Employee Transport Services,Transportation Services,ACC-00581,Hubballi,Karnataka,elitecommutesolutions.co.in,29EAMCE6368T1Z8,,,Key,46,USR-200,2023-01-09 13:07:12
ACC-00586,Elite Commute Solutions Pvt Ltd - Udupi Branch,Employee Transport Services,Transportation Services,ACC-00581,Udupi,Karnataka,elitecommutesolutions.co.in,,,,Key,56,USR-198,2020-12-25 03:37:50
ACC-00587,Elite Mobility Services Pvt Ltd,Employee Transport Services,Transportation Services,ACC-00581,Bengaluru,Karnataka,elitecommutesolutions.co.in,29LWSCE1445P1ZA,887894414,158531928,Key,458,USR-200,2021-06-21 06:54:27
ACC-00588,Swift College,Hospitals & Education,Education,,Davanagere,Karnataka,swiftcollege.com,29HSATS5324X1Z9,,,Named,9,USR-207,2020-04-01 20:31:45
ACC-00589,Swift Diagnostics,Hospitals & Education,Medical,ACC-00588,Mysuru,Karnataka,swiftcollege.com,29VPTTS2397E1ZA,,,Named,30,USR-209,2021-05-22 18:16:00
ACC-00590,Swift Medical Trust Pvt Ltd,Hospitals & Education,,ACC-00588,Bengaluru,Karnataka,swiftcollege.com,29SHUCS9869Z1Z6,,,Named,3,USR-202,2022-08-20 22:00:35
ACC-00591,Swift College - Belagavi Branch,Hospitals & Education,Education,ACC-00588,Belagavi,Karnataka,swiftcollege.com,29HSATS5324X1Z9,,,Named,1,USR-209,2020-07-22 01:35:55
ACC-00592,Swift Hospital,Hospitals & Education,Healthcare,ACC-00588,Bengaluru,Karnataka,swifthospital.in,29OCHTS0101M1ZX,,,Named,8,USR-206,2020-09-17 22:27:50
ACC-00593,Swift College - Shivamogga Branch,Hospitals & Education,Education,ACC-00588,Shivamogga,Karnataka,swiftcollege.com,29HSATS5324X1Z9,,,,2,USR-204,2022-09-06 01:30:29
ACC-00594,Garden City Travels Pvt Ltd,Cab Fleet Operator,Transportation Services,,Bengaluru,Karnataka,gardencitytravels.in,29LFXCG9900Q1ZS,,,Key,118,USR-197,2019-09-02 17:50:27
ACC-00595,Garden Fleet Services LLP,Cab Fleet Operator,Transportation Services,ACC-00594,Bengaluru,Karnataka,gardencitytravels.in,,,,Key,41,USR-197,2019-11-24 08:19:13
ACC-00596,Garden City Travels Pvt Ltd - Shivamogga Branch,Cab Fleet Operator,Transportation Services,ACC-00594,Shivamogga,Karnataka,gardencitytravels.in,29LFXCG9900Q1ZS,,,Key,30,USR-199,2021-09-13 14:59:05
ACC-00597,Garden City Travels Pvt Ltd - Mangaluru Branch,Cab Fleet Operator,Transportation Services,ACC-00594,Mangaluru,Karnataka,gardencitytravels.in,29LFXCG9900Q1ZS,,,Key,39,USR-197,2019-12-04 09:06:44
ACC-00598,Garden Cab Services LLP,Cab Fleet Operator,Transportation Services,ACC-00594,Bengaluru,Karnataka,gardencitytravels.in,29XJDFG5997U1ZW,,,Key,51,USR-198,2021-04-29 12:23:48
ACC-00599,Garden City Travels Pvt Ltd - Udupi Branch,Cab Fleet Operator,Transportation Services,ACC-00594,Udupi,Karnataka,gardencitytravels.in,29LFXCG9900Q1ZS,,,Key,37,USR-200,2021-11-09 09:58:45
ACC-00600,Kadamba Digital Systems Pvt Ltd,Corporate (Staff & Executive Cars),Information Technology,,Bengaluru,Karnataka,kadambadigitalsystems.co.in,29QNMCK4350Q1ZJ,714746994,,Key,40,USR-198,2024-08-01 16:08:59
ACC-00601,Kadamba Technologies Pvt Ltd,Corporate (Staff & Executive Cars),Information Technology,ACC-00600,Mangalore,Karnataka,kadambatechnologies.co.in,29OFICK3528A1Z1,947919045,714746994,Key,17,USR-197,2025-10-03 13:22:27
ACC-00602,Kadamba Developers Pvt Ltd,Corporate (Staff & Executive Cars),Construction & Real Estate,ACC-00600,Bengaluru,Karnataka,kadambadigitalsystems.co.in,29HMDCK4963S1ZO,,,Key,12,USR-198,2024-10-21 19:40:40
ACC-00603,Kadamba Digital Systems Pvt Ltd - Udupi Branch,Corporate (Staff & Executive Cars),Information Technology,ACC-00600,Udupi,Karnataka,kadambadigitalsystems.co.in,29QNMCK4350Q1ZJ,486676097,714746994,Key,6,USR-198,2024-12-16 03:45:36
ACC-00604,Kadamba Industries Ltd,Corporate (Staff & Executive Cars),Manufacturing,ACC-00600,Hubballi,Karnataka,kadambadigitalsystems.co.in,29KVNCK6252J1Z,504511443,714746994,Key,13,USR-198,2025-01-13 06:47:05
ACC-00605,Kadamba Digital Systems Pvt Ltd - Mangaluru Branch,Corporate (Staff & Executive Cars),Information Technology,ACC-00600,Mangaluru,Karnataka,kadambadigitalsystems.co.in,29QNMCK4350Q1ZJ,131114496,714746994,Key,7,USR-200,2025-09-04 12:24:02
ACC-00606,Hoysala Car Subscription Services Pvt Ltd,Leasing & Subscription,Banking & Financial Services,,Hyderabad,Telangana,hoysalacarsubscription.com,36XPFCH7925K1ZO,398704725,,Key,2833,USR-200,2019-06-12 22:04:16
ACC-00607,Hoysala Car Subscription Services Pvt Ltd - Bengaluru Branch,Leasing & Subscription,Banking & Financial Services,ACC-00606,Bengaluru,Karnataka,hoysalacarsubscription.com,29XPFCH7925K1ZJ,722729327,398704725,Key,716,USR-198,2019-10-03 10:47:26
ACC-00608,Hoysala Car Subscription Services Pvt Ltd - Bengaluru Branch,Leasing & Subscription,Banking & Financial Services,ACC-00606,Bengaluru,Karnataka,hoysalacarsubscription.com,29XPFCH7925K1ZJ,799653457,398704725,Key,928,USR-200,2019-07-27 13:24:04
ACC-00609,Hoysala Fleet Leasing Pvt Ltd,Leasing & Subscription,BFSI,,Bengaluru,Karnataka,hoysalafleetleasing.com,29GPPCH9098Y1ZM,537489990,398704725,,339,USR-214,2021-06-06 19:31:38
ACC-00610,Hoysala Car Subscription Services Pvt Ltd - Tumakuru Branch,Leasing & Subscription,Banking & Financial Services,ACC-00606,Tumakuru,Karnataka,hoysalacarsubscription.com,29XPFCH7925K1ZJ,,,Key,696,USR-197,2020-06-17 21:08:43
ACC-00611,Hoysala Car Subscription Services Pvt Ltd - Tumakuru Branch,Leasing & Subscription,Banking & Financial Services,ACC-00606,Tumakuru,Karnataka,hoysalacarsubscription.com,29XPFCH7925K1ZJ,,,Key,671,USR-200,2020-10-04 04:16:57
ACC-00612,Vinayaka Self Drive Cars,Car Rental & Self-Drive,Automotive Rental,,Bengaluru,Karnataka,vinayakaselfdrivecars.in,29CLQPV7192S1ZD,782430202,,Named,47,USR-210,2020-08-11 12:47:32
ACC-00613,Vinayaka Rent-a-Car LLP,Car Rental & Self-Drive,Automotive Rental,ACC-00612,Bengaluru,Karnataka,vinayakarentacar.com,29UCOFV9519E1ZV,118992176,782430202,Named,31,USR-206,2022-01-29 16:52:40
ACC-00614,Vinayaka Self Drive Cars - Udupi Branch,Car Rental & Self-Drive,Automotive Rental,ACC-00612,Udupi,Karnataka,vinayakaselfdrivecars.in,29CLQPV7192S1ZD,,,Named,16,USR-209,2022-07-14 21:23:36
ACC-00615,Namma Employee Transport Solutions Pvt Ltd,Employee Transport Services,Transportation Services,,Bengaluru,Karnataka,nammaemployeetransport.com,29EDDCN0250Z1ZD,791464516,,Named,215,USR-209,2021-12-25 03:16:23
ACC-00616,Namma Employee Transport Solutions Pvt Ltd - Shivamogga Branch,Employee Transport Services,Transportation Services,,Shivamogga,Karnataka,nammaemployeetransport.com,29EDDCN0250Z1ZD,875117838,791464516,Named,55,USR-209,2023-05-24 21:10:49
ACC-00617,Namma Employee Transport Solutions Pvt Ltd - Tumakuru Branch,Employee Transport Services,Transportation Services,ACC-00615,Tumakuru,Karnataka,nammaemployeetransport.com,29EDDCN0250Z1ZD,976381989,791464516,Named,43,USR-216,2023-07-16 03:30:57
ACC-00618,Namma Mobility Services Pvt Ltd,Employee Transport Services,Transportation Services,ACC-00615,Udupi,Karnataka,nammaemployeetransport.com,29CSDCN3392G1Z6,,,Named,109,USR-207,2023-07-31 14:32:35
ACC-00619,Namma Employee Transport Solutions Pvt Ltd - Davanagere Branch,Employee Transport Services,Transport,ACC-00615,Davanagere,Karnataka,nammaemployeetransport.com,29EDDCN0250Z1ZD,122436565,791464516,Named,60,USR-211,2024-06-08 07:20:58
ACC-00620,Namma Fleet Services Pvt Ltd,Cab Fleet Operator,Transportation Services,,Bengaluru,Karnataka,nammafleetservices.co.in,29MNHCN3545H1Z5,,,Named,45,USR-208,2022-08-03 00:51:56
ACC-00621,Namma Fleet Services Pvt Ltd - Mangaluru Branch,Cab Fleet Operator,,ACC-00620,Mangaluru,Karnataka,nammafleetservices.co.in,29MNHCN3545H1Z5,,,Named,8,USR-203,2024-04-16 11:26:28
ACC-00622,Namma Fleet Services Pvt Ltd - Belagavi Branch,Cab Fleet Operator,Transportation Services,ACC-00620,Belagavi,Karnataka,nammafleetservices.co.in,29MNHCN3545H1Z5,,,Named,8,USR-206,2023-11-11 02:16:47
ACC-00623,Namma Fleet Services Pvt Ltd - Udupi Branch,Cab Fleet Operator,Transportation Services,ACC-00620,Udupi,Karnataka,nammafleetservices.co.in,29MNHCN3545H1Z5,,,,9,USR-208,2022-12-05 14:52:38
ACC-00624,Namma Cab Services Pvt Ltd,Cab Fleet Operator,Transportation Services,ACC-00620,Mysuru,Karnataka,nammafleetservices.co.in,29GLQCN2771Q1ZL,,,Named,55,USR-203,2024-11-25 11:55:32
ACC-00625,Rapid Employee Transport Solutions Pvt Ltd,Employee Transport Services,Transportation Services,,BLR,Karnataka,rapidemployeetransport.com,29YSSCR8394I1ZK,,,Named,455,USR-209,2019-02-03 07:42:52
ACC-00626,Rapid Mobility Services Pvt Ltd,Employee Transport Services,Transportation,ACC-00625,Hubballi,Karnataka,rapidmobilityservices.com,29RBTCR8118X1Z9,,,Named,173,USR-215,2020-01-21 12:09:07
ACC-00627,Rapid Commute Solutions Pvt Ltd,Employee Transport Services,Transportation Services,ACC-00625,Bengaluru,Karnataka,rapidcommutesolutions.com,,,,Named,87,USR-206,2020-08-03 14:18:32
ACC-00628,Rapid Employee Transport Solutions Pvt Ltd - Mangaluru Branch,Employee Transport Services,Transportation Services,ACC-00625,Mangaluru,Karnataka,rapidemployeetransport.com,29YSSCR8394I1ZK,,,Named,119,USR-209,2020-11-23 09:26:19
ACC-00629,Rapid Employee Transport Solutions Pvt Ltd - Shivamogga Branch,Employee Transport Services,Transportation Services,ACC-00625,Shivamogga,Karnataka,rapidemployeetransport.com,29YSSCR8394I1ZK,,,Named,53,USR-204,2021-05-01 03:32:12
ACC-00630,Rapid Employee Transport Solutions Pvt Ltd - Davanagere Branch,Employee Transport Services,Transportation Services,ACC-00625,Davangere,Karnataka,rapidemployeetransport.com,29YSSCR8394I1ZK,,,Named,113,USR-206,2020-11-10 11:19:36
ACC-00631,Rapid Staff Transport Services Pvt Ltd,Employee Transport Services,Transportation Services,ACC-00625,Davanagere,Karnataka,rapidstafftransportser.co.in,,,,Named,269,USR-214,2021-01-06 14:39:11
ACC-00632,Akshaya Technologies Pvt Ltd,Corporate (Staff & Executive Cars),Information Technology,,Bengaluru,Karnataka,akshayatechnologies.co.in,29UOLCA3959R1Z9,571463083,,Key,23,USR-197,2020-12-09 16:23:11
ACC-00633,Akshaya Constructions Pvt Ltd,Corporate (Staff & Executive Cars),Construction & Real Estate,ACC-00632,Bengaluru,Karnataka,akshayaconstructions.co.in,29YVACA7050V1Z4,,,Key,24,USR-198,2022-05-17 06:50:30
ACC-00634,Akshaya Technologies Pvt Ltd - Belagavi Branch,Corporate (Staff & Executive Cars),Information Technology,ACC-00632,Belgaum,Karnataka,akshayatechnologies.co.in,29UOLCA3959R1Z9,789804622,571463083,Key,4,USR-198,2023-04-28 17:40:56
ACC-00635,Akshaya Technologies Pvt Ltd - Davanagere Branch,Corporate (Staff & Executive Cars),,ACC-00632,Davanagere,Karnataka,akshayatechnologies.co.in,29UOLCA3959R1Z9,,,Key,3,USR-197,2021-02-25 03:15:18
ACC-00636,Akshaya Infra Projects LLP,Corporate (Staff & Executive Cars),Construction & Real Estate,ACC-00632,Hubballi,Karnataka,akshayainfraprojects.com,29KTCFA9015N1ZT,,,Key,13,USR-198,2022-04-04 21:26:12
ACC-00637,Orbit Staff Transport Services LLP,Employee Transport Services,Transportation Services,,Chennai,Tamil Nadu,orbitstafftransportser.in,33STGFO8227Z1ZM,131309805,,Key,288,USR-200,2021-01-17 17:09:34
ACC-00638,Orbit Mobility Services Pvt Ltd,Employee Transport Services,Transportation Services,ACC-00637,Bengaluru,Karnataka,orbitmobilityservices.com,29FNHCO5997C1Z1,325955498,131309805,Key,49,USR-197,2023-06-25 03:42:20
ACC-00639,Orbit Staff Transport Services LLP - Belagavi Branch,Employee Transport Services,Travels,ACC-00637,Belagavi,Karnataka,orbitstafftransportser.in,29STGFO8227Z1ZB,,,Key,74,USR-200,2021-08-18 08:16:48
ACC-00640,Orbit Employee Transport Solutions Pvt Ltd,Employee Transport Services,Transportation Services,ACC-00637,Bengaluru,Karnataka,orbitstafftransportser.in,29FLGCO0989Z1Z5,536628705,131309805,Key,257,USR-197,2023-03-30 10:11:28
ACC-00641,Orbit Staff Transport Services LLP - Hubballi Branch,Employee Transport Services,Transportation,ACC-00637,Hubballi,Karnataka,orbitstafftransportser.in,29STGFO8227Z1ZI,167115988,131309805,Key,55,USR-197,2023-06-19 00:30:41
ACC-00642,Annapoorna Car Subscription Services Pvt Ltd,Leasing & Subscription,Banking & Financial Services,,Chennai,Tamil Nadu,annapoornacarsubscript.in,33JDVCA8825S1Z7,183247989,,Key,769,USR-198,2020-10-09 16:20:03
ACC-00643,Annapoorna Car Subscription Services Pvt Ltd - Mangaluru Branch,Leasing & Subscription,Banking & Financial Services,ACC-00642,Mangalore,Karnataka,annapoornacarsubscript.in,29JDVCA8825S1ZW,576846579,183247989,Key,230,USR-198,2021-05-16 12:15:40
ACC-00644,Annapoorna Car Subscription Services Pvt Ltd - Hubballi Branch,Leasing & Subscription,Banking & Financial Services,ACC-00642,Hubballi,Karnataka,annapoornacarsubscript.in,29JDVCA8825S1ZW,,,,232,USR-202,2023-03-22 23:53:52
ACC-00645,Annapoorna Car Subscription Services Ltd,Leasing & Subscription,Banking & Financial Services,ACC-00642,Bengaluru,Karnataka,annapoornacarsubscript.in,29TDECA9789I1Z6,,,,1787,USR-216,2021-05-08 18:56:37
ACC-00646,Annapoorna Car Subscription Services Pvt Ltd - Davanagere Branch,Leasing & Subscription,Banking & Financial Services,ACC-00642,Davanagere,Karnataka,annapoornacarsubscript.in,29JDVCA8825S1ZW,530992448,183247989,Key,141,USR-200,2022-06-19 22:21:26
ACC-00647,Annapoorna Car Subscription Services Pvt Ltd - Tumakuru Branch,Leasing & Subscription,Banking & Financial Services,ACC-00642,Tumakuru,Karnataka,annapoornacarsubscript.in,29JDVCA8825S1ZW,614712093,183247989,Key,89,USR-198,2021-08-31 00:18:01
ACC-00648,Malnad Healthcare Products Pvt Ltd,Corporate (Staff & Executive Cars),Pharmaceuticals,,Mysuru,Karnataka,malnadhealthcareproduc.co.in,29BNUCM8065P1ZE,906742043,,Key,35,USR-198,2021-12-26 05:21:38
ACC-00649,Malnad Life Sciences Pvt Ltd,Corporate (Staff & Executive Cars),Pharmaceuticals,ACC-00648,Udupi,Karnataka,malnadhealthcareproduc.co.in,29WIUCM4588V1ZN,866133122,906742043,Key,29,USR-197,2022-01-31 02:57:37
ACC-00650,Malnad Healthcare Products Pvt Ltd - Belagavi Branch,Corporate (Staff & Executive Cars),Pharmaceuticals,ACC-00648,Belgaum,Karnataka,malnadhealthcareproduc.co.in,29BNUCM8065P1ZE,,,Key,5,USR-200,2023-01-27 16:02:10
ACC-00651,Malnad Healthcare Products Pvt Ltd - Shivamogga Branch,Corporate (Staff & Executive Cars),Pharmaceuticals,ACC-00648,Shivamogga,Karnataka,malnadhealthcareproduc.co.in,29BNUCM8065P1ZE,813023825,906742043,Key,10,USR-198,2022-06-10 03:19:31
ACC-00652,Malnad Healthcare Products Pvt Ltd - Tumakuru Branch,Corporate (Staff & Executive Cars),Pharmaceuticals,ACC-00648,Tumakuru,Karnataka,malnadhealthcareproduc.co.in,29BNUCM8065P1ZE,288825961,906742043,Key,10,USR-198,2023-10-17 01:54:08
ACC-00653,Malnad Credit Services Ltd,Corporate (Staff & Executive Cars),,ACC-00648,Hubballi,Karnataka,malnadcreditserviceslt.com,29JWWCM9545L1ZR,273774886,906742043,Key,11,USR-197,2023-10-26 09:58:10
ACC-00654,Garden City Auto Leasing Pvt Ltd,Leasing & Subscription,Banking & Financial Services,,Chennai,Tamil Nadu,gardencityautoleasing.com,33ENGCG5453E1ZZ,761900801,,Key,805,USR-197,2024-06-23 11:49:24
ACC-00655,Garden Leasing Pvt Ltd,Leasing & Subscription,Banking & Financial Services,ACC-00654,Bengaluru,Karnataka,gardencityautoleasing.com,29GKRCG3737J1Z7,372435817,761900801,Key,132,USR-198,2026-09-22 00:00:00
ACC-00656,Garden City Auto Leasing Pvt Ltd - Mysuru Branch,Leasing & Subscription,Banking & Financial Services,ACC-00654,Mysuru,Karnataka,gardencityautoleasing.com,29ENGCG5453E1ZO,450443180,761900801,Key,135,USR-197,2026-02-16 16:24:15
ACC-00657,Garden City Auto Leasing Pvt Ltd - Tumakuru Branch,Leasing & Subscription,Banking & Financial Services,,Tumakuru,Karnataka,gardencityautoleasing.com,29ENGCG5453E1ZO,413390359,761900801,Key,258,USR-198,2026-09-22 00:00:00
ACC-00658,Karavali Mobility Services Pvt Ltd,Employee Transport Services,Transportation Services,,Hyderabad,Telangana,karavalimobilityservic.com,36EJQCK5755N1ZZ,,,Named,226,USR-216,2024-10-25 20:07:03
ACC-00659,Karavali Employee Transport Solutions Pvt Ltd,Employee Transport Services,Transportation Services,ACC-00658,Bengaluru,Karnataka,karavaliemployeetransp.in,29FLFCK1581N1Z8,,,Named,132,USR-204,2026-07-18 21:50:02
ACC-00660,Karavali Mobility Services Pvt Ltd - Tumakuru Branch,Employee Transport Services,Transportation Services,ACC-00658,Tumakuru,Karnataka,karavalimobilityservic.com,29EJQCK5755N1ZU,,,Named,78,USR-216,2024-12-18 05:34:24
ACC-00661,Karavali Mobility Services Pvt Ltd - Mysuru Branch,Employee Transport Services,Transportation Services,ACC-00658,Mysuru,Karnataka,karavalimobilityservic.com,29EJQCK5755N1ZU,,,Named,44,USR-214,2025-06-06 00:48:56
ACC-00662,Karavali Mobility Services Pvt Ltd - Belagavi Branch,Employee Transport Services,Transportation Services,ACC-00658,Belagavi,Karnataka,karavalimobilityservic.com,,,,,50,USR-211,2026-09-22 00:00:00
ACC-00663,Karavali Mobility Services Pvt Ltd - Davanagere Branch,Employee Transport Services,Transportation Services,ACC-00658,Davanagere,Karnataka,karavalimobilityservic.com,29EJQCK5755N1ZU,,,,62,USR-209,2026-04-03 21:42:35
ACC-00664,Karavali Mobility Services Ltd,Employee Transport Services,Transportation Services,ACC-00658,Bengaluru,Karnataka,karavalimobilityservic.co.in,,,,Named,24,USR-202,2026-01-03 18:31:06
ACC-00665,Tunga Healthcare Products Ltd,Corporate (Staff & Executive Cars),Pharmaceuticals,,Bengaluru,Karnataka,tungahealthcareproduct.co.in,29FATCT5624D1ZT,149130144,,Named,67,USR-204,2025-01-03 00:54:49
ACC-00666,Tunga Healthcare Products Ltd - Tumakuru Branch,Corporate (Staff & Executive Cars),Pharmaceuticals,ACC-00665,Tumakuru,Karnataka,tungahealthcareproduct.co.in,29FATCT5624D1ZT,,,Named,11,USR-202,2026-09-22 00:00:00
ACC-00667,Tunga Capital Pvt Ltd,Corporate (Staff & Executive Cars),Banking & Financial Services,ACC-00665,Bengaluru,Karnataka,tungacapital.in,29SSECT7701D1ZW,616844322,149130144,Named,20,USR-211,2026-01-09 10:34:39
ACC-00668,Tunga Healthcare Products Ltd - Hubballi Branch,Corporate (Staff & Executive Cars),Pharma,ACC-00665,Hubballi,Karnataka,tungahealthcareproduct.co.in,29FATCT5624D1ZT,340382148,149130144,Named,21,USR-206,2025-07-14 22:17:21
ACC-00669,Crescent Hospitality Services,Hotels & Travel,Hospitality,,Mysuru,Karnataka,crescenthospitalityser.in,29LCWPC9271M1ZC,830416242,,Named,19,USR-213,2023-04-03 18:37:16
ACC-00670,Crescent Hospitality Services - Hubballi Branch,Hotels & Travel,Hospitality,ACC-00404,Hubballi,Karnataka,crescenthospitalityser.in,29LCWPC9271M1ZC,448140560,830416242,Named,3,USR-211,2023-08-21 18:05:54
ACC-00671,Crescent Hospitality Services - Tumakuru Branch,Hotels & Travel,Hospitality,ACC-00669,Tumakuru,Karnataka,crescenthospitalityser.in,29LCWPC9271M1ZC,882430758,830416242,Named,7,USR-196,2024-01-29 16:23:18
ACC-00672,Crescent Hospitality Services - Belagavi Branch,Hotels & Travel,Hospitality,ACC-00669,Belagavi,Karnataka,crescenthospitalityser.in,29LCWPC9271M1ZC,453593795,830416242,Named,6,USR-212,2023-06-14 02:02:49
ACC-00673,Crescent Hospitality Services - Hubballi Branch,Hotels & Travel,Hospitality,ACC-00669,Hubballi,Karnataka,crescenthospitalityser.in,29LCWPC9271M1ZC,,,Named,4,USR-202,2025-08-22 23:25:50
ACC-00674,Crescent Holidays Pvt Ltd,Hotels & Travel,Hospitality,ACC-00669,Mysore,Karnataka,crescentholidays.co.in,29XZMCC0301D1Z4,,,Named,12,USR-211,2024-03-12 23:55:12
ACC-00675,Nandi Corporate Mobility Pvt Ltd,Employee Transport Services,Transport,,Mumbai,Maharashtra,nandicorporatemobility.com,27CAQCN1576O1ZJ,957651861,,Key,792,USR-197,2021-01-02 09:25:56
ACC-00676,Nandi Corporate Mobility Pvt Ltd - Shivamogga Branch,Employee Transport Services,Transportation Services,,Shivamogga,Karnataka,nandicorporatemobility.com,29CAQCN1576O1ZF,,,Key,209,USR-198,2021-06-04 06:55:49
ACC-00677,Nandi Staff Transport Services Pvt Ltd,Employee Transport Services,Transportation Services,ACC-00675,Bengaluru,Karnataka,nandistafftransportser.in,29VULCN9138X1Z8,,,Key,244,USR-199,2023-03-23 21:05:09
ACC-00678,Nandi Corporate Mobility Pvt Ltd - Udupi Branch,Employee Transport Services,Transportation Services,ACC-00675,Udupi,Karnataka,nandicorporatemobility.com,29CAQCN1576O1ZF,466128619,957651861,,95,USR-208,2022-05-24 11:17:25
ACC-00679,Nandi Corporate Mobility Pvt Ltd - Mangaluru Branch,Employee Transport Services,Transportation Services,ACC-90679,Mangaluru,Karnataka,nandicorporatemobility.com,,476102009,957651861,Key,266,USR-199,2021-12-08 09:02:27
ACC-00680,Nandi Corporate Mobility Pvt Ltd - Belagavi Branch,Employee Transport Services,Transportation Services,ACC-00675,Belagavi,Karnataka,nandicorporatemobility.com,29CAQCN1576O1ZF,294481484,957651861,Key,124,USR-200,2021-05-24 05:16:47
ACC-00681,Nandi Mobility Services Pvt Ltd,Employee Transport Services,,ACC-00675,Bengaluru,Karnataka,nandicorporatemobility.com,29PZFCN7693Y1Z0,112310779,957651861,Key,115,USR-197,2022-11-05 17:31:54
ACC-00682,Evergreen Hotels & Resorts,Hotels & Travel,Hospitality,,Bengaluru,Karnataka,evergreenhotelsresorts.in,29TEPPE6235R1Z5,,,Key,57,USR-197,2020-09-30 11:03:46
ACC-00683,Evergreen Hotels & Resorts - Belagavi Branch,Hotels & Travel,Hospitality,ACC-00682,Belagavi,Karnataka,evergreenhotelsresorts.in,29TEPPE6235R1Z5,,,Key,9,USR-197,2021-01-22 10:28:33
ACC-00684,Evergreen Holidays,Hotels & Travel,Hospitality,ACC-00682,Bengaluru,Karnataka,evergreenholidays.in,29IPZPE9289Y1ZL,,,Key,7,USR-198,2022-01-05 08:00:57
ACC-00685,Evergreen Hotels & Resorts - Tumakuru Branch,Hotels & Travel,Hospitality,ACC-00682,Tumkur,Karnataka,evergreenhotelsresorts.in,29TEPPE6235R1Z5,,,Key,7,USR-198,2020-11-07 20:49:38
ACC-00686,Evergreen Hospitality Services,Hotels & Travel,Hospitality,ACC-90686,Bengaluru,Karnataka,evergreenhotelsresorts.in,,,,Key,15,USR-200,2021-05-13 02:48:44
ACC-00687,Evergreen Resorts LLP,Hotels & Travel,Hospitality,ACC-00682,Hubballi,Karnataka,evergreenresorts.co.in,29QUWFE1135J1ZG,,,Key,6,USR-198,2021-10-29 11:02:12
ACC-00688,Sapphire Institute of Technology Pvt Ltd,Hospitals & Education,Education,,Bengaluru,Karnataka,sapphireinstituteoftec.co.in,29UIECS9883V1ZR,502128407,,Named,69,USR-209,2023-09-25 06:57:11
ACC-00689,Sapphire Institute of Technology Pvt Ltd - Mangaluru Branch,Hospitals & Education,Education,ACC-00688,Mangaluru,Karnataka,sapphireinstituteoftec.co.in,29UIECS9883V1ZR,,,Named,23,USR-208,2024-12-16 00:19:40
ACC-00690,Sapphire Multispeciality Hospital,Hospitals & Education,Healthcare,ACC-00688,Bengaluru,Karnataka,sapphiremultispecialit.in,29VAMTS1607D1ZV,119487587,502128407,Named,2,USR-216,2025-02-14 21:36:21
ACC-00691,Sapphire Public School,Hospitals & Education,Education,ACC-00688,Bengaluru,Karnataka,sapphireinstituteoftec.co.in,29RBNTS5699T1Z7,,,Named,7,USR-209,2025-12-15 08:56:03
ACC-00692,Sapphire Education Trust,Hospitals & Education,Education,ACC-00688,Bengaluru,Karnataka,sapphireeducationtrust.in,29PIBTS6710S1ZU,919825596,502128407,,18,USR-216,2026-02-10 08:44:47
ACC-00693,Akshaya Employee Transport Solutions Pvt Ltd,Employee Transport Services,Transportation Services,,Mumbai,Maharashtra,akshayaemployeetranspo.com,27FOUCA6903U1ZN,789029275,,Key,311,USR-197,2021-11-30 12:31:51
ACC-00694,Akshaya Employee Transport Solutions Pvt Ltd - Hubballi Branch,Employee Transport Services,Transportation Services,ACC-00693,Hubballi,Karnataka,akshayaemployeetranspo.com,29FOUCA6903U1ZJ,,,Key,106,USR-198,2022-12-05 22:26:29
ACC-00695,Akshaya Employee Transport Solutions Pvt Ltd - Mangaluru Branch,Employee Transport Services,Transportation,ACC-00774,Mangaluru,Karnataka,akshayaemployeetranspo.com,29FOUCA6903U1ZJ,327822304,789029275,Key,105,USR-198,2022-04-21 23:36:13
ACC-00696,Bharath Builders Pvt Ltd,Corporate (Staff & Executive Cars),Construction & Real Estate,,Belagavi,Karnataka,bharathbuilders.co.in,29AORCB6685H1Z2,592403142,,Named,96,USR-207,2021-01-11 03:39:37
ACC-00697,Bharath Developers Pvt Ltd,Corporate (Staff & Executive Cars),Construction & Real Estate,ACC-00696,Bengaluru,Karnataka,bharathdevelopers.in,29DCHCB9813W1ZB,,,,9,USR-207,2023-02-23 08:12:24
ACC-00698,Bharath Finance Pvt Ltd,Corporate (Staff & Executive Cars),Banking & Financial Services,ACC-00696,Udupi,Karnataka,bharathbuilders.co.in,29ANXCB6552A1ZM,,,Named,20,USR-202,2022-08-29 18:23:14
ACC-00699,Bharath Life Sciences Pvt Ltd,Corporate (Staff & Executive Cars),Pharmaceuticals,ACC-00696,Udupi,Karnataka,bharathlifesciences.in,29DTQCB3230L1Z6,,,,107,USR-202,2021-06-29 18:34:29
ACC-00700,Sunrise Capital Pvt Ltd,Corporate (Staff & Executive Cars),Banking,,Udupi,Karnataka,sunrisecapital.com,29czacs5126k1zp,616477106,,Named,31,USR-209,2024-04-06 19:19:51
ACC-00701,Sunrise Industries Pvt Ltd,Corporate (Staff & Executive Cars),Manufacturing,,Bengaluru,Karnataka,sunriseindustries.co.in,29HKWCS8089I1ZC,364402262,616477106,,39,USR-204,2026-06-25 19:33:09
ACC-00702,Sunrise Capital Pvt Ltd - Davanagere Branch,Corporate (Staff & Executive Cars),Banking & Financial Services,ACC-00700,Davanagere,Karnataka,sunrisecapital.com,29CZACS5126K1ZP,,,Named,6,USR-206,2026-02-11 05:58:43
ACC-00703,Sunrise Capital Pvt Ltd - Mysuru Branch,Corporate (Staff & Executive Cars),Banking & Financial Services,ACC-00700,Mysuru,Karnataka,sunrisecapital.com,,,,Named,10,USR-214,2026-06-30 10:54:55
ACC-00704,Kaveri Traders LLP,Corporate (Staff & Executive Cars),Retail,,Bengaluru,Karnataka,kaveritraders.com,29MJCFK0309S1Z4,923481474,,Named,105,USR-208,2023-01-27 04:37:42
ACC-00705,Kaveri Traders LLP - Mysuru Branch,Corporate (Staff & Executive Cars),,ACC-00704,Mysuru,Karnataka,kaveritraders.com,,575407962,923481474,,29,USR-204,2024-01-27 03:26:11
ACC-00706,Kaveri Traders LLP - Hubballi Branch,Corporate (Staff & Executive Cars),Retail,ACC-00704,Hubballi,Karnataka,kaveritraders.com,29MJCFK0309S1Z4,785585443,923481474,Named,31,USR-208,2023-04-02 12:31:50
ACC-00707,Kaveri Traders LLP - Hubballi Branch,Corporate (Staff & Executive Cars),Retail,ACC-00704,Hubballi,Karnataka,kaveritraders.com,29MJCFK0309S1Z4,645364385,923481474,,28,USR-211,2024-06-19 14:14:01
ACC-00708,Kaveri Traders LLP - Belagavi Branch,Corporate (Staff & Executive Cars),Retail,ACC-00704,Belagavi,Karnataka,kaveritraders.com,29MJCFK0309S1Z4,,,Named,27,USR-205,2024-12-28 11:47:42
ACC-00709,Karavali Staff Transport Services Pvt Ltd,Employee Transport Services,Transportation Services,,Davanagere,Karnataka,karavalistafftransport.in,29GNZCK3822Z1ZZ,,,Key,140,USR-198,2024-06-13 01:45:12
ACC-00710,Karavali Staff Transport Services Pvt Ltd - Bengaluru Branch,Employee Transport Services,Transportation Services,,Bengaluru,Karnataka,karavalistafftransport.in,29GNZCK3822Z1ZZ,,,Key,38,USR-200,2026-07-09 00:06:35
ACC-00711,Karavali Staff Transport Services Pvt Ltd - Bengaluru Branch,Employee Transport Services,Transportation Services,ACC-00709,Bengaluru,Karnataka,karavalistafftransport.in,,,,Key,28,USR-200,2025-05-29 18:36:17
ACC-00712,Karavali Staff Transport Services Pvt Ltd - Mangaluru Branch,Employee Transport Services,Transportation Services,,Mangaluru,Karnataka,karavalistafftransport.in,29GNZCK3822Z1ZZ,,,,25,USR-207,2025-02-13 05:51:48
ACC-00713,Karavali Staff Transport Services Pvt Ltd - Udupi Branch,Employee Transport Services,Transportation Services,ACC-00709,Udupi,Karnataka,karavalistafftransport.in,29GNZCK3822Z1ZZ,,,Key,32,USR-197,2024-10-17 23:28:28
ACC-00714,Karavali Staff Transport Services Pvt Ltd - Mysuru Branch,Employee Transport Services,Transportation Services,ACC-00709,Mysuru,Karnataka,karavalistafftransport.in,29GNZCK3822Z12Z,,,Key,32,USR-198,2026-01-22 20:55:44
ACC-00715,Sanjeevini Infotech Pvt Ltd,Corporate (Staff & Executive Cars),Information Technology,,Bengaluru,Karnataka,sanjeeviniinfotech.co.in,29FHTCS0452A1ZU,585926928,,Named,125,USR-203,2020-05-15 07:04:19
ACC-00716,Sanjeevini Infotech Pvt Ltd - Tumakuru Branch,Corporate (Staff & Executive Cars),Information Technology,ACC-00715,Tumakuru,Karnataka,sanjeeviniinfotech.co.in,29FHTCS0452A1ZU,435461815,585926928,Named,39,USR-208,2020-08-02 16:39:36
ACC-00717,Sanjeevini Infotech Pvt Ltd - Mangaluru Branch,Corporate (Staff & Executive Cars),Information Technology,ACC-00715,Mangaluru,Karnataka,sanjeeviniinfotech.co.in,29FHTCS0452A1ZU,658066769,585926928,Named,33,USR-202,2021-11-18 07:41:12
ACC-00718,Sanjeevini Infotech Pvt Ltd - Hubballi Branch,Corporate (Staff & Executive Cars),Information Technology,ACC-00715,Hubballi,Karnataka,sanjeeviniinfotech.co.in,29FHTCS0452A1ZU,132374711,585926928,Named,36,USR-208,2022-05-31 14:12:07
ACC-00719,Sanjeevini Infotech Pvt Ltd - Belagavi Branch,Corporate (Staff & Executive Cars),IT Services,ACC-00715,Belagavi,Karnataka,sanjeeviniinfotech.co.in,29FHTCS0452A1ZU,,,,38,USR-204,2021-08-29 23:35:34
ACC-00720,Shree Balaji Software Solutions LLP,Corporate (Staff & Executive Cars),Information Technology,,Bengaluru,Karnataka,shreebalajisoftwaresol.co.in,29FXPFS8487X1ZT,360819505,,Key,45,USR-200,2020-06-22 21:56:29
ACC-00721,Shree Balaji Software Solutions LLP - Shivamogga Branch,Corporate (Staff & Executive Cars),Information Technology,ACC-00720,Shivamogga,Karnataka,shreebalajisoftwaresol.co.in,29FXPFS8487X1ZT,947860959,360819505,Key,7,USR-197,2021-11-26 20:14:19
ACC-00722,Shree Infotech LLP,Corporate (Staff & Executive Cars),Information Technology,ACC-90722,Bengaluru,Karnataka,shreeinfotech.co.in,29RGCFS7894C1ZZ,484756806,360819505,Key,11,USR-197,2020-07-26 06:37:09
ACC-00723,Shree Builders Pvt Ltd,Corporate (Staff & Executive Cars),Construction & Real Estate,ACC-00720,BLR,Karnataka,shreebuilders.co.in,29XFGCS3789W1ZY,968620957,360819505,Key,11,USR-197,2021-01-14 06:25:45
ACC-00724,Annapoorna Traders Pvt Ltd,Corporate (Staff & Executive Cars),Retail,,Bengaluru,Karnataka,annapoornatraders.com,29XWBCA3795C1ZT,344023045,,Named,86,USR-202,2022-10-10 13:21:02
ACC-00725,Annapoorna Precision Components LLP,Corporate (Staff & Executive Cars),Manufacturing,ACC-00724,Bengaluru,Karnataka,annapoornaprecisioncom.com,29UDWFA5887R1Z8,731266174,344023045,Named,15,USR-202,2024-06-28 10:55:56
ACC-00726,Annapoorna Supermarts Pvt Ltd,Corporate (Staff & Executive Cars),Retail,ACC-00724,Bengaluru,Karnataka,annapoornasupermarts.com,29PLGCA5695Z1Z4,,,Named,24,USR-207,2024-06-05 04:06:45
ACC-00727,Garden City Commute Solutions Pvt Ltd,Employee Transport Services,Transportation Services,,Hubballi,Karnataka,gardencitycommutesolut.in,29GIICG9242W1ZQ,196363515,,Key,286,USR-198,2024-12-17 02:31:53
ACC-00728,Garden City Commute Solutions Pvt Ltd - Mangaluru Branch,Employee Transport Services,Transportation Services,ACC-00727,Mangaluru,Karnataka,gardencitycommutesolut.in,29GIICG9242W1ZQ,714783082,196363515,Key,44,USR-198,2026-04-02 08:35:00
ACC-00729,Garden City Commute Solutions Pvt Ltd - Tumakuru Branch,Employee Transport Services,Transportation Services,ACC-00727,Tumkur,Karnataka,gardencitycommutesolut.in,29GIICG9242W1ZQ,362593993,196363515,Key,47,USR-200,2026-06-05 18:48:51
ACC-00730,Surya Car Subscription Services Pvt Ltd,Leasing & Subscription,Banking & Financial Services,,Hubballi,Karnataka,suryacarsubscriptionse.in,29TMICS0172X1Z4,265842998,,Key,754,USR-200,2020-08-18 21:24:36
ACC-00731,Surya Car Subscription Services Pvt Ltd - Mangaluru Branch,Leasing & Subscription,Banking & Financial Services,ACC-00730,Mangaluru,Karnataka,suryacarsubscriptionse.in,29TMICS0172X1Z4,,,Key,99,USR-197,2020-11-29 12:55:31
ACC-00732,Surya Leasing Pvt Ltd,Leasing & Subscription,Banking & Financial Services,ACC-00730,Bengaluru,Karnataka,suryacarsubscriptionse.in,29TSCCS0598R1ZW,423741391,265842998,Key,261,USR-198,2023-01-10 05:47:52
ACC-00733,Surya Fleet Leasing Pvt Ltd,Leasing & Subscription,Banking & Financial Services,ACC-00730,Bengaluru,Karnataka,suryacarsubscriptionse.in,29URMCS5840E1ZJ,166638418,265842998,Key,270,USR-198,2021-12-27 18:31:36
ACC-00734,Surya Auto Leasing Pvt Ltd,Leasing & Subscription,Banking & Financial Services,ACC-00730,Mysuru,Karnataka,suryacarsubscriptionse.in,29YVACS5090E1ZH,,,Key,160,USR-198,2022-12-19 04:27:57
ACC-00735,Surya Fleet Leasing LLP,Leasing & Subscription,BFSI,ACC-00730,Shivamogga,Karnataka,suryafleetleasing.com,29BILFS5721Q1ZU,,,Key,366,USR-197,2022-11-10 07:26:53
ACC-00736,Surya Car Subscription Services Pvt Ltd - Shivamogga Branch,Leasing & Subscription,Finance,ACC-00730,Shivamogga,Karnataka,suryacarsubscriptionse.in,29TMICS0172X1Z4,496339120,265842998,Key,76,USR-198,2021-03-05 11:21:30
ACC-00737,Sterling Industries Pvt Ltd,Corporate (Staff & Executive Cars),Manufacturing,,Bengaluru,Karnataka,sterlingindustries.in,29BFCCS6228Z1ZU,,,Named,43,USR-202,2022-10-21 16:38:27
ACC-00738,Sterling Industries Pvt Ltd - Belagavi Branch,Corporate (Staff & Executive Cars),Manufacturing,ACC-00737,Belagavi,Karnataka,sterlingindustries.in,29BFCCS6228Z1ZU,,,Named,11,USR-214,2023-11-15 18:26:22
ACC-00739,Sterling Industries Pvt Ltd - Udupi Branch,Corporate (Staff & Executive Cars),Manufacturing,ACC-00737,Udupi,Karnataka,sterlingindustries.in,,,,Named,13,USR-206,2024-12-31 03:39:37
ACC-00740,Silicon Car Hire Pvt Ltd,Car Rental & Self-Drive,Automotive Rental,,Mysuru,Karnataka,siliconcarhire.in,29GXSCS4884E1Z5,,,Named,210,USR-208,2023-02-16 20:57:42
ACC-00741,Silicon Car Rentals Pvt Ltd,Car Rental & Self-Drive,Automotive Rental,ACC-00740,Bengaluru,Karnataka,siliconcarrentals.com,29NGUCS6819X1ZX,,,,18,USR-202,2023-04-25 03:15:07
ACC-00742,Silicon Car Hire Pvt Ltd - Hubballi Branch,Car Rental & Self-Drive,Automotive Rental,ACC-00740,Hubballi,Karnataka,siliconcarhire.in,29GXSCS4884E1Z5,,,,70,USR-202,2024-04-08 04:03:28
ACC-00743,Silicon Car Hire Pvt Ltd - Udupi Branch,Car Rental & Self-Drive,Automotive Rental,,udupi,Karnataka,siliconcarhire.in,29GXSCS4884E1Z5,,,,71,USR-214,2025-01-15 07:25:32
ACC-00744,Silicon Car Rentals,Car Rental & Self-Drive,Automotive Rental,ACC-00740,Bengaluru,Karnataka,siliconcarhire.in,29IWNPS0555D1Z1,,,Named,36,USR-209,2024-10-18 09:47:04
ACC-00745,Silicon Car Hire Pvt Ltd - Mangaluru Branch,Car Rental & Self-Drive,Automotive Rental,ACC-00740,Mangaluru,Karnataka,siliconcarhire.in,29GXSCS4884E1Z5,,,Named,68,USR-208,2025-06-24 04:13:59
ACC-00746,Silicon Car Rentals LLP,Car Rental & Self-Drive,Car Rental,ACC-00740,Mangaluru,Karnataka,siliconcarrentals.co.in,29KVDFS5879I1Z0,,,Named,19,USR-216,2023-04-10 11:22:23
ACC-00747,Ujwal Employee Transport Solutions Pvt Ltd,Employee Transport Services,Transportation Services,,Bengaluru,Karnataka,ujwalemployeetransport.co.in,29PGHCU9474C1Z,471862515,,Key,1277,USR-198,2019-11-21 18:18:16
ACC-00748,Ujwal Employee Transport Solutions Pvt Ltd - Shivamogga Branch,Employee Transport Services,Transportation Services,ACC-00747,Shimoga,Karnataka,ujwalemployeetransport.co.in,29PGHCU9474C1Z4,821361285,471862515,Key,316,USR-200,2022-04-06 19:17:19
ACC-00749,Ujwal Corporate Mobility Pvt Ltd,Employee Transport Services,Transportation Services,ACC-00747,Bengaluru,Karnataka,ujwalcorporatemobility.in,29MFVCU5682E1Z4,,,Key,158,USR-197,2019-12-22 17:06:25
ACC-00750,Ujwal Mobility Services Pvt Ltd,Employee Transport Services,Transportation Services,ACC-00747,Hubballi,Karnataka,ujwalmobilityservices.co.in,29KYXCU7527S1Z5,901890568,471862515,Key,56,USR-197,2020-06-20 20:47:13
ACC-00751,Ujwal Commute Solutions Pvt Ltd,Employee Transport Services,Transportation Services,ACC-00747,Hubballi,Karnataka,ujwalemployeetransport.co.in,29OLYCU3735E1ZP,,,Key,118,USR-197,2022-01-27 01:28:23
ACC-00752,Ujwal Employee Transport Solutions Pvt Ltd - Udupi Branch,Employee Transport Services,Transportation Services,ACC-00747,Udupi,Karnataka,ujwalemployeetransport.co.in,29PGHCU9474C1Z4,304379002,471862515,,271,USR-211,2020-12-24 21:46:47
ACC-00753,Ujwal Employee Transport Solutions Pvt Ltd - Davanagere Branch,Employee Transport Services,Transportation Services,ACC-00747,Davanagere,Karnataka,ujwalemployeetransport.co.in,29PGHCU9474C1Z4,980609346,471862515,Key,443,USR-200,2019-12-29 10:32:53
ACC-00754,Bluechip Mobility Services LLP,Employee Transport Services,Transportation Services,,Bengaluru,Karnataka,bluechipmobilityservic.in,29EDIFB7394B1Z0,,,Key,258,USR-197,2023-01-09 23:20:10
ACC-00755,Bluechip Mobility Services LLP - Mysuru Branch,Employee Transport Services,Transportation Services,ACC-00754,Mysuru,Karnataka,bluechipmobilityservic.in,29EDIFB7394B1Z0,,,Key,86,USR-198,2024-05-14 04:47:31
ACC-00756,Bluechip Employee Transport Solutions Pvt Ltd,Employee Transport Services,Transportation Services,ACC-00754,Bengaluru,Karnataka,bluechipmobilityservic.in,29TGYCB8398F1ZR,,,Key,86,USR-199,2023-07-15 07:05:47
ACC-00757,Bluechip Commute Solutions Pvt Ltd,Employee Transport Services,Transportation Services,ACC-00754,Bengaluru,Karnataka,bluechipmobilityservic.in,29YUICB2378K1ZE,,,Key,39,USR-197,2025-05-12 11:24:08
ACC-00758,Bluechip Mobility Services LLP - Udupi Branch,Employee Transport Services,Transportation Services,ACC-00754,Udupi,Karnataka,bluechipmobilityservic.in,29EDIFB7394B1Z0,,,Key,49,USR-197,2024-10-19 02:33:56
ACC-00759,Shubham Infra Projects LLP,Corporate (Staff & Executive Cars),Construction & Real Estate,,Mangaluru,Karnataka,shubhaminfraprojects.in,29UVGFS0662K1Z4,383477407,,Key,63,USR-198,2021-06-24 23:38:14
ACC-00760,Shubham Infra Projects LLP - Hubballi Branch,Corporate (Staff & Executive Cars),Construction & Real Estate,ACC-00759,Hubballi,Karnataka,shubhaminfraprojects.in,29UVGFS0662K1Z4,355041338,383477407,Key,12,USR-200,2022-03-27 20:14:36
ACC-00761,Shubham Infra Projects LLP - Mysuru Branch,Corporate (Staff & Executive Cars),Construction & Real Estate,ACC-00759,Mysuru,Karnataka,shubhaminfraprojects.in,29UVGFS0662K1Z4,843722370,383477407,Key,8,USR-197,2022-03-04 10:53:55
ACC-00762,Shubham Precision Components LLP,Corporate (Staff & Executive Cars),Manufacturing,ACC-00759,Bengaluru,Karnataka,shubhamprecisioncompon.in,29WTGFS2623I1ZD,926862621,383477407,Key,13,USR-198,2022-12-06 11:36:50
ACC-00763,Chaitanya Pharmaceuticals Pvt Ltd,Corporate (Staff & Executive Cars),Pharmaceuticals,,Mysuru,Karnataka,chaitanyapharmaceutica.co.in,29ZGPCC1843O1ZY,773277391,,Named,18,USR-216,2018-11-05 20:53:27
ACC-00764,Chaitanya Pharmaceuticals Pvt Ltd - Udupi Branch,Corporate (Staff & Executive Cars),Pharmaceuticals,,udupi,Karnataka,chaitanyapharmaceutica.co.in,29ZGPCC1843O1ZY,779789785,773277391,Named,4,USR-209,2019-11-11 20:03:34
ACC-00765,Chaitanya Pharmaceuticals Pvt Ltd - Shivamogga Branch,Corporate (Staff & Executive Cars),Pharmaceuticals,ACC-00763,Shivamogga,Karnataka,chaitanyapharmaceutica.co.in,29ZGPCC1843O1ZY,471909706,773277391,,5,USR-211,2021-02-20 18:08:05
ACC-00766,Chaitanya Pharmaceuticals Pvt Ltd - Shivamogga Branch,Corporate (Staff & Executive Cars),Pharmaceuticals,ACC-00763,Shivamogga,Karnataka,chaitanyapharmaceutica.co.in,29ZGPCC1843O1ZY,932133296,773277391,Named,6,USR-208,2020-12-14 10:02:01
ACC-00767,Chaitanya Pharmaceuticals Pvt Ltd - Udupi Branch,Corporate (Staff & Executive Cars),Pharmaceuticals,ACC-00763,Udupi,Karnataka,chaitanyapharmaceutica.co.in,29ZGPCC1843O1ZY,282433024,773277391,,2,USR-204,2019-06-09 00:25:38
ACC-00768,Vinayaka Traders Pvt Ltd,Corporate (Staff & Executive Cars),Retail,,Tumakuru,Karnataka,vinayakatraders.com,29SLDCV9733T1Z0,701017512,,Key,84,USR-197,2021-10-27 17:37:14
ACC-00769,Vinayaka Traders Pvt Ltd - Shivamogga Branch,Corporate (Staff & Executive Cars),Retail,ACC-00768,Shivamogga,Karnataka,vinayakatraders.com,29SLDCV9733T1Z0,,,Key,25,USR-198,2023-04-10 02:20:42
ACC-00770,Vinayaka Engineering Works Pvt Ltd,Corporate (Staff & Executive Cars),Manufacturing,ACC-00768,Bengaluru,Karnataka,vinayakatraders.com,,924101029,701017512,,27,USR-204,2022-09-08 01:30:19
ACC-00771,Vinayaka Constructions Pvt Ltd,Corporate (Staff & Executive Cars),Construction & Real Estate,ACC-00768,Bengaluru,Karnataka,vinayakaconstructions.com,29XBACV9579E1Z2,995138495,701017512,Key,8,USR-198,2022-03-02 15:07:22
ACC-00772,Vinayaka Traders Pvt Ltd - Bengaluru Branch,Corporate (Staff & Executive Cars),Retail,,Bengaluru,Karnataka,vinayakatraders.com,29SLDCV9733T1Z0,,,Key,17,USR-197,2022-01-29 08:11:44
ACC-00773,Vinayaka Digital Systems Ltd,Corporate (Staff & Executive Cars),Information Technology,ACC-00122,Bengaluru,Karnataka,vinayakadigitalsystems.in,29RTACV5673N1Z1,430041264,701017512,,22,USR-202,2023-11-21 18:13:57
ACC-00774,Emerald Resorts Pvt Ltd,Hotels & Travel,Hospitality,,Bengaluru ,Karnataka,emeraldresorts.co.in,,772780350,,Named,24,USR-216,2024-01-28 23:23:15
ACC-00775,Emerald Resorts Pvt Ltd - Udupi Branch,Hotels & Travel,Hospitality,ACC-00774,Udupi,Karnataka,emeraldresorts.co.in,29MIZCE7161S1ZF,621135096,772780350,Named,6,USR-208,2024-12-03 15:03:27
ACC-00776,Emerald Resorts Pvt Ltd - Mysuru Branch,Hotels & Travel,Hospitality,ACC-00774,Mysuru,Karnataka,emeraldresorts.co.in,29MIZCE7161S1ZF,983412695,772780350,Named,8,USR-209,2024-07-22 20:25:43
ACC-00777,Emerald Resorts Pvt Ltd - Shivamogga Branch,Hotels & Travel,Hospitality,ACC-00774,Shivamogga,Karnataka,emeraldresorts.co.in,29MIZCE7161S1ZF,876713497,772780350,Named,2,USR-202,2026-06-02 17:13:31
ACC-00778,Emerald Resorts Pvt Ltd - Shivamogga Branch,Hotels & Travel,Hospitality,ACC-00774,Shivamogga,Karnataka,emeraldresorts.co.in,29MIZCE7161S1ZF,297256725,772780350,Named,4,USR-211,2024-10-26 14:06:30
ACC-00779,Emerald Hospitality Services,Hotels & Travel,Hospitality,,Mysuru,Karnataka,emeraldresorts.co.in,29QJCPE9703V1ZZ,905234768,772780350,Named,17,USR-209,2025-04-06 15:51:03
ACC-00780,Metro Traders Pvt Ltd,Corporate (Staff & Executive Cars),,,Bengaluru,Karnataka,metrotraders.com,29YBUCM9386M1ZC,880240450,,Named,13,USR-202,2025-04-17 08:00:52
ACC-00781,Metro Healthcare Products Pvt Ltd,Corporate (Staff & Executive Cars),Pharmaceuticals,ACC-00780,Bengaluru,Karnataka,metrohealthcareproduct.in,29HRHCM8280J1ZO,198572256,880240450,Named,21,USR-209,2025-10-31 04:12:48
ACC-00782,Metro Traders Pvt Ltd - Davanagere Branch,Corporate (Staff & Executive Cars),Retail,ACC-00780,Davanagere,Karnataka,metrotraders.com,29YBUCM9386M1ZC,848784045,880240450,Named,3,USR-204,2026-09-22 00:00:00
ACC-00783,Metro Traders Pvt Ltd - Shivamogga Branch,Corporate (Staff & Executive Cars),Retail,ACC-00780,Shivamogga,Karnataka,metrotraders.com,29YBUCM9386M1ZC,913528132,880240450,,4,USR-216,2025-06-06 11:35:56
ACC-00784,Metro Software Solutions Pvt Ltd,Corporate (Staff & Executive Cars),IT,ACC-00780,Bengaluru,Karnataka,metrotraders.com,29XUECM7019X1ZM,,,Named,45,USR-209,2026-08-17 11:35:28
ACC-00785,Metro Capital Pvt Ltd,Corporate (Staff & Executive Cars),Banking & Financial Services,ACC-00780,Bengaluru,Karnataka,metrocapital.in,29khfcm8875k1zx,,,Named,14,USR-202,2025-08-29 09:53:55
ACC-00786,Urbanline Infotech Pvt Ltd,Corporate (Staff & Executive Cars),,,Bengaluru,Karnataka,urbanlineinfotech.in,29IKDCU9733I1ZZ,624457860,,Named,18,USR-207,2021-03-15 10:30:10
ACC-00787,Urbanline Infotech Pvt Ltd - Belagavi Branch,Corporate (Staff & Executive Cars),Information Technology,ACC-00786,Belagavi,Karnataka,urbanlineinfotech.in,29IKDCU9733I1ZZ,,,Named,4,USR-216,2022-12-15 15:45:30
ACC-00788,Urbanline Life Sciences Pvt Ltd,Corporate (Staff & Executive Cars),Pharmaceuticals,ACC-00786,Mangaluru,Karnataka,urbanlinelifesciences.co.in,29PRYCU9765V1ZV,956744278,624457860,,12,USR-213,2023-08-17 08:07:30
ACC-00789,Urbanline Supermarts Pvt Ltd,Corporate (Staff & Executive Cars),Retail,ACC-00786,Mangaluru,Karnataka,urbanlineinfotech.in,29RYYCU8568E1ZF,688200460,624457860,,27,USR-205,2022-06-23 13:53:28
ACC-00790,Ujwal Rent-a-Car,Car Rental & Self-Drive,Automotive Rental,,Bengaluru,Karnataka,ujwalrentacar.in,29EAFPU0251L1ZA,,,Named,119,USR-209,2019-10-05 21:09:12
ACC-00791,Ujwal Self Drive Cars Pvt Ltd,Car Rental & Self-Drive,Automotive Rental,,Hubballi,Karnataka,ujwalrentacar.in,29RIACU3214M1Z9,,,Named,112,USR-216,2020-11-04 16:21:12
ACC-00792,Ujwal Rent-a-Car - Belagavi Branch,Car Rental & Self-Drive,Automotive Rental,ACC-00790,Belagavi,Karnataka,ujwalrentacar.in,29EAFPU0251L1ZA,,,,35,USR-208,2021-06-18 12:32:54
ACC-00793,Ujwal Rent-a-Car - Mangaluru Branch,Car Rental & Self-Drive,Automotive Rental,ACC-00790,Mangaluru,Karnataka,ujwalrentacar.in,29EAFPU0251L1ZA,,,Named,18,USR-211,2020-01-22 23:52:20
ACC-00794,Ujwal Car Hire,Car Rental & Self-Drive,Automotive Rental,ACC-00790,Davanagere,Karnataka,ujwalcarhire.co.in,29OMRPU5538R1Z7,,,Named,13,USR-208,2022-02-10 06:56:00
ACC-00795,Ujwal Rent-a-Car - Shivamogga Branch,Car Rental & Self-Drive,Automotive Rental,ACC-00790,Shivamogga,Karnataka,ujwalrentacar.in,29EAFPU0251L1ZA,,,Named,23,USR-206,2020-10-08 22:32:17
ACC-00796,Ujwal Rent-a-Car - Davanagere Branch,Car Rental & Self-Drive,Automotive Rental,ACC-00790,Davanagere,Karnataka,ujwalrentacar.in,29EAFPU0251L12A,,,Named,13,USR-204,2021-10-02 12:14:21
ACC-00797,Namma Tours & Travels Pvt Ltd,Cab Fleet Operator,Transportation Services,,Bengaluru,Karnataka,nammatourstravels.com,29VJUCN6947V1ZM,,,Key,55,USR-200,2021-06-08 12:27:18
ACC-00798,Namma Tours & Travels,Cab Fleet Operator,,ACC-00797,BLR,Karnataka,nammatourstravels.com,29AEDPN9143B1ZJ,,,Key,24,USR-197,2022-01-04 15:08:58
ACC-00799,Namma Tours & Travels Pvt Ltd - Davanagere Branch,Cab Fleet Operator,Transportation,ACC-00797,Davanagere,Karnataka,nammatourstravels.com,29VJUCN6947V1ZM,,,Key,15,USR-198,2021-11-26 09:41:09
ACC-00800,Krishna Finance Pvt Ltd,Corporate (Staff & Executive Cars),Banking & Financial Services,,Bengaluru,Karnataka,krishnafinance.in,29HYOCK3940A1ZZ,606004798,,Key,21,USR-198,2018-12-29 08:43:53
ACC-00801,Krishna Finance Pvt Ltd - Mysuru Branch,Corporate (Staff & Executive Cars),Banking & Financial Services,ACC-00800,Mysuru,Karnataka,krishnafinance.in,29HYOCK3940A1ZZ,147496446,606004798,Key,7,USR-199,2020-07-18 14:06:32
ACC-00802,Krishna Developers Pvt Ltd,Corporate (Staff & Executive Cars),Construction & Real Estate,ACC-00800,Mysore,Karnataka,krishnafinance.in,29LAXCK1968Z1ZC,,,Key,7,USR-198,2021-01-11 12:25:40
ACC-00803,Shubham Staff Transport Services Pvt Ltd,Employee Transport Services,Transportation Services,,BLR,Karnataka,shubhamstafftransports.in,29NNWCS7459X1ZA,329312015,,Named,84,USR-216,2022-09-30 04:07:39
ACC-00804,Shubham Mobility Services Pvt Ltd,Employee Transport Services,Transportation Services,ACC-00803,Hubballi,Karnataka,shubhammobilityservice.in,29MHXCS8745X1ZO,374240442,329312015,Named,26,USR-211,2024-07-09 00:55:26
ACC-00805,Shubham Staff Transport Services Ltd,Employee Transport Services,Transportation Services,ACC-00803,Shivamogga,Karnataka,shubhamstafftransports.com,29QYUCS5059K1ZL,352580963,329312015,Named,61,USR-208,2023-09-15 06:21:22
ACC-00806,Shubham Staff Transport Services Pvt Ltd - Davanagere Branch,Employee Transport Services,Transportation Services,ACC-00803,Davanagere,Karnataka,shubhamstafftransports.in,29NNWCS7459X1ZA,577069222,329312015,Named,16,USR-208,2023-03-15 14:25:21
ACC-00807,Shubham Staff Transport Services Pvt Ltd - Tumakuru Branch,Employee Transport Services,Transportation Services,ACC-00803,Tumakuru,Karnataka,shubhamstafftransports.in,29NNWCS7459X1ZA,120693059,329312015,Named,18,USR-201,2023-09-10 01:07:54
ACC-00808,Shubham Corporate Mobility Ltd,Employee Transport Services,Transport,ACC-00803,Mysuru,Karnataka,shubhamstafftransports.in,29VQRCS4269B1Z,,,Named,92,USR-211,2022-12-07 00:53:59
ACC-00809,Chamundi Healthcare Products Pvt Ltd,Corporate (Staff & Executive Cars),Pharmaceuticals,,Bengaluru,Karnataka,chamundihealthcareprod.co.in,29EESCC7034Q1ZD,783934781,,Key,12,USR-198,2022-07-20 20:35:51
ACC-00810,Chamundi Healthcare Products Pvt Ltd - Tumakuru Branch,Corporate (Staff & Executive Cars),Pharmaceuticals,ACC-00404,Tumakuru,Karnataka,chamundihealthcareprod.co.in,29EESCC7034Q1ZD,753929114,783934781,Key,4,USR-198,2024-04-07 16:15:28
ACC-00811,Chamundi Healthcare Products Pvt Ltd - Tumakuru Branch,Corporate (Staff & Executive Cars),Pharmaceuticals,ACC-00809,Tumakuru,Karnataka,chamundihealthcareprod.co.in,29EESCC7034Q1ZD,144358971,783934781,,2,USR-206,2024-04-02 01:28:23
ACC-00812,Chamundi Healthcare Products Pvt Ltd - Mangaluru Branch,Corporate (Staff & Executive Cars),Pharma,,Mangaluru,Karnataka,chamundihealthcareprod.co.in,29EESCC7034Q1ZD,565280189,783934781,Key,1,USR-198,2024-09-10 02:48:35
ACC-00813,Chamundi Healthcare Products Pvt Ltd - Shivamogga Branch,Corporate (Staff & Executive Cars),Pharmaceuticals,ACC-00809,Shimoga,Karnataka,chamundihealthcareprod.co.in,29EESCC7034Q1ZD,453144668,783934781,Key,3,USR-198,2023-10-10 08:51:51
ACC-00814,Hoysala Holidays Pvt Ltd,Hotels & Travel,Hospitality,,Bengaluru,Karnataka,hoysalaholidays.com,29RKLCH0131Q1Z5,,,Named,41,USR-207,2022-01-27 16:31:42
ACC-00815,Hoysala Holidays Pvt Ltd - Mysuru Branch,Hotels & Travel,Hotel & Resorts,ACC-00814,Mysuru,Karnataka,hoysalaholidays.com,29RKLCH0131Q1Z5,,,Named,6,USR-216,2022-12-22 19:29:15
ACC-00816,Hoysala Holidays Pvt Ltd - Mangaluru Branch,Hotels & Travel,Hospitality,ACC-00814,Mangaluru,Karnataka,hoysalaholidays.com,29RKLCH0131Q1Z5,,,,7,USR-211,2023-07-02 05:14:18
ACC-00817,Hoysala Holidays Pvt Ltd - Mangaluru Branch,Hotels & Travel,Hospitality,ACC-00814,Mangaluru,Karnataka,hoysalaholidays.com,,,,Named,11,USR-209,2024-05-10 06:54:43
ACC-00818,Hoysala Holidays Pvt Ltd - Hubballi Branch,Hotels & Travel,Hospitality,ACC-00814,Hubballi,Karnataka,hoysalaholidays.com,29RKLCH0131Q1Z5,,,Named,5,USR-204,2023-10-18 22:58:00
ACC-00819,Anugraha Holidays,Hotels & Travel,Hospitality,,Mysuru,Karnataka,anugrahaholidays.co.in,29VURPA6937E1ZQ,,,Named,8,USR-209,2023-01-07 10:28:31
ACC-00820,Anugraha Holidays - Belagavi Branch,Hotels & Travel,Hospitality,,Belagavi,Karnataka,anugrahaholidays.co.in,,,,Named,1,USR-209,2023-09-08 15:52:02
ACC-00821,Anugraha Holidays - Tumakuru Branch,Hotels & Travel,,ACC-00819,Tumkur,Karnataka,anugrahaholidays.co.in,29VURPA6937E1ZQ,,,Named,1,USR-204,2025-01-24 08:56:04
ACC-00822,Vishwa Employee Transport Solutions Pvt Ltd,Employee Transport Services,Transportation Services,,Mumbai,Maharashtra,vishwaemployeetranspor.com,27LHFCV5495M1ZT,289005946,,Key,1224,USR-198,2021-03-27 23:28:13
ACC-00823,Vishwa Employee Transport Solutions Pvt Ltd - Mysuru Branch,Employee Transport Services,Transportation,ACC-00822,Mysuru,Karnataka,vishwaemployeetranspor.com,29LHFCV5495M1ZP,448734120,289005946,Key,230,USR-198,2021-05-30 18:59:05
ACC-00824,Vishwa Employee Transport Solutions Pvt Ltd - Tumakuru Branch,Employee Transport Services,Transportation Services,ACC-00822,Tumakuru,Karnataka,vishwaemployeetranspor.com,29LHFCV5495M1ZP,181944454,289005946,Key,131,USR-200,2023-01-09 14:45:00
ACC-00825,Vishwa Staff Transport Services Pvt Ltd,Employee Transport Services,Transportation Services,ACC-00822,Hubballi,Karnataka,vishwaemployeetranspor.com,29SRNCV4411Y1ZN,199398091,289005946,Key,82,USR-198,2021-05-31 10:53:15
ACC-00826,Vishwa Employee Transport Solutions Pvt Ltd - Hubballi Branch,Employee Transport Services,Transportation Services,ACC-00822,Hubballi,Karnataka,vishwaemployeetranspor.com,29LHFCV5495M1ZP,583727251,289005946,Key,269,USR-198,2022-08-01 22:52:07
ACC-00827,Vinayaka Tours & Travels,Cab Fleet Operator,Transportation Services,,Hubballi,Karnataka,vinayakatourstravels.co.in,29EWOPV7315K1ZI,,,Named,114,USR-207,2020-07-02 00:45:42
ACC-00828,Vinayaka Tours & Travels - Davanagere Branch,Cab Fleet Operator,Transportation Services,ACC-00827,Davanagere,Karnataka,vinayakatourstravels.co.in,29EWOPV7315K1ZI,,,,34,USR-211,2022-04-21 18:37:09
ACC-00829,Vinayaka Tours & Travels - Mysuru Branch,Cab Fleet Operator,Transportation Services,ACC-00827,Mysuru,Karnataka,vinayakatourstravels.co.in,29EWOPV7315K1ZI,,,Named,16,USR-216,2020-11-28 11:27:25
ACC-00830,Vinayaka Tours & Travels - Mangaluru Branch,Cab Fleet Operator,Transportation Services,ACC-00827,Mangaluru,Karnataka,vinayakatourstravels.co.in,29EWOPV7315K1ZI,,,Named,14,USR-211,2021-01-15 23:17:43
ACC-00831,Vinayaka Tours & Travels - Shivamogga Branch,Cab Fleet Operator,Transportation Services,ACC-00827,Shivamogga,Karnataka,vinayakatourstravels.co.in,29EWOPV7315K1ZI,,,,34,USR-214,2022-03-03 00:49:58
ACC-00832,Vinayaka Tours & Travels - Belagavi Branch,Cab Fleet Operator,Transportation Services,ACC-00827,Belagavi,Karnataka,vinayakatourstravels.co.in,29EWOPV7315K1ZI,,,,14,USR-204,2021-12-05 15:22:37
ACC-00833,Suvarna Software Solutions Ltd,Corporate (Staff & Executive Cars),Information Technology,,Belagavi,Karnataka,suvarnasoftwaresolutio.com,29AGHCS5959K1Z6,241391712,,Key,11,USR-198,2020-04-28 00:05:50
ACC-00834,Suvarna Engineering Works Ltd,Corporate (Staff & Executive Cars),Manufacturing,ACC-00833,Belagavi,Karnataka,suvarnaengineeringwork.in,29GWECS3307O1ZK,769906232,241391712,Key,25,USR-197,2021-11-14 23:18:13
ACC-00835,Suvarna Software Solutions Ltd - Mysuru Branch,Corporate (Staff & Executive Cars),Information Technology,ACC-00833,Mysore,Karnataka,suvarnasoftwaresolutio.com,29AGHCS5959K1Z6,259904585,241391712,Key,2,USR-198,2020-09-23 00:33:22
ACC-00836,Amrutha Infotech LLP,Corporate (Staff & Executive Cars),Information Technology,,Mangaluru,Karnataka,amruthainfotech.co.in,29JZIFA5864A1ZU,966328864,,Key,29,USR-197,2023-07-12 13:27:16
ACC-00837,Amrutha Retail Pvt Ltd,Corporate (Staff & Executive Cars),Retail,ACC-00836,Mysuru,Karnataka,amrutharetail.com,29TTZCA8797P1ZC,,,Key,31,USR-199,2025-06-16 12:07:58
ACC-00838,Amrutha Infotech LLP - Udupi Branch,Corporate (Staff & Executive Cars),Information Technology,ACC-00836,Udupi,Karnataka,amruthainfotech.co.in,29JZIFA5864A1ZU,413113719,966328864,Key,4,USR-200,2023-10-06 09:46:21
ACC-00839,Amrutha Digital Systems Pvt Ltd,Corporate (Staff & Executive Cars),Information Technology,ACC-00836,Bengaluru,Karnataka,amruthadigitalsystems.in,29KDJCA1473X1Z7,639170621,966328864,,18,USR-205,2025-02-25 10:08:00
ACC-00840,Amrutha Engineering Works Pvt Ltd,Corporate (Staff & Executive Cars),Mfg,ACC-00836,Bengaluru,Karnataka,amruthaengineeringwork.in,29DKOCA6042E1ZY,604592049,966328864,Key,14,USR-197,2025-07-05 05:31:19
ACC-00841,Hoysala Car Rentals LLP,Car Rental & Self-Drive,Automotive Rental,,Bengaluru,Karnataka,hoysalacarrentals.in,29VKMFH4035M1ZR,683517398,,Named,153,USR-208,2024-10-18 21:41:19
ACC-00842,Hoysala Car Rentals LLP - Tumakuru Branch,Car Rental & Self-Drive,Automotive Rental,ACC-00841,Tumakuru,Karnataka,hoysalacarrentals.in,29VKMFH4035M1ZR,408758167,683517398,Named,49,USR-211,2024-12-07 14:47:41
ACC-00843,Hoysala Self Drive Cars,Car Rental & Self-Drive,Automotive Rental,ACC-00841,Bengaluru,Karnataka,hoysalaselfdrivecars.in,29AUDPH7073B1ZR,,,Named,16,USR-214,2026-08-07 23:02:52
ACC-00844,Vinayaka Precision Components Pvt Ltd,Corporate (Staff & Executive Cars),Mfg,,Bengaluru,Karnataka,vinayakaprecisioncompo.in,29YIWCV1750C1ZV,,,Named,34,USR-201,2022-06-10 17:06:06
ACC-00845,Vinayaka Precision Components Pvt Ltd - Mysuru Branch,Corporate (Staff & Executive Cars),Manufacturing,,Mysuru,Karnataka,vinayakaprecisioncompo.in,29YIWCV1750C1ZV,,,Named,7,USR-213,2023-02-03 13:48:28
ACC-00846,Vinayaka Precision Components Pvt Ltd - Tumakuru Branch,Corporate (Staff & Executive Cars),Manufacturing,ACC-00844,Tumakuru,Karnataka,vinayakaprecisioncompo.in,29YIWCV1750C1ZV,,,Named,9,USR-210,2023-05-27 08:07:20
ACC-00847,Vishwa Builders Pvt Ltd,Corporate (Staff & Executive Cars),Construction & Real Estate,,Bengaluru,Karnataka,vishwabuilders.co.in,29RTHCV0069B1ZV,751104775,,Key,89,USR-200,2021-01-05 01:14:18
ACC-00848,Vishwa Builders Pvt Ltd - Tumakuru Branch,Corporate (Staff & Executive Cars),Construction & Real Estate,ACC-00847,Tumakuru,Karnataka,vishwabuilders.co.in,29RTHCV0069B1ZV,,,Key,15,USR-200,2021-12-31 15:34:42
ACC-00849,Vishwa Credit Services Pvt Ltd,Corporate (Staff & Executive Cars),Banking & Financial Services,ACC-00847,Bengaluru,Karnataka,vishwacreditservices.in,29HYRCV1383D1ZE,205466970,751104775,Key,18,USR-197,2023-01-09 08:13:25
ACC-00850,Vishwa Life Sciences Pvt Ltd,Corporate (Staff & Executive Cars),Pharmaceuticals,ACC-00847,Bengaluru,Karnataka,vishwabuilders.co.in,29HMICV1764Z1Z1,609757658,751104775,Key,9,USR-197,2021-03-22 09:58:19
ACC-00851,Vishwa Builders Pvt Ltd - Mysuru Branch,Corporate (Staff & Executive Cars),Construction & Real Estate,ACC-00847,Mysuru,Karnataka,vishwabuilders.co.in,29RTHCV0069B1ZV,683476277,751104775,Key,17,USR-200,2022-07-27 02:58:09
ACC-00852,Vishwa Builders Pvt Ltd - Mangaluru Branch,Corporate (Staff & Executive Cars),,ACC-00847,Mangaluru,Karnataka,vishwabuilders.co.in,29RTHCV0069B1ZV,879367593,751104775,,16,USR-211,2021-06-29 16:45:59
ACC-00853,Vishwa Retail Pvt Ltd,Corporate (Staff & Executive Cars),Retail,ACC-00847,Hubballi,Karnataka,vishwaretail.in,29XHQCV7789N1ZR,978366889,751104775,,29,USR-214,2022-01-09 12:13:05
ACC-00854,Prime Tours & Travels,Cab Fleet Operator,Transportation Services,,Bengaluru,Karnataka,primetourstravels.com,29VDUPP3654B1ZL,,,Named,84,USR-211,2023-10-13 23:24:52
ACC-00855,Prime Fleet Services Pvt Ltd,Cab Fleet Operator,Transportation Services,ACC-00854,Bengaluru,Karnataka,primefleetservices.co.in,29MARCP0088U1ZT,,,Named,58,USR-208,2026-03-08 11:08:04
ACC-00856,Prime Tours & Travels - Shivamogga Branch,Cab Fleet Operator,Transportation Services,ACC-00854,Shivamogga,Karnataka,primetourstravels.com,29VDUPP3654B1ZL,,,,23,USR-204,2023-12-11 00:28:21
ACC-00857,Prime Taxi Services Pvt Ltd,Cab Fleet Operator,Transportation Services,ACC-00854,Mangaluru,Karnataka,primetourstravels.com,29SNHCP2612Z1Z6,,,Named,34,USR-203,2024-07-30 07:20:20
ACC-00858,Prime Tours & Travels Pvt Ltd,Cab Fleet Operator,Transportation Services,ACC-00854,Bengaluru,Karnataka,primetourstravels.com,29JINCP9176M1ZK,,,Named,23,USR-208,2025-02-10 20:43:12
ACC-00859,Sai Krupa Hospital Pvt Ltd,Hospitals & Education,Healthcare,,Bengaluru,Karnataka,saikrupahospital.in,29DSPCS0150H1Z4,,,,3,USR-214,2025-07-12 01:00:43
ACC-00860,Nandi Car Hire,Car Rental & Self-Drive,Automotive Rental,,Shivamogga,Karnataka,nandicarhire.in,29VNQPN2037Z1Z2,,,,53,USR-216,2020-10-27 01:07:04
ACC-00861,Orbit Pharmaceuticals Pvt Ltd,Corporate (Staff & Executive Cars),Pharmaceuticals,,Mysuru,Karnataka,orbitpharmaceuticals.com,29DJQCO2162B1ZT,389519117,,,11,USR-202,2025-01-19 01:55:34
ACC-00862,Agriculture Department Office - Mandya,Government / PSU,Government,,Bengaluru,Karnataka,,29PJWGA1174X1Z6,,,,28,USR-215,2024-04-01 10:10:42
ACC-00863,Chamundi Precision Components Pvt Ltd,Corporate (Staff & Executive Cars),Manufacturing,,Bengaluru,Karnataka,chamundiprecisioncompo.co.in,29FVPCC8199M1Z4,986046034,,,13,USR-206,2020-06-01 05:09:17
ACC-00864,Aadhya Credit Services Pvt Ltd,Corporate (Staff & Executive Cars),Banking & Financial Services,,Mangaluru,Karnataka,aadhyacreditservices.com,29LXJCA6808Z1ZS,464054876,,,66,USR-209,2026-04-16 14:36:54
ACC-00865,Netravati Fleet Services,Cab Fleet Operator,Transportation,,Tumakuru,Karnataka,netravatifleetservices.co.in,29UWZPN3487D1Z5,,,,53,USR-211,2026-02-01 00:25:09
ACC-00866,Chamundi Constructions Pvt Ltd,Corporate (Staff & Executive Cars),Construction & Real Estate,,Mysuru,Karnataka,chamundiconstructions.in,29ACMCC8103Q1ZV,,,,11,USR-208,2020-01-21 20:11:06
ACC-00867,Yashas Fleet Services Pvt Ltd,Cab Fleet Operator,Transportation Services,,bengaluru,Karnataka,yashasfleetservices.in,29LFCCY1259I1ZF,,,,4,USR-204,2024-05-24 16:32:37
ACC-00868,Pragati Hospital Pvt Ltd,Hospitals & Education,Healthcare,,Belagavi,Karnataka,pragatihospital.com,29ARZCP5783K1Z6,542106595,,Named,11,USR-204,2023-03-09 20:11:04
ACC-00869,Annapoorna Tours & Travels Pvt Ltd,Cab Fleet Operator,Transportation Services,,Udupi,Karnataka,annapoornatourstravels.com,29XCMCA0455M1ZJ,,,,20,USR-214,2020-05-04 23:19:35
ACC-00870,Hampi Car Hire,Car Rental & Self-Drive,Automotive Rental,,Hubballi,Karnataka,hampicarhire.co.in,29PMRPH6132M1Z1,,,,26,USR-211,2026-05-01 11:02:34
ACC-00871,Bharath Travels LLP,Cab Fleet Operator,Transportation Services,,Tumakuru,Karnataka,bharathtravels.com,29ETLFB3069J1ZV,,,,18,USR-207,2025-03-18 19:21:05
ACC-00872,Sanjeevini Tours & Travels Pvt Ltd,Cab Fleet Operator,Transportation Services,,Udupi,Karnataka,sanjeevinitourstravels.co.in,,,,,16,USR-216,2026-08-23 16:49:49
ACC-00873,Nakshatra Builders Ltd,Corporate (Staff & Executive Cars),Construction & Real Estate,,Bengaluru,Karnataka,nakshatrabuildersltd.co.in,29YBQCN7926U1Z9,637442277,,,17,USR-208,2019-08-07 19:06:15
ACC-00874,Sai Krupa Digital Systems Pvt Ltd,Corporate (Staff & Executive Cars),Information Technology,,Bengaluru,Karnataka,saikrupadigitalsystems.com,29ZJECS5938M1ZE,523760943,,,26,USR-211,2026-09-01 10:14:41
ACC-00875,Silicon Fleet Services Pvt Ltd,Cab Fleet Operator,Transportation Services,,Davanagere,Karnataka,siliconfleetservices.com,29OHKCS6049L1ZU,,,,277,USR-216,2026-05-16 16:22:31
ACC-00876,Royal Taxi Services,Cab Fleet Operator,Travels,,Bengaluru,Karnataka,royaltaxiservices.in,29WSTPR9263X1Z6,,,Named,47,USR-206,2025-10-13 04:05:28
ACC-00877,Urbanline Mobility Services LLP,Employee Transport Services,Transportation Services,,Bengaluru,Karnataka,urbanlinemobilityservi.com,29mfmfu1897c1z3,464716608,,,252,USR-203,2019-02-06 05:25:06
ACC-00878,Garuda Medical Trust Pvt Ltd,Hospitals & Education,Healthcare,,Shivamogga,Karnataka,garudamedicaltrust.com,29DQNCG0948H1Z8,809251715,,,2,USR-208,2024-08-02 17:12:42
ACC-00879,Karavali Credit Services Pvt Ltd,Corporate (Staff & Executive Cars),Banking & Financial Services,,Bengaluru,Karnataka,karavalicreditservices.com,29CGXCK5713U1ZS,,,,9,USR-208,2026-08-13 20:09:16
ACC-00880,Airavata Staff Transport Services Pvt Ltd,Employee Transport Services,Transportation Services,,Bengaluru,Karnataka,airavatastafftransport.in,29TNMCA5205Y12E,153503183,,,65,USR-209,2025-04-27 11:45:23
ACC-00881,Garuda Car Hire Pvt Ltd,Car Rental & Self-Drive,Automotive Rental,,Bengaluru,Karnataka,garudacarhire.co.in,29OQICG1807B1ZM,,,,39,USR-209,2026-02-27 03:39:57
ACC-00882,Sunrise Infra Projects Ltd,Corporate (Staff & Executive Cars),Construction & Real Estate,,Bengaluru,Karnataka,sunriseinfraprojectslt.in,29RJRCS7268G1ZJ,717459065,,,29,USR-209,2019-07-24 16:59:48
ACC-00883,Chamundi Commute Solutions Pvt Ltd,Employee Transport Services,Transportation Services,,Bengaluru,Karnataka,chamundicommutesolutio.in,29TKSCC4077V1Z6,188760156,,,167,USR-202,2021-06-28 17:15:57
ACC-00884,Sunrise Resorts Pvt Ltd,Hotels & Travel,Hospitality,,Bengaluru,Karnataka,sunriseresorts.co.in,29DEWCS4645J1Z5,,,,22,USR-214,2025-02-14 22:11:15
ACC-00885,Yashas Hospital,Hospitals & Education,Healthcare,,Bengaluru,Karnataka,yashashospital.com,29VDFTY1735T1ZO,,,,6,USR-205,2025-03-12 14:48:39
ACC-00886,Evergreen Life Sciences Pvt Ltd,Corporate (Staff & Executive Cars),Pharmaceuticals,,Mysuru,Karnataka,evergreenlifesciences.com,29TMSCE1266K1ZT,650090705,,,12,USR-214,2026-03-02 21:05:57
ACC-00887,Sanjeevini Education Trust,Hospitals & Education,Education,,Bengaluru,Karnataka,sanjeevinieducationtru.com,29ZMATS3409O1ZN,318392932,,,18,USR-209,2025-08-17 14:27:08
ACC-00888,Heritage Pharmaceuticals Pvt Ltd,Corporate (Staff & Executive Cars),Pharmaceuticals,,Mangaluru,Karnataka,heritagepharmaceutical.com,29LEOCH9032H1ZM,953488052,,,15,USR-206,2025-11-03 03:36:46
ACC-00889,Shree Balaji Pharmaceuticals Pvt Ltd,Corporate (Staff & Executive Cars),Pharmaceuticals,,Bengaluru,Karnataka,shreebalajipharmaceuti.com,,325538682,,,27,USR-215,2020-03-04 08:48:57
ACC-00890,Mahalakshmi Taxi Services,Cab Fleet Operator,Transportation Services,,Bengaluru,Karnataka,mahalakshmitaxiservice.com,29AEEPM3833Z1ZD,,,,240,USR-206,2020-10-16 16:29:40
ACC-00891,Garuda Tours & Travels Pvt Ltd,Cab Fleet Operator,Transportation Services,,Tumakuru,Karnataka,garudatourstravels.co.in,29JSOCG8889T1ZK,,,,67,USR-208,2024-08-29 08:38:19
ACC-00892,Yashas Holidays,Hotels & Travel,Hospitality,,Tumakuru,Karnataka,yashasholidays.in,29NTXPY6025K1Z6,233815893,,,22,USR-206,2026-04-28 06:31:49
ACC-00893,Garuda Staff Transport Services Pvt Ltd,Employee Transport Services,Transportation Services,,Mysuru,Karnataka,garudastafftransportse.in,29PQFCG2067Y1Z7,,,,120,USR-209,2018-11-05 00:55:58
ACC-00894,Swift Employee Transport Solutions Ltd,Employee Transport Services,Transportation Services,,Bengaluru,Karnataka,swiftemployeetransport.in,29NYVCS8845K1ZF,,,,157,USR-202,2025-09-15 21:46:25
ACC-00895,Akshaya Mobility Services Pvt Ltd,Employee Transport Services,Transport,,Bengaluru,Karnataka,akshayamobilityservice.com,29NVCCA2623K1Z6,,,,137,USR-211,2023-04-18 12:03:54
ACC-00896,Bluechip Travels Pvt Ltd,Cab Fleet Operator,Travels,,Udupi,Karnataka,bluechiptravels.co.in,29WYHCB4422M1ZG,,,,7,USR-202,2025-03-08 05:44:00
ACC-00897,Pragati Finance Pvt Ltd,Corporate (Staff & Executive Cars),Banking & Financial Services,,Bengaluru,Karnataka,pragatifinance.in,29CBACP7057J1ZX,,,,17,USR-203,2019-02-18 09:42:58
ACC-00898,Kodagu Cab Services LLP,Cab Fleet Operator,Transport,,Mangaluru,Karnataka,kodagucabservices.com,29GIBFK0104Q1ZO,,,,12,USR-215,2020-08-07 08:19:19
ACC-00899,Garuda Commute Solutions Pvt Ltd,Employee Transport Services,Transportation Services,,Hubballi,Karnataka,garudacommutesolutions.com,29BFBCG9599F1ZO,279475034,,,306,USR-204,2024-11-13 04:02:48
ACC-00900,Evergreen Fleet Leasing LLP,Leasing & Subscription,Banking & Financial Services,,Mysuru,Karnataka,evergreenfleetleasing.in,29YMFFE4847F1ZX,263225842,,,735,USR-205,2020-02-08 17:03:53
ACC-00901,Sharavathi Travels,Cab Fleet Operator,Transportation Services,,Bengaluru,Karnataka,sharavathitravels.com,29NPZPS2009J1ZS,,,,49,USR-208,2025-08-09 05:37:15
ACC-00902,Skyline Employee Transport Solutions Pvt Ltd,Employee Transport Services,Transportation Services,,Bengaluru,Karnataka,skylineemployeetranspo.co.in,29STTCS3910Y1ZE,113182821,,,34,USR-208,2023-09-03 10:45:21
ACC-00903,Akshaya Resorts Pvt Ltd,Hotels & Travel,Hospitality,,Bengaluru,Karnataka,akshayaresorts.co.in,29IQICA0243Z1ZP,,,,21,USR-209,2026-05-23 13:04:15
ACC-00904,Swift Taxi Services LLP,Cab Fleet Operator,Transportation Services,,Bengaluru,Karnataka,swifttaxiservices.co.in,29ANGFS2002B1Z1,,,,14,USR-202,2024-09-05 04:01:29
ACC-00905,Omkar Hospital,Hospitals & Education,Healthcare,,Bengaluru,Karnataka,omkarhospital.com,29KJTTO 5909G1Z1,,,,3,USR-206,2025-09-07 00:51:51
ACC-00906,Greenline Holidays,Hotels & Travel,Hospitality,,Bengaluru,Karnataka,greenlineholidays.com,29YBKPG5561C1Z1,,,,24,USR-208,2026-07-11 17:29:08
ACC-00907,Shree Balaji Infra Projects Pvt Ltd,Corporate (Staff & Executive Cars),Construction & Real Estate,,Belagavi,Karnataka,shreebalajiinfraprojec.in,,237017172,,,6,USR-202,2018-12-09 20:27:45
ACC-00908,Karavali Technologies Pvt Ltd,Corporate (Staff & Executive Cars),Information Technology,,Bengaluru,Karnataka,karavalitechnologies.in,29ZNHCK3205D1ZE,620337802,,,16,USR-201,2021-05-26 22:30:09
ACC-00909,Kodagu Rent-a-Car LLP,Car Rental & Self-Drive,Automotive Rental,,Bengaluru,Karnataka,kodagurentacar.in,29QCPFK8461C1ZE,,,,146,USR-214,2026-05-29 09:13:24
ACC-00910,Bharath Infotech Pvt Ltd,Corporate (Staff & Executive Cars),I.T.,,Bengaluru,Karnataka,bharathinfotech.co.in,29YEJCB7996Z1ZY,493271451,,,19,USR-216,2025-03-13 05:02:20
ACC-00911,Omkar Engineering Works Pvt Ltd,Corporate (Staff & Executive Cars),Manufacturing,,Mangaluru,Karnataka,omkarengineeringworks.co.in,29QAUCO2424R1Z1,,,Named,13,USR-211,2025-11-14 00:38:35
ACC-00912,Orbit Education Trust,Hospitals & Education,Education,,Bengaluru,Karnataka,orbiteducationtrust.com,29WBTTO2446N1ZX,,,,13,USR-216,2023-08-16 04:24:24
ACC-00913,Vinayaka Infra Projects Pvt Ltd,Corporate (Staff & Executive Cars),Construction & Real Estate,,Hubballi,Karnataka,vinayakainfraprojects.co.in,29JCSCV3652O1ZX,,,Named,23,USR-216,2020-06-19 19:46:46
ACC-00914,Zenith Supermarts Pvt Ltd,Corporate (Staff & Executive Cars),Retail,,Bengaluru,Karnataka,zenithsupermarts.com,,438007068,,,6,USR-215,2025-01-01 07:56:19
ACC-00915,Hoysala Commute Solutions Pvt Ltd,Employee Transport Services,Transportation Services,,Bengaluru,Karnataka,hoysalacommutesolution.in,29HEKCH3256B1Z8,276751741,,,353,USR-212,2022-10-07 13:07:15
ACC-00916,Mahalakshmi Healthcare Products Pvt Ltd,Corporate (Staff & Executive Cars),Pharmaceuticals,,Tumakuru,Karnataka,mahalakshmihealthcarep.com,29IEFCM0266U1Z8,,,,11,USR-204,2021-07-10 00:59:47
ACC-00917,Omkar Technologies LLP,Corporate (Staff & Executive Cars),Information Technology,,Bengaluru,Karnataka,omkartechnologies.com,29MRNFO2711U1Z3,,,,25,USR-211,2021-10-18 04:32:59
ACC-00918,Vijaya Mobility Services LLP,Employee Transport Services,Transportation Services,,Bengaluru,Karnataka,vijayamobilityservices.com,29PXEFV9959Q1Z2,448383369,,,46,USR-214,2021-05-15 19:27:10
ACC-00919,Sharada Commute Solutions Pvt Ltd,Employee Transport Services,Travels,,Bengaluru,Karnataka,sharadacommutesolution.com,29NCYCS6591G1ZV,,,,135,USR-209,2020-03-27 11:58:14
ACC-00920,Crescent Mobility Services Pvt Ltd,Employee Transport Services,Transportation Services,,Mangaluru,Karnataka,crescentmobilityservic.com,29IECCC9249V1Z2,139579972,,,171,USR-206,2024-06-13 00:20:47
ACC-00921,Evergreen Travels Pvt Ltd,Cab Fleet Operator,Transportation Services,,Bengaluru,Karnataka,evergreentravels.co.in,29GYQCE4306I12T,,,,41,USR-216,2026-07-06 13:03:30
ACC-00922,Prime Staff Transport Services Pvt Ltd,Employee Transport Services,Transportation Services,,Bengaluru,Karnataka,primestafftransportser.co.in,29XYVCP5405R1ZC,411410134,,,70,USR-211,2025-12-31 21:27:26
ACC-00923,Kaveri Precision Components Pvt Ltd,Corporate (Staff & Executive Cars),Manufacturing,,Bengaluru,Karnataka,kaveriprecisioncompone.co.in,29UVWCK3680C1ZB,512551082,,,13,USR-211,2020-09-24 03:07:14
ACC-00924,Amrutha Polymers Pvt Ltd,Corporate (Staff & Executive Cars),Manufacturing,,Bengaluru,Karnataka,amruthapolymers.com,29NSBCA0994C1ZG,,,Named,10,USR-216,2023-03-09 01:58:27
ACC-00925,Horizon Pharmaceuticals LLP,Corporate (Staff & Executive Cars),Pharmaceuticals,,Bangalore,Karnataka,horizonpharmaceuticals.in,29DHAFH 2727S1ZD,,,,9,USR-201,2020-04-28 07:23:46
ACC-00926,Prime Traders Pvt Ltd,Corporate (Staff & Executive Cars),Retail,,Bengaluru,Karnataka,primetraders.in,29QZACP5772Z1Z8,273459833,,,8,USR-209,2023-07-19 07:57:35
ACC-00927,Unity Corporate Mobility Pvt Ltd,Employee Transport Services,Travels,,Bengaluru,Karnataka,unitycorporatemobility.com,29CZQCU0154O1Z5,,,,42,USR-213,2022-01-17 23:31:28
ACC-00928,Rapid Infotech Pvt Ltd,Corporate (Staff & Executive Cars),Information Technology,,Hubballi,Karnataka,rapidinfotech.co.in,29CJVCR0647C1ZI,,,Named,15,USR-208,2018-10-22 09:55:28
ACC-00929,Sharavathi Capital Pvt Ltd,Corporate (Staff & Executive Cars),Banking & Financial Services,,Bengaluru,Karnataka,sharavathicapital.co.in,29KHMCS3466Q1ZN,432557884,,,13,USR-204,2026-08-31 06:36:59
ACC-00930,Chamundi Fleet Services,Cab Fleet Operator,Transportation Services,,Bengaluru,Karnataka,chamundifleetservices.com,29FSHPC3834E1ZS,,,,30,USR-209,2021-04-27 19:46:52
ACC-00931,Garuda Infotech Pvt Ltd,Corporate (Staff & Executive Cars),Information Technology,,Mysuru,Karnataka,garudainfotech.co.in,29OUMCG2654N1ZE,,,,22,USR-214,2023-07-03 21:00:05
ACC-00932,Royal Travels,Cab Fleet Operator,Transportation Services,,Mysuru,Karnataka,royaltravels.in,29NOIPR7513W1ZB,,,,33,USR-209,2019-02-06 12:55:53
ACC-00933,Ujwal Retail Pvt Ltd,Corporate (Staff & Executive Cars),Retail,,Mysuru,Karnataka,ujwalretail.com,29QCICU6928M1ZW,,,,16,USR-215,2021-01-16 19:52:07
ACC-00934,Kodagu Staff Transport Services Ltd,Employee Transport Services,Transportation Services,,Bengaluru,Karnataka,kodagustafftransportse.com,29EXKCK7600T1Z8,,,,47,USR-209,2020-04-10 21:25:05
ACC-00935,Sri Ganesh Corporate Mobility LLP,Employee Transport Services,Transportation Services,,Bengaluru ,Karnataka,sriganeshcorporatemobi.in,29FQNFS5576X1ZH,,,,177,USR-204,2026-08-11 16:46:52
ACC-00936,Heritage Capital Pvt Ltd,Corporate (Staff & Executive Cars),Banking & Financial Services,,Bengaluru,Karnataka,heritagecapital.com,29BYDCH6558N1ZG,828317334,,,22,USR-204,2020-02-20 05:00:45
ACC-00937,Vega Finance Pvt Ltd,Corporate (Staff & Executive Cars),Banking & Financial Services,,Bengaluru,Karnataka,vegafinance.co.in,29WZYCV1395K1Z7,,,,37,USR-202,2022-12-22 11:29:04
ACC-00938,Airavata Polymers LLP,Corporate (Staff & Executive Cars),Manufacturer,,Bengaluru,Karnataka,airavatapolymers.in,29JLHFA8142I1ZD,683666116,,Key,63,USR-197,2022-02-02 18:26:16
ACC-00939,Nandi Builders Pvt Ltd,Corporate (Staff & Executive Cars),Construction & Real Estate,,Bengaluru,Karnataka,nandibuilders.in,29CJECN2314H1Z1,915102894,,Named,16,USR-212,2022-03-01 05:41:57
ACC-00940,Maruthi Nagar Corporate Mobility Pvt Ltd,Employee Transport Services,Transportation Services,,Hubballi,Karnataka,maruthinagarcorporatem.com,29LRRCM3621Y1ZX,141665645,,,115,USR-201,2019-07-04 02:45:11
ACC-00941,Tunga Infotech Pvt Ltd,Corporate (Staff & Executive Cars),Information Technology,,Bengaluru,Karnataka,tungainfotech.com,29UXHCT0440D1ZR,,,,56,USR-212,2024-01-01 22:22:39
ACC-00942,Urbanline Cab Services Pvt Ltd,Cab Fleet Operator,Transportation Services,,Tumakuru,Karnataka,urbanlinecabservices.com,29VXMCU8263W1ZW,,,,28,USR-211,2024-11-15 10:45:11
ACC-00943,Anugraha Cabs,Cab Fleet Operator,Transportation Services,,Bengaluru,Karnataka,anugrahacabs.in,,,,Named,57,USR-211,2020-04-17 10:23:16
ACC-00944,Bluechip Finance LLP,Corporate (Staff & Executive Cars),Banking & Financial Services,,Bengaluru,Karnataka,bluechipfinance.co.in,29DEMFB7876A1ZU,145476372,,,12,USR-208,2022-07-05 13:44:56
ACC-00945,Urbanline Technologies Pvt Ltd,Corporate (Staff & Executive Cars),Information Technology,,Bengaluru ,Karnataka,urbanlinetechnologies.com,,724167975,,,15,USR-208,2025-09-03 08:15:38
ACC-00946,Crescent Commute Solutions Pvt Ltd,Employee Transport Services,Transportation Services,,Hubballi,Karnataka,crescentcommutesolutio.co.in,29TVTCC6076B1ZL,,,,77,USR-202,2020-03-27 00:06:29
ACC-00947,Sapphire Travels,Cab Fleet Operator,,,Bengaluru,Karnataka,sapphiretravels.in,29ESKPS9966H1ZJ,,,,26,USR-214,2019-10-27 15:19:07
ACC-00948,Brindavan Leasing LLP,Leasing & Subscription,Banking & Financial Services,,Udupi,Karnataka,brindavanleasing.in,29UTXFB8976I1ZN,507256172,,,177,USR-210,2021-10-12 13:22:54
ACC-00949,Deccan Hospital Pvt Ltd,Hospitals & Education,Healthcare,,Bengaluru ,Karnataka,deccanhospital.co.in,29HCMCD2323H1ZC,,,,12,USR-211,2026-09-04 10:29:54
ACC-00950,Hampi Industries Pvt Ltd,Corporate (Staff & Executive Cars),Manufacturing,,Bengaluru,Karnataka,hampiindustries.co.in,,859764295,,,31,USR-215,2022-10-14 06:52:22
ACC-00951,Deccan Institute of Technology,Hospitals & Education,Educational Institution,,Mangaluru,Karnataka,deccaninstituteoftechn.in,29WJVTD0612L1Z5,699154012,,,10,USR-214,2025-11-05 05:29:25
ACC-00952,Tulasi Life Sciences Pvt Ltd,Corporate (Staff & Executive Cars),,,Bengaluru,Karnataka,tulasilifesciences.com,29FSECT1321B1ZP,,,,4,USR-204,2025-12-13 03:43:44
ACC-00953,Vinayaka Diagnostics,Hospitals & Education,Healthcare,,Bengaluru,Karnataka,vinayakadiagnostics.co.in,,450298084,,Key,21,USR-198,2021-03-07 17:45:03
ACC-00954,Kadamba Car Rentals LLP,Car Rental & Self-Drive,Automotive Rental,,bengaluru,Karnataka,kadambacarrentals.co.in,29MEQFK9312N1ZY,,,,27,USR-216,2025-08-05 13:33:57
ACC-00955,Orbit Hotels & Resorts,Hotels & Travel,Hospitality,,Bengaluru,Karnataka,orbithotelsresorts.com,29AORPO3593H1Z5,,,,9,USR-206,2018-12-20 02:51:49
ACC-00956,Metro Supermarts Pvt Ltd,Corporate (Staff & Executive Cars),,,Mangaluru,Karnataka,metrosupermarts.co.in,29SNOCM8521F1ZV,,,,26,USR-202,2025-10-25 12:10:10
ACC-00957,Vega Car Rentals Pvt Ltd,Car Rental & Self-Drive,Rental,,Bengaluru,Karnataka,vegacarrentals.com,29CHSCV8908U1Z9,512185292,,,20,USR-209,2018-10-16 23:42:44
ACC-00958,Srinidhi Traders Pvt Ltd,Corporate (Staff & Executive Cars),Retail,,Mysuru,Karnataka,srinidhitraders.in,29QSDCS9340F1ZP,707358675,,,9,USR-204,2019-08-23 18:29:55
ACC-00959,Crescent Credit Services Ltd,Corporate (Staff & Executive Cars),Banking & Financial Services,,Bengaluru,Karnataka,crescentcreditservices.com,29YQNCC9720P1Z6,,,,27,USR-211,2021-09-28 18:38:51
ACC-00960,Nandi Retail Pvt Ltd,Corporate (Staff & Executive Cars),Retail,,Bengaluru,Karnataka,nandiretail.in,,175207740,,,13,USR-216,2021-03-11 15:39:42
ACC-00961,Orbit Car Hire Pvt Ltd,Car Rental & Self-Drive,Automotive Rental,,Bengaluru,Karnataka,orbitcarhire.co.in,29PVQCO6261H1Z9,921573640,,,264,USR-204,2020-08-23 08:43:18
ACC-00962,Mahalakshmi Institute of Technology,Hospitals & Education,Education,,Bengaluru,Karnataka,mahalakshmiinstituteof.co.in,29SASTM8478X1Z2,,,,5,USR-206,2022-03-16 11:57:34
ACC-00963,District Health Office - Vijayapura,Government / PSU,Government,,Bengaluru,Karnataka,,,771527946,,,30,USR-203,2021-11-12 07:50:47
ACC-00964,Silicon Multispeciality Hospital Pvt Ltd,Hospitals & Education,Healthcare,,Bengaluru,Karnataka,siliconmultispeciality.co.in,29GATCS6688V1ZA,,,,8,USR-213,2022-09-22 21:39:07
ACC-00965,Chandra Tours & Travels,Cab Fleet Operator,Transportation Services,,bengaluru,Karnataka,chandratourstravels.co.in,29QWQPC1335D1ZA,,,,57,USR-214,2026-09-08 17:46:17
ACC-00966,Chaitanya Traders Pvt Ltd,Corporate (Staff & Executive Cars),,,Mysuru,Karnataka,chaitanyatraders.co.in,29URPCC7712E1ZX,,,,26,USR-211,2025-09-17 22:48:10
ACC-00967,Akshaya Fleet Leasing Ltd,Leasing & Subscription,Banking & Financial Services,,Bengaluru,Karnataka,akshayafleetleasingltd.in,29KUFCA1627C1ZN,466680853,,Named,295,USR-209,2024-08-07 01:56:59
ACC-00968,Prime Finance Pvt Ltd,Corporate (Staff & Executive Cars),Banking & Financial Services,,Davanagere,Karnataka,primefinance.in,29ILSCP9621X1ZY,687239181,,,37,USR-209,2026-08-01 11:40:45
ACC-00969,Ujwal Cabs,Cab Fleet Operator,Travels,,Bengaluru,Karnataka,ujwalcabs.in,29UKYPU5212Y1ZX,,,,11,USR-205,2024-11-30 08:51:42
ACC-00970,Greenline Medical Trust,Hospitals & Education,Healthcare,,Bengaluru,Karnataka,greenlinemedicaltrust.com,29FYCTG0313E1ZP,,,Named,5,USR-209,2025-08-11 00:49:00
ACC-00971,Vishwa College Pvt Ltd,Hospitals & Education,Education,,Bengaluru,Karnataka,vishwacollege.co.in,29QVECV7223V1ZO,,,,17,USR-205,2021-02-18 02:03:37
ACC-00972,Greenline Rent-a-Car,Car Rental & Self-Drive,Automotive Rental,,Bengaluru,Karnataka,greenlinerentacar.com,29KTCPG2239U1ZS,,,,53,USR-208,2019-08-22 00:42:30
ACC-00973,Hampi Credit Services Pvt Ltd,Corporate (Staff & Executive Cars),Banking & Financial Services,,Mangaluru,Karnataka,hampicreditservices.com,29MQZCH4283J1ZD,822012088,,,4,USR-214,2026-09-07 13:50:49
ACC-00974,Maruthi Nagar Multispeciality Hospital,Hospitals & Education,Healthcare,,Bengaluru,Karnataka,maruthinagarmultispeci.co.in,29MJYTM9340U1Z2,,,,9,USR-216,2026-05-05 16:03:32
ACC-00975,Sai Krupa Cabs,Cab Fleet Operator,Transportation Services,,Bengaluru,Karnataka,saikrupacabs.co.in,29SLPPS9076N1Z8,620296387,,,47,USR-204,2025-07-28 01:31:50
ACC-00976,Sai Krupa College,Hospitals & Education,Education,,Mysuru,Karnataka,saikrupacollege.co.in,29LBRTS9689C1Z2,,,,12,USR-211,2024-12-11 00:45:19
ACC-00977,Silicon Auto Leasing Pvt Ltd,Leasing & Subscription,Banking & Financial Services,,Bengaluru,Karnataka,siliconautoleasing.co.in,29NSICS4444F1ZS,834913354,,,442,USR-209,2026-02-13 15:26:20
ACC-00978,Crescent Leasing Pvt Ltd,Leasing & Subscription,Finance,,Mangaluru,Karnataka,crescentleasing.com,29ZLFCC9511Q1ZO,817446156,,,607,USR-216,2021-05-03 01:47:09
ACC-00979,Rural Development Office - Kodagu,Government / PSU,Government,,Bengaluru,Karnataka,,29YDMGR0010T1ZU,,,,61,USR-209,2019-12-11 03:49:08
ACC-00980,Zilla Panchayat - Kalaburagi,Government / PSU,Government,,Mangaluru,Karnataka,,,,,,17,USR-208,2026-03-26 14:02:35
ACC-00981,Deccan Developers Ltd,Corporate (Staff & Executive Cars),Construction & Real Estate,,Bengaluru,Karnataka,deccandevelopersltd.co.in,29KIRCD7248E1ZF,709817923,,,18,USR-216,2026-07-16 04:09:02
ACC-00982,District Collectorate - Belagavi,Government / PSU,Government,,Mysuru,Karnataka,,29SHDGD5076Q1ZT,,,,37,USR-216,2021-03-28 13:00:23
ACC-00983,Nakshatra Employee Transport Solutions Ltd,Employee Transport Services,Transportation Services,,Davanagere,Karnataka,nakshatraemployeetrans.com,29MNOCN0352I1Z4,738456237,,,402,USR-214,2018-10-18 09:18:42
ACC-00984,Sterling Car Hire,Car Rental & Self-Drive,Automotive Rental,,Mangaluru,Karnataka,sterlingcarhire.com,29AVUPS9865N1ZW,138849402,,,175,USR-216,2025-07-28 04:47:45
ACC-00985,Metro Taxi Services LLP,Cab Fleet Operator,Transportation Services,,Mangalore,Karnataka,metrotaxiservices.com,29SMRFM9298I1ZX,,,,35,USR-211,2024-12-29 12:51:41
ACC-00986,Zenith Constructions Ltd,Corporate (Staff & Executive Cars),Construction & Real Estate,,Bengaluru,Karnataka,zenithconstructionsltd.in,29ULHCZ1845K1ZJ,,,,24,USR-206,2022-06-24 14:21:50
ACC-00987,Omkar Developers Pvt Ltd,Corporate (Staff & Executive Cars),Construction & Real Estate,,Bengaluru,Karnataka,omkardevelopers.com,29YZNCO8689S1ZO,,,,13,USR-214,2025-10-25 02:25:58
ACC-00988,City Municipal Office - Dakshina Kannada,Government / PSU,Govt,,Bengaluru,Karnataka,,29DUEGC1934H1Z9,,,Named,14,USR-215,2018-11-19 22:39:38
ACC-00989,Rapid Finance Pvt Ltd,Corporate (Staff & Executive Cars),Banking & Financial Services,,Bengaluru,Karnataka,rapidfinance.in,29QYRCR3888L1ZE,678786044,,Named,10,USR-216,2020-12-22 15:29:40
ACC-00990,Yashas Traders Pvt Ltd,Corporate (Staff & Executive Cars),Retail,,Bengaluru,Karnataka,yashastraders.in,29ETHCY1997Q1ZV,140358431,,,5,USR-214,2021-12-13 09:28:30
ACC-00991,Garden City Mobility Services Pvt Ltd,Employee Transport Services,Transportation Services,,Bengaluru,Karnataka,gardencitymobilityserv.com,29YSGCG7754K1Z9,,,,35,USR-206,2020-04-21 14:23:25
ACC-00992,Navya Capital Pvt Ltd,Corporate (Staff & Executive Cars),,,Mysuru,Karnataka,navyacapital.in,29KGSCN5177X1Z6,,,,12,USR-214,2019-09-25 02:24:25
ACC-00993,Sai Krupa Constructions Pvt Ltd,Corporate (Staff & Executive Cars),Construction & Real Estate,,Bengaluru,Karnataka,saikrupaconstructions.in,29FACCS0515F1ZJ,,,Named,8,USR-202,2019-12-01 10:06:17
ACC-00994,Skyline Tours & Travels LLP,Cab Fleet Operator,Transportation Services,,Bengaluru,Karnataka,skylinetourstravels.in,29DUYFS1058G1ZE,,,,29,USR-211,2025-12-23 13:23:45
ACC-00995,Elite Builders Pvt Ltd,Corporate (Staff & Executive Cars),Construction & Real Estate,,Belagavi,Karnataka,elitebuilders.in,29GCMCE2011R1ZY,952854734,,,36,USR-206,2025-07-27 07:02:59
ACC-00996,Namma Cabs Pvt Ltd,Cab Fleet Operator,Transportation Services,,Bengaluru,Karnataka,nammacabs.com,29TRPCN0236U1Z1,,,,66,USR-204,2021-09-16 22:49:54
ACC-00997,Kodagu Supermarts Pvt Ltd,Corporate (Staff & Executive Cars),Retail,,Bengaluru,Karnataka,kodagusupermarts.co.in,29UGNCK8491Q1ZB,443407722,,,54,USR-216,2026-09-03 06:17:06
ACC-00998,Malnad Public School,Hospitals & Education,Education,,Bengaluru,Karnataka,malnadpublicschool.com,29SWKTM8988D1ZZ,,,,6,USR-211,2025-07-11 13:39:11
ACC-00999,Navya Capital LLP,Corporate (Staff & Executive Cars),Banking & Financial Services,,Tumkur,Karnataka,navyacapital.co.in,29PVMFN4624G1ZF,,,,15,USR-211,2025-10-16 21:33:55
ACC-01000,Crescent Medical Trust,Hospitals & Education,Healthcare,,Bengaluru,Karnataka,crescentmedicaltrust.com,29ZYETC9044Z1ZE,,,Named,5,USR-209,2026-08-24 22:33:51
ACC-01001,Nandi Resorts,Hotels & Travel,Hospitality,,Bengaluru,Karnataka,nandiresorts.co.in,29XLPPN4305H1Z7,,,,17,USR-204,2025-08-20 04:05:10
ACC-01002,Heritage Tours & Travels,Cab Fleet Operator,Transportation Services,,Bengaluru,Karnataka,heritagetourstravels.co.in,29FLZPH3042G1ZN,,,,23,USR-209,2022-12-20 12:42:10
ACC-01003,Urbanline Cabs,Cab Fleet Operator,Transportation Services,,Davanagere,Karnataka,urbanlinecabs.in,29OEUPU5740B1ZM,,,,26,USR-206,2026-06-16 06:48:03
ACC-01004,District Health Office - Chamarajanagar,Government / PSU,Government,,Bengaluru,Karnataka,,29OWUGD6701U1ZN,,,,64,USR-216,2025-06-21 23:14:23
ACC-01005,Shree Balaji Staff Transport Services LLP,Employee Transport Services,Transportation Services,,Hubballi,Karnataka,shreebalajistafftransp.co.in,29OGQFS7159N1ZB,118379575,,,188,USR-209,2025-09-11 08:42:29
ACC-01006,Hampi Taxi Services,Cab Fleet Operator,Transportation Services,,Bengaluru,Karnataka,hampitaxiservices.com,29NEOPH4029W1Z3,,,,8,USR-214,2025-11-29 09:50:36
ACC-01007,Navya Finance Pvt Ltd,Corporate (Staff & Executive Cars),Banking & Financial Services,,Bengaluru,Karnataka,navyafinance.com,29BJFCN8719J1ZB,690916677,,,8,USR-204,2026-07-20 22:06:39
ACC-01008,Shubham Employee Transport Solutions Pvt Ltd,Employee Transport Services,Transportation Services,,bengaluru,Karnataka,shubhamemployeetranspo.in,29BIICS8985X1Z1,488428611,,,81,USR-205,2020-11-04 00:08:23
ACC-01009,Metro Diagnostics,Hospitals & Education,Healthcare,,Bengaluru,Karnataka,metrodiagnostics.in,29RTFTM6573Z1ZH,,,,5,USR-209,2018-12-12 07:44:54
ACC-01010,Navya Supermarts Pvt Ltd,Corporate (Staff & Executive Cars),Retail,,Mysuru,Karnataka,navyasupermarts.co.in,29GYJCN4788B1ZK,926551301,,,26,USR-216,2026-07-09 14:03:48
ACC-01011,Anugraha Medical Trust,Hospitals & Education,Healthcare,,Mangaluru,Karnataka,anugrahamedicaltrust.in,29EGLTA7879L1Z8,482559282,,,43,USR-202,2020-05-23 02:48:42
ACC-01012,Akshaya Builders Pvt Ltd,Corporate (Staff & Executive Cars),Construction & Real Estate,,Davanagere,Karnataka,akshayabuilders.com,29COICA6763W1ZK,169470662,,,7,USR-201,2022-11-23 12:38:57
ACC-01013,Shree Balaji Corporate Mobility Pvt Ltd,Employee Transport Services,Transportation,,Mangaluru,Karnataka,shreebalajicorporatemo.in,,191805082,,,162,USR-211,2025-03-13 11:25:33
ACC-01014,Srinidhi Precision Components Pvt Ltd,Corporate (Staff & Executive Cars),Manufacturing,,Bengaluru,Karnataka,srinidhiprecisioncompo.co.in,,859135597,,,17,USR-202,2023-01-05 21:57:35
ACC-01015,Elite Institute of Technology,Hospitals & Education,Edu,,Shivamogga,Karnataka,eliteinstituteoftechno.in,29GOVTE8412P1ZO,,,,8,USR-206,2022-05-26 00:21:46
ACC-01016,Anugraha Mobility Services Pvt Ltd,Employee Transport Services,Transportation Services,,Bengaluru,Karnataka,anugrahamobilityservic.com,29NVSCA2093X1ZS,,,Named,201,USR-211,2026-06-02 02:24:06
ACC-01017,Aadhya Multispeciality Hospital Pvt Ltd,Hospitals & Education,Healthcare,,Bengaluru,Karnataka,aadhyamultispecialityh.com,29AKPCA1172U1Z6,694713018,,,3,USR-208,2021-09-26 19:55:21
ACC-01018,Anugraha Fleet Services Pvt Ltd,Cab Fleet Operator,Transportation Services,,Bengaluru,Karnataka,anugrahafleetservices.co.in,29RJDCA4233E1Z0,,,,26,USR-214,2023-03-27 08:04:32
ACC-01019,Sri Lakshmi Pharmaceuticals Pvt Ltd,Corporate (Staff & Executive Cars),Pharmaceuticals,,Belagavi,Karnataka,srilakshmipharmaceutic.in,29YJMCS5233V1Z1,791819335,,Named,2,USR-202,2025-05-27 14:09:06
ACC-01020,Sharavathi Commute Solutions Pvt Ltd,Employee Transport Services,Travels,,BLR,Karnataka,sharavathicommutesolut.com,29TIZCS5558B1ZO,135058197,,,343,USR-211,2022-04-04 22:42:42
ACC-01021,Krishna Retail Pvt Ltd,Corporate (Staff & Executive Cars),Retail,,Mangaluru,Karnataka,krishnaretail.com,,180376734,,,56,USR-211,2019-10-07 05:43:15
ACC-01022,Galaxy Fleet Services Pvt Ltd,Cab Fleet Operator,Transportation Services,,Bengaluru,Karnataka,galaxyfleetservices.in,29AMBCG2694S1Z1,604572844,,,27,USR-206,2021-05-10 02:03:45
ACC-01023,Silicon Corporate Mobility Pvt Ltd,Employee Transport Services,Transportation Services,,Bengaluru,Karnataka,siliconcorporatemobili.in,29YJBCS8994J1ZA,779303578,,,107,USR-211,2026-03-17 05:54:23
ACC-01024,Skyline Digital Systems Pvt Ltd,Corporate (Staff & Executive Cars),Information Technology,,Shimoga,Karnataka,skylinedigitalsystems.com,29YXLCS1294F1Z2,986005571,,,42,USR-207,2023-05-04 08:53:05
ACC-01025,Yashas Medical Trust,Hospitals & Education,Healthcare,,udupi,Karnataka,yashasmedicaltrust.in,29NOYTY8081W1Z7,,,,9,USR-214,2026-07-14 21:09:18
ACC-01026,Sahyadri Staff Transport Services Pvt Ltd,Employee Transport Services,Transportation Services,,Bengaluru,Karnataka,sahyadristafftransport.com,29EYFCS1381J1ZL,489663682,,,131,USR-213,2021-09-15 14:12:30
ACC-01027,Suvarna Life Sciences Pvt Ltd,Corporate (Staff & Executive Cars),Pharmaceuticals,,Mangaluru,Karnataka,suvarnalifesciences.com,29BXZCS9225P1ZN,610703981,,,19,USR-211,2024-11-19 14:45:29
ACC-01028,Chamundi Taxi Services,Cab Fleet Operator,Transportation Services,,Bengaluru,Karnataka,chamunditaxiservices.in,29BIGPC1957H1Z7,,,Named,30,USR-209,2021-03-09 23:41:44
ACC-01029,Sunrise Hospitality Services Pvt Ltd,Hotels & Travel,Hospitality,,Bengaluru,Karnataka,sunrisehospitalityserv.in,29TEVCS5187M1ZD,,,,22,USR-211,2021-08-19 21:03:16
ACC-01030,Sapphire College Pvt Ltd,Hospitals & Education,Education,,Mysuru,Karnataka,sapphirecollege.in,29UOVCS2184E1ZH,835165024,,,15,USR-204,2020-08-03 09:09:32
ACC-01031,Tunga Multispeciality Hospital,Hospitals & Education,Healthcare,,Bengaluru,Karnataka,tungamultispecialityho.com,29FJNTT3261I1ZG,506425497,,,8,USR-208,2020-09-28 00:51:03
ACC-01032,Sai Krupa Fleet Services,Cab Fleet Operator,Transportation Services,,Mysuru,Karnataka,saikrupafleetservices.com,29XVHPS7163L1Z3,,,,111,USR-206,2020-03-19 12:21:09
ACC-01033,Malnad Cabs Pvt Ltd,Cab Fleet Operator,Transportation Services,,Bengaluru,Karnataka,malnadcabs.co.in,29BEBCM1552F1ZF,,,,53,USR-202,2025-08-30 01:35:22
ACC-01034,Vijaya Fleet Leasing Pvt Ltd,Leasing & Subscription,Banking & Financial Services,,Bengaluru,Karnataka,vijayafleetleasing.co.in,29OQYCV1204U1ZX,169500179,,,904,USR-214,2019-08-26 14:41:18
ACC-01035,Heritage Hospital,Hospitals & Education,Healthcare,,Bengaluru,Karnataka,heritagehospital.co.in,29MILTH2384H1ZF,779708862,,,12,USR-211,2023-07-20 00:04:16
ACC-01036,Garden City Mobility Services LLP,Employee Transport Services,Transportation Services,,Bengaluru,Karnataka,gardencitymobilityserv.co.in,29JQTFG3542A1Z8,190590700,,,279,USR-206,2023-08-06 05:06:19
ACC-01037,Pinnacle Rent-a-Car,Car Rental & Self-Drive,Automotive Rental,,Bengaluru,Karnataka,pinnaclerentacar.co.in,,781354267,,Named,50,USR-202,2025-05-04 22:53:09
ACC-01038,Ujwal Mobility Services Ltd,Employee Transport Services,Transportation Services,,Mysuru,Karnataka,ujwalmobilityservicesl.co.in,,,,,63,USR-216,2022-12-17 03:51:30
ACC-01039,Namma Education Trust Pvt Ltd,Hospitals & Education,Edu,,Bengaluru,Karnataka,nammaeducationtrust.in,29KSWCN3633Z1ZK,,,,2,USR-211,2020-01-17 08:22:57
ACC-01040,Brindavan Digital Systems Pvt Ltd,Corporate (Staff & Executive Cars),Information Technology,,Bengaluru,Karnataka,brindavandigitalsystem.in,29MXWCB6010H1ZS,967845142,,,11,USR-214,2020-08-29 23:32:55
ACC-01041,Chandra Cabs LLP,Cab Fleet Operator,Transportation Services,,Bengaluru,Karnataka,chandracabs.in,29QBZFC8609Q1ZN,,,Named,21,USR-202,2025-09-11 05:09:01
ACC-01042,Nandi Car Subscription Services Pvt Ltd,Leasing & Subscription,Banking & Financial Services,,Hubballi,Karnataka,nandicarsubscriptionse.in,29BCGCN2418N1ZX,,,,299,USR-216,2026-01-03 00:15:54
ACC-01043,Rapid Corporate Mobility Pvt Ltd,Employee Transport Services,Transportation Services,,Bengaluru,Karnataka,rapidcorporatemobility.in,29AWLCR5764X1ZL,,,,246,USR-202,2019-06-30 05:19:55
ACC-01044,Sharavathi Software Solutions Pvt Ltd,Corporate (Staff & Executive Cars),Information Technology,,Bengaluru,Karnataka,sharavathisoftwaresolu.com,29ESLCS7305L12N,,,,33,USR-216,2026-06-28 18:55:27
ACC-01045,Evergreen Hospitality Services Pvt Ltd,Hotels & Travel,Hospitality,,Bengaluru,Karnataka,evergreenhospitalityse.co.in,29IARCE5520O1ZP,,,,6,USR-209,2019-03-21 20:02:29
ACC-01046,Amrutha Multispeciality Hospital Pvt Ltd,Hospitals & Education,Healthcare,,Mysuru,Karnataka,amruthamultispeciality.in,29XQKCA9014H1ZY,244953348,,,8,USR-214,2026-05-15 16:45:17
ACC-01047,Sri Ganesh Commute Solutions Pvt Ltd,Employee Transport Services,Transportation Services,,Bengaluru,Karnataka,sriganeshcommutesoluti.in,29VUCCS8575M1ZR,230349715,,,175,USR-216,2018-10-05 16:36:31
ACC-01048,Aadhya Auto Leasing Ltd,Leasing & Subscription,Banking & Financial Services,,Bengaluru,Karnataka,aadhyaautoleasingltd.in,29HYZCA1556I1ZH,227311678,,,578,USR-215,2021-04-01 02:09:19
ACC-01049,Heritage Pharmaceuticals LLP,Corporate (Staff & Executive Cars),Pharma,,Hubballi,Karnataka,heritagepharmaceutical.co.in,,647922132,,,10,USR-210,2019-11-11 09:05:48
ACC-01050,Prime Cab Services LLP,Cab Fleet Operator,Transportation Services,,Bengaluru,Karnataka,primecabservices.in,29OFPFP8844I1ZP,,,,18,USR-202,2025-09-03 22:07:36
ACC-01051,Airavata Rent-a-Car,Car Rental & Self-Drive,Automotive Rental,,Belgaum,Karnataka,airavatarentacar.co.in,29SILPA5630R1Z8,555413654,,,37,USR-210,2021-10-14 15:34:41
ACC-01052,Vishwa Fleet Services Pvt Ltd,Cab Fleet Operator,Transportation Services,,Bengaluru,Karnataka,vishwafleetservices.com,29AWWCV9623D1ZD,,,,6,USR-209,2025-11-11 10:20:09
ACC-01053,Suvarna Builders Pvt Ltd,Corporate (Staff & Executive Cars),Construction & Real Estate,,Mangaluru,Karnataka,suvarnabuilders.in,29HZTCS8988N1Z3,,,,24,USR-214,2019-12-30 18:45:53
ACC-01054,Royal Cabs LLP,Cab Fleet Operator,Transportation Services,,Bengaluru,Karnataka,royalcabs.com,29CUQFR0870P1Z3,,,,13,USR-216,2023-02-18 07:51:00
ACC-01055,Chamundi Education Trust,Hospitals & Education,Education,,Bengaluru,Karnataka,chamundieducationtrust.in,29HTBTC6668L1ZT,,,,12,USR-208,2020-02-18 17:46:48
ACC-01056,Vishwa Car Hire,Car Rental & Self-Drive,Automotive Rental,,Mangaluru,Karnataka,vishwacarhire.in,29VWJPV1936S1ZR,,,,21,USR-206,2024-10-03 17:49:50
ACC-01057,Garuda Car Rentals Pvt Ltd,Car Rental & Self-Drive,Automotive Rental,,Belagavi,Karnataka,garudacarrentals.com,29TACCG7248Q1ZA,,,,52,USR-211,2025-05-04 04:53:46
ACC-01058,Omkar Tours & Travels Pvt Ltd,Cab Fleet Operator,Transportation Services,,Bengaluru,Karnataka,omkartourstravels.in,29YLPCO0100T1ZM,,,,23,USR-204,2020-10-26 20:16:54
ACC-01059,Urbanline Tours & Travels Pvt Ltd,Cab Fleet Operator,Transportation Services,,Bengaluru,Karnataka,urbanlinetourstravels.co.in,29IAYCU7659B1Z9,,,,31,USR-208,2025-02-25 11:46:17
ACC-01060,Sri Lakshmi Commute Solutions Pvt Ltd,Employee Transport Services,Transportation Services,,Mysuru,Karnataka,srilakshmicommutesolut.com,29SYQCS8478E1ZN,714632179,,,69,USR-211,2025-06-06 07:12:18
ACC-01061,Airavata Fleet Services,Cab Fleet Operator,Transportation Services,,Mysuru,Karnataka,airavatafleetservices.co.in,29IRSPA6108C1ZP,,,,12,USR-216,2025-08-24 06:27:51
ACC-01062,Zenith Hospitality Services,Hotels & Travel,Hospitality,,Bengaluru,Karnataka,zenithhospitalityservi.co.in,29XBZPZ4533B1ZC,,,,28,USR-211,2025-10-26 05:11:14
ACC-01063,Amrutha Taxi Services Pvt Ltd,Cab Fleet Operator,Transportation,,Bengaluru ,Karnataka,amruthataxiservices.in,,,,,21,USR-211,2022-10-25 13:44:04
ACC-01064,Bharath Healthcare Products Pvt Ltd,Corporate (Staff & Executive Cars),Pharmaceuticals,,Bengaluru,Karnataka,bharathhealthcareprodu.com,29NNMCB8260T1ZG,393895167,,Named,17,USR-209,2019-02-28 19:41:17
ACC-01065,Surya Self Drive Cars Pvt Ltd,Car Rental & Self-Drive,Automotive Rental,,Bengaluru,Karnataka,suryaselfdrivecars.in,29JQUCS5321L1ZH,,,,731,USR-206,2025-03-11 21:44:51
ACC-01066,Vasudha Car Subscription Services Pvt Ltd,Leasing & Subscription,Banking & Financial Services,,Mysuru,Karnataka,vasudhacarsubscription.in,29KAQCV5107N1ZA,516687557,,Named,182,USR-214,2022-08-22 18:58:44
ACC-01067,Zilla Panchayat - Haveri,Government / PSU,Government,,BLR,Karnataka,,29ITZGZ8089C1ZO,,,Key,40,USR-197,2026-08-25 21:28:35
ACC-01068,Yashas Tours & Travels Pvt Ltd,Cab Fleet Operator,Transportation Services,,Bengaluru,Karnataka,yashastourstravels.com,29IXJCY8150Y1ZA,,,,60,USR-204,2026-05-29 04:05:16
ACC-01069,Kaveri Cab Services,Cab Fleet Operator,Transportation Services,,Shivamogga,Karnataka,kavericabservices.in,,,,,41,USR-211,2026-01-31 11:44:40
ACC-01070,Royal Developers Pvt Ltd,Corporate (Staff & Executive Cars),Construction & Real Estate,,Bengaluru,Karnataka,royaldevelopers.co.in,29UKLCR7479O1ZZ,744623177,,,11,USR-216,2026-03-27 04:48:40
ACC-01071,Anugraha Polymers Pvt Ltd,Corporate (Staff & Executive Cars),Mfg,,Hubballi,Karnataka,anugrahapolymers.co.in,29FOQCA4549J1Z3,315880370,,,6,USR-208,2026-02-17 23:19:19
ACC-01072,Prime Car Hire Pvt Ltd,Car Rental & Self-Drive,Automotive Rental,,Udupi,Karnataka,primecarhire.com,29CGVCP7566R1ZG,140396010,,,39,USR-205,2021-07-14 15:50:51
ACC-01073,Pinnacle Cabs Pvt Ltd,Cab Fleet Operator,Transportation Services,,Hubli,Karnataka,pinnaclecabs.in,29XHWCP5182F1ZP,,,,37,USR-204,2025-03-19 12:36:22
ACC-01074,Trishul Commute Solutions Pvt Ltd,Employee Transport Services,Transportation Services,,Bengaluru,Karnataka,trishulcommutesolution.co.in,29PLBCT1959L1ZR,,,,173,USR-214,2023-05-10 03:09:42
ACC-01075,Horizon Polymers Pvt Ltd,Corporate (Staff & Executive Cars),Manufacturing,,Mangalore,Karnataka,horizonpolymers.in,29DOBCH9184K1Z2,991874786,,,57,USR-211,2025-03-31 10:53:07
ACC-01076,Vinayaka Taxi Services,Cab Fleet Operator,Transportation Services,,Tumakuru,Karnataka,vinayakataxiservices.in,29LGBPV7508X1ZS,,,Named,17,USR-204,2022-07-18 16:33:05
ACC-01077,Bharath Public School Pvt Ltd,Hospitals & Education,Education,,bengaluru,Karnataka,bharathpublicschool.com,29RRNCB6134T1ZA,913879631,,,3,USR-209,2025-02-15 13:04:56
ACC-01078,Sai Krupa Infra Projects Pvt Ltd,Corporate (Staff & Executive Cars),Construction & Real Estate,,Bengaluru,Karnataka,saikrupainfraprojects.co.in,29PRUCS5524X1ZG,772942736,,,10,USR-206,2024-11-25 08:22:43
ACC-01079,Rapid Pharmaceuticals Pvt Ltd,Corporate (Staff & Executive Cars),Pharmaceuticals,,Shivamogga,Karnataka,rapidpharmaceuticals.in,29LTOCR2025J1ZP,763660850,,,22,USR-202,2025-11-09 10:48:44
ACC-01080,Sanjeevini Precision Components LLP,Corporate (Staff & Executive Cars),Manufacturing,,Bengaluru,Karnataka,sanjeeviniprecisioncom.in,29YQXFS7052S1Z7,,,,5,USR-211,2025-06-09 00:00:00
ACC-01081,Garuda Rent-a-Car,Car Rental & Self-Drive,Automotive Rental,,Belagavi,Karnataka,garudarentacar.com,29FIAPG6786W1ZX,897544153,,,48,USR-208,2024-10-16 09:20:32
ACC-01082,Sai Krupa Finance Pvt Ltd,Corporate (Staff & Executive Cars),Banking & Financial Services,,Bengaluru,Karnataka,saikrupafinance.com,29QKRCS1157D1Z4,879031375,,,7,USR-204,2022-07-14 19:42:25
ACC-01083,Sunrise Technologies Pvt Ltd,Corporate (Staff & Executive Cars),Information Technology,,Bengaluru,Karnataka,sunrisetechnologies.in,29ULFCS4294S1Z3,760894236,,,24,USR-211,2026-02-19 08:52:39
ACC-01084,Mahalakshmi Capital Pvt Ltd,Corporate (Staff & Executive Cars),Banking & Financial Services,,Shivamogga,Karnataka,mahalakshmicapital.co.in,,369741250,,,11,USR-204,2022-01-04 18:20:10
ACC-01085,Hoysala Taxi Services LLP,Cab Fleet Operator,Transportation Services,,Hubballi,Karnataka,hoysalataxiservices.co.in,29MAVFH6898T1Z7,,,,27,USR-203,2019-09-22 10:41:08
ACC-01086,Heritage Car Hire Pvt Ltd,Car Rental & Self-Drive,Automotive Rental,,Bengaluru,Karnataka,heritagecarhire.in,29OLXCH1638V1Z6,,,Named,31,USR-203,2021-09-06 04:59:16
ACC-01087,Nandi Technologies Pvt Ltd,Corporate (Staff & Executive Cars),Information Technology,,Hubli,Karnataka,nanditechnologies.com,29FBMCN0811C1ZJ,792023709,,,32,USR-214,2018-10-29 05:20:45
ACC-01088,Netravati Taxi Services Pvt Ltd,Cab Fleet Operator,Transportation Services,,Belagavi,Karnataka,netravatitaxiservices.in,,,,,14,USR-208,2026-08-26 14:22:47
ACC-01089,Metro Car Rentals Pvt Ltd,Car Rental & Self-Drive,Automotive Rental,,Mysuru,Karnataka,metrocarrentals.in,29HDOCM0856T1Z0,,,Named,9,USR-209,2022-11-08 17:42:27
ACC-01090,Chandra Healthcare Products Pvt Ltd,Corporate (Staff & Executive Cars),Pharmaceuticals,,Bengaluru,Karnataka,chandrahealthcareprodu.com,29XEQCC0368K1Z9,,,Named,82,USR-214,2026-07-01 02:40:02
ACC-01091,Annapoorna Staff Transport Services Pvt Ltd,Employee Transport Services,Transportation Services,,Bengaluru,Karnataka,annapoornastafftranspo.co.in,29LIZCA8162R1ZJ,,,,221,USR-208,2026-07-08 00:29:58
ACC-01092,Royal Staff Transport Services LLP,Employee Transport Services,Transportation Services,,Bengaluru,Karnataka,royalstafftransportser.com,,,,,68,USR-205,2023-08-29 08:19:56
ACC-01093,Navya Fleet Services Pvt Ltd,Cab Fleet Operator,Transportation Services,,Mangaluru,Karnataka,navyafleetservices.in,29NHWCN3559O1ZH,,,,20,USR-216,2026-05-08 19:48:40
ACC-01094,Aadhya Employee Transport Solutions Pvt Ltd,Employee Transport Services,Transportation,,Hubballi,Karnataka,aadhyaemployeetranspor.com,29XWACA7876I1ZB,,,,108,USR-209,2019-12-05 06:10:51
ACC-01095,Suvarna Cab Services Pvt Ltd,Cab Fleet Operator,Transportation Services,,Bengaluru,Karnataka,suvarnacabservices.in,29BSWCS4988E1ZB,,,,20,USR-211,2024-09-08 18:09:48
ACC-01096,Maruthi Nagar Resorts Pvt Ltd,Hotels & Travel,Hospitality,,Tumakuru,Karnataka,maruthinagarresorts.co.in,29YOHCM6062Q1Z7,,,,4,USR-206,2025-11-29 22:40:54
ACC-01097,Greenline Travels,Cab Fleet Operator,Travels,,Hubballi,Karnataka,greenlinetravels.in,29RMZPG9273B1ZZ,,,,11,USR-216,2026-04-07 16:14:10
ACC-01098,Sharada Diagnostics,Hospitals & Education,Healthcare,,Mysuru,Karnataka,sharadadiagnostics.in,29QJJTS9141W1Z4,,,,12,USR-206,2020-05-20 16:36:07
ACC-01099,Crescent Diagnostics,Hospitals & Education,Healthcare,,Bengaluru,Karnataka,crescentdiagnostics.com,29KTJTC8508K1ZT,763460267,,Named,5,USR-216,2021-05-21 19:07:44
ACC-01100,Sai Krupa Travels Pvt Ltd,Cab Fleet Operator,Transportation Services,,Bangalore,Karnataka,saikrupatravels.com,,,,,30,USR-209,2026-03-21 17:51:59
ACC-01101,Navya Rent-a-Car Pvt Ltd,Car Rental & Self-Drive,Automotive Rental,,Belagavi,Karnataka,navyarentacar.co.in,29VNECN4617U1Z9,927841799,,,14,USR-207,2022-12-11 16:46:32
ACC-01102,Samruddhi Hotels & Resorts,Hotels & Travel,Hospitality,,Udupi,Karnataka,samruddhihotelsresorts.in,29FXJPS9248U1ZR,292014831,,,8,USR-211,2021-01-25 18:20:51
ACC-01103,Pragati Travels Pvt Ltd,Cab Fleet Operator,Transportation Services,,Mangaluru,Karnataka,pragatitravels.com,29WOGCP0616U1ZB,,,,18,USR-206,2022-10-25 03:03:01
ACC-01104,Unity Car Hire,Car Rental & Self-Drive,Automotive Rental,,Bengaluru,Karnataka,unitycarhire.com,29JHTPU1851B1ZQ,,,,17,USR-214,2020-10-18 19:20:05
ACC-01105,Tunga Commute Solutions Pvt Ltd,Employee Transport Services,Transportation Services,,Shivamogga,Karnataka,tungacommutesolutions.in,29KWSCT5385N1ZL,,,,199,USR-214,2026-03-09 06:41:59
ACC-01106,Sahyadri Auto Leasing LLP,Leasing & Subscription,Banking & Financial Services,,Bengaluru,Karnataka,sahyadriautoleasing.com,29XXQFS5737E1ZQ,312216766,,,295,USR-202,2026-08-25 17:14:04
ACC-01107,Sai Krupa Mobility Services Pvt Ltd,Employee Transport Services,Transportation Services,,Belagavi,Karnataka,saikrupamobilityservic.in,29GCCCS1244Z1Z5,823548372,,Named,249,USR-202,2026-07-22 13:12:36
ACC-01108,Greenline Self Drive Cars Pvt Ltd,Car Rental & Self-Drive,Automotive Rental,,Bengaluru,Karnataka,greenlineselfdrivecars.com,29VEICG6670M1Z2,,,,69,USR-202,2026-02-17 09:04:04
ACC-01109,Shubham Credit Services Pvt Ltd,Corporate (Staff & Executive Cars),Banking & Financial Services,,Mangalore,Karnataka,shubhamcreditservices.co.in,29KPDCS0917V1ZF,,,Named,5,USR-208,2025-11-27 10:57:58
ACC-01110,Bharath Leasing Pvt Ltd,Leasing & Subscription,Banking,,Bengaluru,Karnataka,bharathleasing.in,,780634680,,,1144,USR-211,2023-02-21 18:07:43
ACC-01111,Kodagu Builders Ltd,Corporate (Staff & Executive Cars),Real Estate,,Mysuru,Karnataka,kodagubuildersltd.co.in,29PWECK6653L1ZA,661988702,,Named,16,USR-211,2026-02-19 21:46:19
ACC-01112,Public Works Division - Bengaluru Rural,Government / PSU,Government,,Bengaluru,Karnataka,,29LZGGP5799F1ZT,,,,8,USR-206,2026-08-08 17:03:56
ACC-01113,Zenith Constructions Pvt Ltd,Corporate (Staff & Executive Cars),Construction,,Bengaluru,Karnataka,zenithconstructions.co.in,29YFMCZ2579D1ZT,732009059,,,14,USR-214,2020-03-16 10:31:51
ACC-01114,Maruthi Nagar Staff Transport Services LLP,Employee Transport Services,Transportation Services,,Mysuru,Karnataka,maruthinagarstafftrans.co.in,29GADFM0743S1ZK,603016869,,,133,USR-202,2021-09-20 23:27:04
ACC-01115,Bluechip Car Hire Pvt Ltd,Car Rental & Self-Drive,Automotive Rental,,Belgaum,Karnataka,bluechipcarhire.in,29OHRCB1892I1Z9,,,,22,USR-210,2022-03-07 14:04:48
ACC-01116,Vinayaka Leasing Pvt Ltd,Leasing & Subscription,Banking & Financial Services,,Bengaluru,Karnataka,vinayakaleasing.com,29NZQCV5739N1ZE,645304475,,Named,219,USR-207,2025-01-24 16:13:24
ACC-01117,Anugraha Fleet Services,Cab Fleet Operator,Transportation Services,,Bengaluru,Karnataka,anugrahafleetservices.com,29JBKPA7821J1Z8,,,,63,USR-202,2022-01-10 14:52:29
ACC-01118,Vinayaka Healthcare Products LLP,Corporate (Staff & Executive Cars),Pharmaceuticals,,Bengaluru,Karnataka,vinayakahealthcareprod.com,29BMZFV1598G1ZF,260689778,,,35,USR-214,2020-09-09 02:00:56
ACC-01119,Amrutha Commute Solutions Pvt Ltd,Employee Transport Services,Transportation Services,,Mangaluru,Karnataka,amruthacommutesolution.co.in,29WUJCA8691Q1ZS,,,,393,USR-211,2021-03-16 05:05:29
ACC-01120,Malnad Car Hire Pvt Ltd,Car Rental & Self-Drive,Automotive Rental,,Hubballi,Karnataka,malnadcarhire.in,29FOQCM4133X1ZB,967984306,,,20,USR-209,2026-08-04 15:52:53
ACC-01121,Namma Software Solutions Pvt Ltd,Corporate (Staff & Executive Cars),Information Technology,,Udupi,Karnataka,nammasoftwaresolutions.com,29HPSCN7796U1ZJ,506356194,,,17,USR-211,2019-10-04 03:27:07
ACC-01122,Evergreen Fleet Services,Cab Fleet Operator,Transportation Services,,Tumkur,Karnataka,evergreenfleetservices.com,29WLFPE0973O1Z2,,,,28,USR-205,2020-01-16 22:10:12
ACC-01123,Orbit Finance Pvt Ltd,Corporate (Staff & Executive Cars),Banking & Financial Services,,Bangalore,Karnataka,orbitfinance.co.in,29XRICO0494E1ZO,419201365,,,12,USR-202,2022-02-08 10:19:34
ACC-01124,Emerald Tours & Travels,Cab Fleet Operator,Transportation Services,,Bengaluru,Karnataka,emeraldtourstravels.co.in,29FYPPE3252R1ZJ,602062449,,,16,USR-208,2022-09-22 05:19:37
ACC-01125,Bharath Supermarts Pvt Ltd,Corporate (Staff & Executive Cars),Retail,,Mysuru,Karnataka,bharathsupermarts.co.in,29ZIBCB 1817K1ZI,,,,20,USR-205,2019-04-09 15:22:08
ACC-01126,Sri Ganesh Tours & Travels LLP,Cab Fleet Operator,Transportation Services,,Hubballi,Karnataka,sriganeshtourstravels.in,29AHDFS1458T1ZY,,,,60,USR-210,2023-01-04 11:47:50
ACC-01127,Garden City Credit Services Ltd,Corporate (Staff & Executive Cars),Banking & Financial Services,,Bengaluru,Karnataka,gardencitycreditservic.co.in,29OLSCG2486S1ZA,484004430,,,7,USR-208,2026-03-22 12:55:46
ACC-01128,Garuda Cabs,Cab Fleet Operator,Transportation Services,,Bengaluru,Karnataka,garudacabs.in,29RDVPG2583A1ZX,,,,12,USR-216,2020-05-30 08:31:20
ACC-01129,Evergreen Employee Transport Solutions Pvt Ltd,Employee Transport Services,Transportation Services,,Belagavi,Karnataka,evergreenemployeetrans.in,29DRJCE4360Y1ZF,,,,81,USR-211,2018-11-12 00:17:28
ACC-01130,Lotus Leasing Pvt Ltd,Leasing & Subscription,Banking & Financial Services,,Hubballi,Karnataka,lotusleasing.co.in,29VWWCL1707E1ZF,,,Named,217,USR-211,2025-05-29 01:29:27
ACC-01131,Hoysala Travels Pvt Ltd,Cab Fleet Operator,Transportation Services,,Bengaluru,Karnataka,hoysalatravels.co.in,29ODMCH9285C1ZI,,,,164,USR-211,2022-01-10 02:14:26
ACC-01132,District Collectorate - Koppal,Government / PSU,Govt,,Bengaluru,Karnataka,,29SODGD1113C1ZT,,,Named,37,USR-206,2025-09-08 23:30:26
ACC-01133,Bharath Cabs Pvt Ltd,Cab Fleet Operator,Transportation Services,,Bengaluru,Karnataka,bharathcabs.co.in,29IHMCB6260T1Z2,,,,48,USR-209,2024-03-25 06:06:02
ACC-01134,Galaxy Infra Projects Pvt Ltd,Corporate (Staff & Executive Cars),Construction & Real Estate,,Mysuru,Karnataka,galaxyinfraprojects.co.in,29TDFCG4954Z1ZK,102366333,,,28,USR-216,2020-03-05 08:10:32
ACC-01135,Lotus Precision Components Pvt Ltd,Corporate (Staff & Executive Cars),Manufacturing,,Mysuru,Karnataka,lotusprecisioncomponen.in,29BFHCL9283F1ZO,,,,5,USR-216,2026-08-16 07:14:46
ACC-01136,Samruddhi Staff Transport Services LLP,Employee Transport Services,Transportation Services,,Mangaluru,Karnataka,samruddhistafftranspor.com,29THXFS5300I1ZS,,,,83,USR-205,2022-09-09 20:34:46
ACC-01137,Rural Development Office - Mandya,Government / PSU,Government,,Bengaluru,Karnataka,,29TMJGR7388N1ZS,,,,20,USR-211,2024-12-04 11:33:10
ACC-01138,Pragati Hospitality Services LLP,Hotels & Travel,Hospitality,,Shivamogga,Karnataka,pragatihospitalityserv.in,29KTFFP5100E1Z8,655953241,,,7,USR-202,2021-03-21 20:42:33
ACC-01139,Surya Polymers Pvt Ltd,Corporate (Staff & Executive Cars),Manufacturing,,Bangalore,Karnataka,suryapolymers.co.in,29FCWCS7854E1Z9,652425352,,,32,USR-203,2024-11-14 10:35:24
ACC-01140,Garuda Multispeciality Hospital,Hospitals & Education,Healthcare,,Bengaluru,Karnataka,garudamultispecialityh.in,,,,,7,USR-208,2020-04-27 07:39:28
ACC-01141,Akshaya Travels,Cab Fleet Operator,Transportation Services,,Davanagere,Karnataka,akshayatravels.in,29BWBPA3223L1ZQ,,,,20,USR-211,2020-04-16 00:10:22
ACC-01142,Pragati Taxi Services Pvt Ltd,Cab Fleet Operator,Transportation Services,,Bengaluru,Karnataka,pragatitaxiservices.com,29DUKCP3500A1ZM,,,,9,USR-204,2020-08-08 07:32:54
ACC-01143,Bharath Multispeciality Hospital Pvt Ltd,Hospitals & Education,Healthcare,,Bengaluru,Karnataka,bharathmultispeciality.in,29NZHCB9024Y1ZR,,,,6,USR-204,2026-03-29 05:21:03
ACC-01144,Deccan Taxi Services Pvt Ltd,Cab Fleet Operator,Transportation Services,,Shivamogga,Karnataka,deccantaxiservices.in,29FLCCD8884Q1ZS,,,,37,USR-211,2025-12-18 16:03:37
ACC-01145,Nakshatra Technologies Pvt Ltd,Corporate (Staff & Executive Cars),Info Tech,,Bengaluru,Karnataka,nakshatratechnologies.in,29LTVCN3480G1ZG,615016054,,,12,USR-204,2020-01-06 22:28:39
ACC-01146,Trishul Cabs Pvt Ltd,Cab Fleet Operator,Transportation Services,,Bengaluru,Karnataka,trishulcabs.co.in,29OGVCT5345F1Z0,,,,37,USR-202,2022-05-31 08:38:25
ACC-01147,Pinnacle Education Trust,Hospitals & Education,Education,,Bengaluru,Karnataka,pinnacleeducationtrust.co.in,29JBSTP3694S1ZO,155745101,,,7,USR-211,2020-08-28 12:20:09
ACC-01148,Garuda Employee Transport Solutions Ltd,Employee Transport Services,Travels,,Bengaluru,Karnataka,garudaemployeetranspor.com,,268512589,,,101,USR-209,2025-11-05 23:42:44
ACC-01149,Sterling Cabs Pvt Ltd,Cab Fleet Operator,Transportation Services,,Mangaluru,Karnataka,sterlingcabs.com,29LJWCS8871G1ZH,,,,10,USR-209,2021-08-09 15:48:07
ACC-01150,Akshaya Car Subscription Services Pvt Ltd,Leasing & Subscription,Banking & Financial Services,,Bengaluru,Karnataka,akshayacarsubscription.com,29HTPCA3997V1ZU,507698507,,,1247,USR-209,2021-08-07 00:47:43
ACC-01151,Vega Cabs Pvt Ltd,Cab Fleet Operator,Transportation Services,,Bengaluru,Karnataka,vegacabs.in,29XVPCV5990C1ZV,,,,50,USR-216,2025-09-26 11:30:01
ACC-01152,Sai Krupa Cabs Pvt Ltd,Cab Fleet Operator,Transportation Services,,Bengaluru,Karnataka,saikrupacabs.co.in,29DVSCS8375Y1Z5,,,,9,USR-216,2023-09-10 13:57:38
ACC-01153,Vasudha Pharmaceuticals Pvt Ltd,Corporate (Staff & Executive Cars),Pharmaceuticals,,Mysuru,Karnataka,vasudhapharmaceuticals.co.in,29RZICV0731B1ZP,234600417,,,8,USR-209,2020-02-15 08:54:57
ACC-01154,Netravati Cabs LLP,Cab Fleet Operator,Transportation Services,,Shivamogga,Karnataka,netravaticabs.in,29HGPFN5408Y1ZE,,,Key,41,USR-198,2020-11-23 03:47:04
ACC-01155,District Health Office - Chitradurga,Government / PSU,Government,,Bengaluru,Karnataka,,,,,,8,USR-209,2020-08-07 07:50:11
ACC-01156,Nandi Hospitality Services,Hotels & Travel,Hospitality,,Bengaluru,Karnataka,nandihospitalityservic.in,29FSLPN3565B1ZF,,,,57,USR-206,2021-08-03 03:32:40
ACC-01157,Omkar Software Solutions Pvt Ltd,Corporate (Staff & Executive Cars),Information Technology,,Mangaluru,Karnataka,omkarsoftwaresolutions.com,29EFJCO9782A1ZM,477042980,,,19,USR-204,2025-08-07 13:37:48
ACC-01158,Krishna Fleet Services Pvt Ltd,Cab Fleet Operator,Transportation Services,,Bengaluru,Karnataka,krishnafleetservices.com,29ZBNCK1047M1ZA,,,,20,USR-211,2024-10-17 09:34:01
ACC-01159,Shubham Taxi Services,Cab Fleet Operator,Travels,,Mysore,Karnataka,shubhamtaxiservices.in,29DOTPS1243N1Z0,,,,43,USR-214,2021-10-19 04:59:44
ACC-01160,Lotus Hotels & Resorts,Hotels & Travel,Hospitality,,Hubballi,Karnataka,lotushotelsresorts.in,29VAWPL1835R1Z1,,,Key,7,USR-197,2022-09-06 22:05:01
ACC-01161,Prime Travels,Cab Fleet Operator,Transportation Services,,Bengaluru,Karnataka,primetravels.co.in,29FRHPP9090K1ZS,833328205,,,20,USR-206,2022-06-26 01:42:52
ACC-01162,Hampi Employee Transport Solutions Pvt Ltd,Employee Transport Services,Travels,,Bengaluru,Karnataka,hampiemployeetransport.in,29QNHCH0802M1ZA,,,,41,USR-209,2019-08-04 10:02:05
ACC-01163,Horizon Digital Systems Pvt Ltd,Corporate (Staff & Executive Cars),Information Technology,,Tumakuru,Karnataka,horizondigitalsystems.com,29QMECH9288A1Z6,247599753,,,37,USR-208,2023-02-17 21:08:59
ACC-01164,Amrutha Corporate Mobility LLP,Employee Transport Services,Transportation Services,,Bengaluru,Karnataka,amruthacorporatemobili.co.in,29ERJFA8077N1ZK,978802993,,Named,324,USR-216,2019-12-18 05:18:02
ACC-01165,Sharavathi Mobility Services Pvt Ltd,Employee Transport Services,Transportation Services,,Bengaluru,Karnataka,sharavathimobilityserv.com,29OXACS5364S1ZT,913372050,,,205,USR-209,2022-06-05 17:11:42
ACC-01166,Zilla Panchayat - Raichur,Government / PSU,Government,,Mysuru,Karnataka,,29pnrgz5544w1za,,,,46,USR-208,2019-01-17 23:36:57
ACC-01167,Sri Ganesh Traders Pvt Ltd,Corporate (Staff & Executive Cars),Retail,,Mysuru,Karnataka,sriganeshtraders.co.in,29OLQCS3186T1ZZ,445496044,,,5,USR-216,2022-10-29 06:19:52
ACC-01168,Deccan Employee Transport Solutions Pvt Ltd,Employee Transport Services,Transportation Services,,Shivamogga,Karnataka,deccanemployeetranspor.in,29EZBCD2288N1ZT,892407426,,Named,99,USR-204,2018-10-08 23:31:48
ACC-01169,Karavali Cabs,Cab Fleet Operator,Transportation Services,,Davanagere,Karnataka,karavalicabs.in,,,,,14,USR-206,2024-02-08 21:03:11
ACC-01170,Lotus Polymers Pvt Ltd,Corporate (Staff & Executive Cars),Manufacturing,,Shivamogga,Karnataka,lotuspolymers.in,29QPNCL8160Z1ZN,,,Named,14,USR-204,2021-08-04 02:14:26
ACC-01171,Suvarna Taxi Services,Cab Fleet Operator,Transportation Services,,Udupi,Karnataka,suvarnataxiservices.co.in,29OPTPS5906N1ZD,,,Named,20,USR-211,2026-02-24 16:22:47
ACC-01172,Navya Rent-a-Car,Car Rental & Self-Drive,Automotive Rental,,Tumakuru,Karnataka,navyarentacar.com,29XCXPN1931Q1ZX,385812394,,,62,USR-211,2021-02-26 09:33:52
ACC-01173,Galaxy Capital Pvt Ltd,Corporate (Staff & Executive Cars),Banking & Financial Services,,Bengaluru,Karnataka,galaxycapital.in,29YILCG7603P1Z,,,Key,8,USR-197,2024-01-27 08:41:24
ACC-01174,Sahyadri Hotels & Resorts Pvt Ltd,Hotels & Travel,Hospitality,,Bengaluru,Karnataka,sahyadrihotelsresorts.co.in,29UNRCS2603W1ZY,,,,15,USR-216,2026-01-11 22:52:07
ACC-01175,Navya Corporate Mobility Pvt Ltd,Employee Transport Services,Transport,,Bengaluru,Karnataka,navyacorporatemobility.in,29DBVCN0590T1Z1,,,,190,USR-202,2026-03-28 19:31:06
ACC-01176,Unity Software Solutions Pvt Ltd,Corporate (Staff & Executive Cars),Information Technology,,Bengaluru,Karnataka,unitysoftwaresolutions.in,,149741282,,,9,USR-204,2026-07-22 13:33:46
ACC-01177,Sai Krupa Hospitality Services Pvt Ltd,Hotels & Travel,Hospitality,,Mysuru,Karnataka,saikrupahospitalityser.com,29PQQCS0273W1ZS,,,,13,USR-208,2022-07-09 14:41:06
ACC-01178,Zenith Cabs Pvt Ltd,Cab Fleet Operator,Transportation,,Bengaluru,Karnataka,zenithcabs.co.in,29QFSCZ0243I1Z3,,,,16,USR-204,2026-05-26 00:49:49
ACC-01179,Galaxy Hotels & Resorts,Hotels & Travel,Hospitality,,Bengaluru,Karnataka,galaxyhotelsresorts.in,29MKCPG6099X1ZK,,,Named,3,USR-202,2026-07-10 19:36:46
ACC-01180,Hoysala Cabs,Cab Fleet Operator,Transport,,Bengaluru,Karnataka,hoysalacabs.in,29DTXPH2730Q1ZP,,,,17,USR-204,2024-09-30 15:03:07
ACC-01181,Deccan Polymers Pvt Ltd,Corporate (Staff & Executive Cars),Manufacturing,,Bengaluru,Karnataka,deccanpolymers.com,29LAZCD1438M1ZI,911063020,,,28,USR-204,2019-10-11 16:18:48
ACC-01182,Emerald Pharmaceuticals Pvt Ltd,Corporate (Staff & Executive Cars),Pharmaceuticals,,Bengaluru,Karnataka,emeraldpharmaceuticals.in,29IDUCE2073C1Z3,140724818,,,17,USR-216,2025-11-04 20:24:53
ACC-01183,Annapoorna Employee Transport Solutions Pvt Ltd,Employee Transport Services,Transportation Services,,Bengaluru,Karnataka,annapoornaemployeetran.com,29VOMCA1345B1ZK,,,Named,50,USR-202,2024-06-22 01:41:54
ACC-01184,Kadamba Retail Pvt Ltd,Corporate (Staff & Executive Cars),Retail,,Bengaluru,Karnataka,kadambaretail.in,29TWGCK6760Q1ZU,359566708,,Named,45,USR-204,2020-05-04 01:48:18
ACC-01185,Garuda Credit Services Pvt Ltd,Corporate (Staff & Executive Cars),Banking & Financial Services,,Bengaluru,Karnataka,garudacreditservices.com,29EYDCG8641K1ZO,122249705,,Named,9,USR-206,2026-05-02 22:45:47
ACC-01186,Nakshatra Taxi Services,Cab Fleet Operator,Transportation Services,,BLR,Karnataka,nakshatrataxiservices.com,29HGNPN4261L1ZK,,,,12,USR-211,2026-06-13 12:01:13
ACC-01187,Sri Ganesh Tours & Travels,Cab Fleet Operator,,,Bengaluru,Karnataka,sriganeshtourstravels.in,29HVLPS3685U1ZU,,,,25,USR-211,2020-05-29 13:26:01
ACC-01188,Sharada Taxi Services,Cab Fleet Operator,Transportation Services,,Mangaluru,Karnataka,sharadataxiservices.com,29AOOPS2237Z1ZG,,,Named,52,USR-214,2021-08-24 05:08:17
ACC-01189,Sharada Industries LLP,Corporate (Staff & Executive Cars),Manufacturing,,Bengaluru,Karnataka,sharadaindustries.in,29OETFS0720X1ZF,,,Named,14,USR-203,2024-07-18 09:50:29
ACC-01190,Nakshatra Travels Pvt Ltd,Cab Fleet Operator,Transportation,,Bengaluru,Karnataka,nakshatratravels.in,29HIUCN0575B1ZJ,,,Named,38,USR-213,2023-03-29 19:30:13
ACC-01191,Namma Hotels & Resorts Pvt Ltd,Hotels & Travel,Hospitality,,Bengaluru,Karnataka,nammahotelsresorts.in,29UHRCN9544T1Z0,,,,12,USR-208,2026-04-06 20:07:48
ACC-01192,Suvarna Fleet Services LLP,Cab Fleet Operator,Transportation Services,,Bengaluru,Karnataka,suvarnafleetservices.co.in,29VBZFS9939W1ZF,,,,36,USR-213,2018-12-07 13:03:47
ACC-01193,Trishul Pharmaceuticals Pvt Ltd,Corporate (Staff & Executive Cars),Pharmaceuticals,,Bengaluru,Karnataka,trishulpharmaceuticals.co.in,29UBPCT6574N1ZK,600180802,,,89,USR-209,2018-11-25 07:22:18
ACC-01194,Kadamba Finance Pvt Ltd,Corporate (Staff & Executive Cars),Banking & Financial Services,,Bengaluru,Karnataka,kadambafinance.co.in,,363580025,,,30,USR-208,2021-08-11 18:02:05
ACC-01195,Vinayaka College Pvt Ltd,Hospitals & Education,Education,,Mysuru,Karnataka,vinayakacollege.co.in,,,,,63,USR-203,2023-04-26 01:33:01
ACC-01196,Yashas Tours & Travels,Cab Fleet Operator,Transportation Services,,Bengaluru,Karnataka,yashastourstravels.in,29YLTPY4895F1Z8,,,,24,USR-202,2025-10-02 21:49:53
ACC-01197,Navya Employee Transport Solutions Pvt Ltd,Employee Transport Services,Transportation Services,,Mysuru,Karnataka,navyaemployeetransport.in,29UTTCN8776C1Z0,801008872,,,192,USR-206,2025-08-21 15:50:18
ACC-01198,Garden City Taxi Services Pvt Ltd,Cab Fleet Operator,Transportation Services,,Mysore,Karnataka,gardencitytaxiservices.com,29BOZCG9319F1ZZ,,,,21,USR-204,2025-10-23 18:40:08
ACC-01199,Garden City Healthcare Products Pvt Ltd,Corporate (Staff & Executive Cars),Pharma,,Bengaluru,Karnataka,gardencityhealthcarepr.in,29FWZCG6782M1ZV,288938460,,Named,5,USR-209,2026-07-14 18:58:39
ACC-01200,Malnad Mobility Services Pvt Ltd,Employee Transport Services,Transportation Services,,Bengaluru,Karnataka,malnadmobilityservices.in,29IKDCM3155X1ZP,103585162,,,316,USR-211,2025-06-09 06:31:51
ACC-01201,Tunga Taxi Services Pvt Ltd,Cab Fleet Operator,Transportation Services,,Bengaluru,Karnataka,tungataxiservices.com,29CUDCT0170U1ZH,,,,15,USR-211,2021-12-28 03:49:25
ACC-01202,Zenith Cabs,Cab Fleet Operator,Transportation Services,,Mysuru,Karnataka,zenithcabs.in,29DXGPZ2173P1ZD,,,,5,USR-214,2026-09-11 21:41:33
ACC-01203,Tulasi Fleet Leasing Pvt Ltd,Leasing & Subscription,Banking & Financial Services,,Davanagere,Karnataka,tulasifleetleasing.co.in,29AUQCT3123K1ZR,,,,521,USR-208,2026-09-18 19:47:34
ACC-01204,Vega Digital Systems Pvt Ltd,Corporate (Staff & Executive Cars),Information Technology,,Mysuru,Karnataka,vegadigitalsystems.com,29XSWCV5531U1Z8,887819817,,,6,USR-204,2019-01-01 08:04:08
ACC-01205,Sri Ganesh Supermarts LLP,Corporate (Staff & Executive Cars),Retail,,Shivamogga,Karnataka,sriganeshsupermarts.in,29KLUFS1926B1Z2,478296546,,,4,USR-206,2019-04-11 14:03:56
ACC-01206,Sharada Digital Systems Pvt Ltd,Corporate (Staff & Executive Cars),Information Technology,,Tumakuru,Karnataka,sharadadigitalsystems.com,29XKICS6061V1Z0,,,,15,USR-206,2026-03-02 19:28:52
ACC-01207,Evergreen Travels,Cab Fleet Operator,Transportation Services,,Bengaluru,Karnataka,evergreentravels.co.in,29GVNPE7031T1ZL,,,,76,USR-214,2025-08-16 02:12:04
ACC-01208,Shree Balaji Institute of Technology,Hospitals & Education,Education,,Bengaluru,Karnataka,shreebalajiinstituteof.in,29BQETS3144P1ZX,,,Named,4,USR-211,2020-07-16 03:55:31
ACC-01209,Skyline Constructions Pvt Ltd,Corporate (Staff & Executive Cars),Construction & Real Estate,,Tumakuru,Karnataka,skylineconstructions.co.in,29TNMCS8382W1ZG,131306754,,,12,USR-214,2023-07-18 08:41:22
ACC-01210,Netravati Commute Solutions Pvt Ltd,Employee Transport Services,Transportation Services,,Bengaluru,Karnataka,netravaticommutesoluti.com,29ZGYCN0423Z1Z2,,,,50,USR-206,2025-06-25 02:04:08
ACC-01211,Srinidhi Car Hire LLP,Car Rental & Self-Drive,Automotive Rental,,Hubballi,Karnataka,srinidhicarhire.in,29APNFS7459J1ZE,848371989,,,36,USR-206,2021-03-08 14:02:29
ACC-01212,Evergreen Pharmaceuticals Pvt Ltd,Corporate (Staff & Executive Cars),Pharmaceuticals,,Bengaluru,Karnataka,evergreenpharmaceutica.in,29XHNCE2041W1ZQ,266096091,,,10,USR-214,2021-12-01 05:48:04
ACC-01213,Garuda Commute Solutions LLP,Employee Transport Services,Transportation Services,,Bengaluru,Karnataka,garudacommutesolutions.in,,906666804,,,154,USR-211,2026-06-15 21:33:35
ACC-01214,Netravati Leasing Pvt Ltd,Leasing & Subscription,Banking & Financial Services,,Bengaluru,Karnataka,netravatileasing.co.in,29JAOCN5678Z1ZD,,,,339,USR-201,2020-04-03 02:52:38
ACC-01215,Airavata Multispeciality Hospital Pvt Ltd,Hospitals & Education,Healthcare,,Bengaluru,Karnataka,airavatamultispecialit.co.in,29UKMCA5590Q1ZJ,400166947,,,3,USR-209,2025-10-20 13:16:23
ACC-01216,Nakshatra Holidays Pvt Ltd,Hotels & Travel,Hospitality,,Bengaluru,Karnataka,nakshatraholidays.com,29REWCN3668C1Z6,,,,7,USR-201,2021-06-24 04:44:13
ACC-01217,Emerald Car Subscription Services Pvt Ltd,Leasing & Subscription,Banking & Financial Services,,Bengaluru,Karnataka,emeraldcarsubscription.in,,896187690,,,1282,USR-202,2021-07-30 02:03:52
ACC-01218,Trishul Fleet Leasing Pvt Ltd,Leasing & Subscription,Banking & Financial Services,,Davanagere,Karnataka,trishulfleetleasing.in,29UTLCT3426O1Z0,,,,304,USR-201,2019-06-21 01:29:30
ACC-01219,Sunrise Corporate Mobility Ltd,Employee Transport Services,Transportation Services,,Davanagere,Karnataka,sunrisecorporatemobili.co.in,29NVVCS9739J1ZK,666190900,,,37,USR-202,2025-09-23 20:41:17
ACC-01220,Pinnacle Medical Trust,Hospitals & Education,Healthcare,,Bengaluru,Karnataka,pinnaclemedicaltrust.co.in,29MSBTP2267G1Z1,,,Named,5,USR-207,2019-05-08 05:19:47
ACC-01221,Brindavan Cabs,Cab Fleet Operator,Transportation Services,,Davanagere,Karnataka,brindavancabs.co.in,29YPEPB2674D1ZH,826532572,,,48,USR-202,2025-04-05 00:44:00
ACC-01222,Namma Resorts Pvt Ltd,Hotels & Travel,Hospitality,,Bengaluru,Karnataka,nammaresorts.in,,,,,13,USR-209,2025-02-19 19:22:12
ACC-01223,Surya Builders Ltd,Corporate (Staff & Executive Cars),,,Belagavi,Karnataka,suryabuildersltd.in,29QZXCS9597K1ZX,,,,13,USR-204,2026-03-12 21:15:42
ACC-01224,Zilla Panchayat - Bidar,Government / PSU,Government,,Bengaluru,Karnataka,,29HGVGZ7672S1ZS,,,,29,USR-204,2021-11-01 23:12:40
ACC-01225,Mahalakshmi Infotech Pvt Ltd,Corporate (Staff & Executive Cars),Information Technology,,Bengaluru,Karnataka,mahalakshmiinfotech.co.in,29TPQCM6864R1ZP,920796391,,,11,USR-202,2026-05-01 04:12:49
ACC-01226,Agriculture Department Office - Koppal,Government / PSU,Government,,Bengaluru,Karnataka,,29AZTGA9369U1ZD,,,,40,USR-206,2026-07-07 01:59:25
ACC-01227,Forest Division Office - Yadgir,Government / PSU,Govt,,Bengaluru,Karnataka,,29NGDGF9133C1ZT,,,,33,USR-202,2023-06-10 21:03:29
ACC-01228,Omkar Car Hire,Car Rental & Self-Drive,Automotive Rental,,Hubballi,Karnataka,omkarcarhire.com,29TBRPO7534M1Z5,,,,26,USR-209,2026-08-31 22:20:34
ACC-01229,Swift Cabs Pvt Ltd,Cab Fleet Operator,Transportation Services,,Bengaluru,Karnataka,swiftcabs.co.in,29IWSCS4039I1Z9,,,,23,USR-208,2020-10-30 05:05:13
ACC-01230,Lotus Infra Projects Pvt Ltd,Corporate (Staff & Executive Cars),Construction & Real Estate,,Mangaluru,Karnataka,lotusinfraprojects.in,29BGUCL9249N1ZU,,,,43,USR-216,2026-08-16 21:30:06
ACC-01231,Zenith Institute of Technology Pvt Ltd,Hospitals & Education,Education,,Tumakuru,Karnataka,zenithinstituteoftechn.in,29SGLCZ5038M1ZN,,,Named,2,USR-211,2019-11-19 16:10:44
ACC-01232,Chaitanya Staff Transport Services Pvt Ltd,Employee Transport Services,Transportation Services,,Bengaluru,Karnataka,chaitanyastafftranspor.in,,405422180,,,60,USR-208,2025-04-17 21:15:43
ACC-01233,Tulasi Hotels & Resorts LLP,Hotels & Travel,Hospitality,,Bengaluru,Karnataka,tulasihotelsresorts.co.in,29MZBFT2511W1ZS,,,,9,USR-208,2025-12-28 08:39:15
ACC-01234,Bharath Traders Pvt Ltd,Corporate (Staff & Executive Cars),Retail,,Bengaluru,Karnataka,bharathtraders.in,29ULLCB2960X1ZB,,,,7,USR-202,2025-07-16 22:31:11
ACC-01235,Horizon Medical Trust,Hospitals & Education,Healthcare,,Hubballi,Karnataka,horizonmedicaltrust.com,,,,,8,USR-209,2026-08-24 14:42:00
ACC-01236,Greenline Taxi Services LLP,Cab Fleet Operator,Transport,,Bengaluru,Karnataka,greenlinetaxiservices.in,29SVXFG4609L1ZW,,,,6,USR-209,2025-12-19 01:15:36
ACC-01237,Kadamba Multispeciality Hospital,Hospitals & Education,Healthcare,,Bengaluru,Karnataka,kadambamultispeciality.co.in,29VDUTK3403S1ZW,310585911,,,7,USR-205,2022-02-02 18:36:13
ACC-01238,Metro Resorts,Hotels & Travel,Hospitality,,Hubballi,Karnataka,metroresorts.co.in,29EWFPM1138V1ZL,,,,4,USR-206,2025-12-05 11:13:14
ACC-01239,Sterling Retail Pvt Ltd,Corporate (Staff & Executive Cars),Retail,,Mysuru,Karnataka,sterlingretail.com,29WWTCS9801A1Z7,,,,23,USR-211,2022-05-21 05:52:09
ACC-01240,Prime Self Drive Cars,Car Rental & Self-Drive,Rental,,Shivamogga,Karnataka,primeselfdrivecars.in,29JPFPP3895U1Z9,,,,80,USR-211,2024-02-01 08:00:20
ACC-01241,Tunga Pharmaceuticals Ltd,Corporate (Staff & Executive Cars),Pharmaceuticals,,Bengaluru,Karnataka,tungapharmaceuticalslt.in,29SIICT6099R122,190391516,,Key,17,USR-197,2024-01-09 03:00:10
ACC-01242,Unity Tours & Travels,Cab Fleet Operator,Transportation Services,,Bengaluru,Karnataka,unitytourstravels.co.in,29ULSPU4138S1Z6,857695019,,,13,USR-208,2024-02-04 21:56:16
ACC-01243,Netravati Engineering Works Pvt Ltd,Corporate (Staff & Executive Cars),Manufacturing,,Davangere,Karnataka,netravatiengineeringwo.com,29YUOCN8824C1ZA,996256807,,,21,USR-206,2026-06-18 21:40:44
ACC-01244,Suvarna Precision Components Pvt Ltd,Corporate (Staff & Executive Cars),Manufacturing,,Bengaluru,Karnataka,suvarnaprecisioncompon.co.in,29ZEKCS5568J1ZN,190120079,,,7,USR-207,2021-06-22 00:58:35
ACC-01245,Maruthi Nagar Infotech Pvt Ltd,Corporate (Staff & Executive Cars),Information Technology,,Bengaluru,Karnataka,maruthinagarinfotech.in,29DOMCM9572T1Z4,691256650,,,15,USR-216,2025-09-07 03:25:27
ACC-01246,Sunrise Travels,Cab Fleet Operator,Transportation Services,,Tumakuru,Karnataka,sunrisetravels.in,29MLCPS2869Q1ZQ,,,,12,USR-211,2025-09-04 22:13:11
ACC-01247,Silicon Finance LLP,Corporate (Staff & Executive Cars),Banking & Financial Services,,Bengaluru,Karnataka,siliconfinance.co.in,29FBQFS8596C1Z6,585915647,,Named,13,USR-208,2025-06-19 15:03:52
ACC-01248,Sharavathi Fleet Services Pvt Ltd,Cab Fleet Operator,Transportation Services,,Bengaluru,Karnataka,sharavathifleetservice.in,,110005939,,,22,USR-209,2020-09-22 03:24:29
ACC-01249,Sri Lakshmi Car Subscription Services Ltd,Leasing & Subscription,Banking & Financial Services,,Tumakuru,Karnataka,srilakshmicarsubscript.com,29DDDCS3466L1ZL,491444129,,,512,USR-208,2024-08-24 08:09:12
ACC-01250,Chandra Car Subscription Services LLP,Leasing & Subscription,Banking & Financial Services,,Mysuru,Karnataka,chandracarsubscription.co.in,29XIVFC9255Q1Z1,210246874,,,682,USR-204,2026-08-07 21:02:04
ACC-01251,Srinidhi College Pvt Ltd,Hospitals & Education,Education,,Bengaluru,Karnataka,srinidhicollege.co.in,29JQTCS5348K1Z9,,,,3,USR-202,2020-12-15 17:45:39
ACC-01252,Ujwal Pharmaceuticals Pvt Ltd,Corporate (Staff & Executive Cars),Pharmaceuticals,,Bengaluru,Karnataka,ujwalpharmaceuticals.co.in,29DKSCU2630D1ZI,,,,21,USR-214,2026-04-21 06:02:06
ACC-01253,Sharada Institute of Technology Pvt Ltd,Hospitals & Education,Education,,Bengaluru,Karnataka,sharadainstituteoftech.co.in,,,,,2,USR-216,2020-07-25 13:02:43
ACC-01254,Sri Lakshmi Fleet Services,Cab Fleet Operator,Transportation Services,,Bengaluru,Karnataka,srilakshmifleetservice.com,29ULSPS 1086M1ZJ,,,,21,USR-216,2025-12-25 20:16:00
ACC-01255,Rural Development Office - Yadgir,Government / PSU,Government,,Bengaluru ,Karnataka,,29UTSGR9027J1ZO,,,,83,USR-206,2024-05-11 18:30:12
ACC-01256,Emerald Fleet Services,Cab Fleet Operator,Transportation Services,,Hubballi,Karnataka,emeraldfleetservices.in,29QUUPE0294X1ZV,,,,30,USR-208,2025-06-20 00:44:29
ACC-01257,Silicon Cabs,Cab Fleet Operator,Transportation Services,,Mysuru,Karnataka,siliconcabs.co.in,29PKGPS0462T1ZU,,,,17,USR-210,2020-11-12 01:33:06
ACC-01258,Zenith Hotels & Resorts Pvt Ltd,Hotels & Travel,Hospitality,,Mangaluru,Karnataka,zenithhotelsresorts.in,29KPLCZ4723V1ZW,,,,7,USR-206,2023-08-16 17:46:23
ACC-01259,Sharavathi Multispeciality Hospital Pvt Ltd,Hospitals & Education,Healthcare,,Hubballi,Karnataka,sharavathimultispecial.co.in,29TMWCS2399X1Z9,550626634,,,6,USR-211,2021-03-22 10:45:19
ACC-01260,Kaveri Multispeciality Hospital,Hospitals & Education,Healthcare,,Mysuru,Karnataka,kaverimultispecialityh.in,29QRUTK4532B1ZZ,,,,8,USR-208,2019-02-01 20:55:56
ACC-01261,Orbit Infotech Pvt Ltd,Corporate (Staff & Executive Cars),Information Technology,,Bengaluru,Karnataka,orbitinfotech.com,29IQWCO3142H1ZU,950877904,,,8,USR-216,2025-12-15 15:14:07
ACC-01262,Hoysala Multispeciality Hospital,Hospitals & Education,Healthcare,,Bengaluru,Karnataka,hoysalamultispeciality.in,29YXDTH6134I1ZI,,,,5,USR-214,2022-12-15 23:15:00
ACC-01263,Akshaya Hotels & Resorts LLP,Hotels & Travel,Hospitality,,Bengaluru,Karnataka,akshayahotelsresorts.in,29NAHFA0869L1ZO,,,,6,USR-216,2026-07-17 03:37:03
ACC-01264,Srinidhi Digital Systems Pvt Ltd,Corporate (Staff & Executive Cars),Information Technology,,BLR,Karnataka,srinidhidigitalsystems.com,29HSYCS6936Z1Z4,,,,22,USR-213,2024-04-04 12:59:32
ACC-01265,Sri Lakshmi Taxi Services Pvt Ltd,Cab Fleet Operator,Transportation Services,,Bengaluru,Karnataka,srilakshmitaxiservices.co.in,29GDMCS1405F1Z3,,,Named,19,USR-204,2018-10-22 00:16:26
ACC-01266,Sanjeevini Auto Leasing Ltd,Leasing & Subscription,Finance,,Hubballi,Karnataka,sanjeeviniautoleasingl.com,29HDHCS3116Q1ZG,,,,255,USR-212,2021-05-16 05:31:28
ACC-01267,Kadamba College,Hospitals & Education,Education,,Hubballi,Karnataka,kadambacollege.in,29YSXTK8694J1ZI,603347366,,,4,USR-201,2020-06-15 06:11:08
ACC-01268,Kaveri Supermarts Pvt Ltd,Corporate (Staff & Executive Cars),Retail,,Bengaluru,Karnataka,kaverisupermarts.in,29LVJCK0450I1ZY,423491274,,Named,5,USR-211,2026-09-09 19:47:58
ACC-01269,Yashas Builders Ltd,Corporate (Staff & Executive Cars),Construction & Real Estate,,Bengaluru,Karnataka,yashasbuildersltd.in,29ESRCY4675Q1ZQ,291151737,,,24,USR-216,2026-04-28 05:32:22
ACC-01270,Silicon Infotech Pvt Ltd,Corporate (Staff & Executive Cars),Information Technology,,Hubballi,Karnataka,siliconinfotech.co.in,29LQLCS7212F1ZZ,,,,9,USR-214,2025-12-19 10:19:33
ACC-01271,Sharavathi Infotech Pvt Ltd,Corporate (Staff & Executive Cars),Information Technology,,Bengaluru,Karnataka,sharavathiinfotech.co.in,29CWZCS9986I1ZI,698653614,,,47,USR-205,2024-09-18 22:13:29
ACC-01272,Chandra Retail Ltd,Corporate (Staff & Executive Cars),,,Bengaluru,Karnataka,chandraretailltd.co.in,29CCLCC6454F1Z7,881665941,,,28,USR-211,2021-04-24 13:52:36
ACC-01273,Rapid Credit Services Ltd,Corporate (Staff & Executive Cars),Finance,,Hubballi,Karnataka,rapidcreditservicesltd.com,29YMKCR3754X1ZO,,,,4,USR-214,2020-07-18 02:14:02
ACC-01274,Hoysala Diagnostics,Hospitals & Education,Healthcare,,Bengaluru,Karnataka,hoysaladiagnostics.co.in,29RVXTH4617D1ZK,645853480,,,13,USR-202,2020-02-05 16:02:01
ACC-01275,Kadamba Staff Transport Services Pvt Ltd,Employee Transport Services,Transportation Services,,Bengaluru,Karnataka,kadambastafftransports.com,,,,,167,USR-208,2022-01-01 14:48:08
ACC-01276,Suvarna Mobility Services Pvt Ltd,Employee Transport Services,Travels,,Mysuru,Karnataka,suvarnamobilityservice.in,29BETCS7417X1ZI,,,,556,USR-203,2019-05-04 14:33:18
ACC-01277,Bluechip Tours & Travels Pvt Ltd,Cab Fleet Operator,Transportation Services,,Hubballi,Karnataka,bluechiptourstravels.co.in,29UNUCB3485O1ZA,,,,9,USR-206,2020-01-08 20:33:16
ACC-01278,Amrutha Holidays,Hotels & Travel,Hospitality,,Davanagere,Karnataka,amruthaholidays.com,29PEDPA2743Q1ZU,427978466,,,10,USR-216,2025-07-09 22:37:17
ACC-01279,Sharada College,Hospitals & Education,Education,,Bengaluru,Karnataka,sharadacollege.com,29RFXTS8035U1Z3,168577117,,,11,USR-203,2021-08-11 19:21:17
ACC-01280,Sharavathi Traders Ltd,Corporate (Staff & Executive Cars),Retail,,Bengaluru,Karnataka,sharavathitradersltd.in,29HXWCS0055V1ZM,600997002,,,3,USR-210,2022-03-24 19:38:03
ACC-01281,Tunga Self Drive Cars LLP,Car Rental & Self-Drive,Automotive Rental,,Mangaluru,Karnataka,tungaselfdrivecars.in,29TOXFT9787V1ZN,252042986,,,43,USR-216,2026-07-22 05:30:22
ACC-01282,Vega Retail Pvt Ltd,Corporate (Staff & Executive Cars),Retail,,Hubli,Karnataka,vegaretail.co.in,29PVNCV2624A1ZS,,,Key,10,USR-198,2020-05-05 09:24:51
ACC-01283,Kadamba Tours & Travels LLP,Cab Fleet Operator,Transportation Services,,Shivamogga,Karnataka,kadambatourstravels.com,,,,,41,USR-202,2024-01-21 14:33:01
ACC-01284,Sri Ganesh Infotech LLP,Corporate (Staff & Executive Cars),,,Bengaluru,Karnataka,sriganeshinfotech.com,29UORFS8731C1ZE,309334227,,,12,USR-216,2026-06-28 09:32:55
ACC-01285,Annapoorna Healthcare Products Pvt Ltd,Corporate (Staff & Executive Cars),Pharmaceuticals,,Bengaluru,Karnataka,annapoornahealthcarepr.com,29CEUCA2095Z1ZU,,,,48,USR-209,2023-05-25 23:10:45
ACC-01286,Crescent Life Sciences Pvt Ltd,Corporate (Staff & Executive Cars),Pharmaceuticals,,Bengaluru,Karnataka,crescentlifesciences.in,29FRMCC6203G1ZJ,214505000,,,8,USR-216,2019-06-16 11:49:22
ACC-01287,Surya Self Drive Cars LLP,Car Rental & Self-Drive,Automotive Rental,,Belagavi,Karnataka,suryaselfdrivecars.com,29YZOFS2118K1ZP,705277871,,,17,USR-210,2021-01-05 17:06:38
ACC-01288,Elite Employee Transport Solutions Ltd,Employee Transport Services,Transportation Services,,Mysuru,Karnataka,eliteemployeetransport.in,29AOHCE8205M1ZE,866231658,,,305,USR-214,2024-08-07 09:06:17
ACC-01289,Tunga Hospital Pvt Ltd,Hospitals & Education,Healthcare,,Mysuru,Karnataka,tungahospital.in,29PVZCT4026G1Z6,,,,3,USR-208,2019-05-10 21:54:11
ACC-01290,Chandra Employee Transport Solutions Pvt Ltd,Employee Transport Services,Travels,,Bengaluru,Karnataka,chandraemployeetranspo.com,29YFRCC7760E1Z8,,,,71,USR-204,2020-07-07 01:17:02
ACC-01291,Surya Car Rentals LLP,Car Rental & Self-Drive,Automotive Rental,,Mangaluru,Karnataka,suryacarrentals.co.in,29NLQFS4148L1ZE,,,Named,17,USR-206,2023-03-14 10:06:09
ACC-01292,Sai Krupa Commute Solutions Pvt Ltd,Employee Transport Services,Transportation Services,,Bengaluru,Karnataka,saikrupacommutesolutio.co.in,29EXCCS6492U1ZQ,,,Named,85,USR-209,2023-06-07 14:36:31
ACC-01293,Rural Development Office - Vijayapura,Government / PSU,Government,,Bengaluru,Karnataka,,29SBIGR9452S1ZE,,,,10,USR-204,2019-12-08 15:03:13
ACC-01294,Maruthi Nagar Tours & Travels,Cab Fleet Operator,Transportation,,Hubballi,Karnataka,maruthinagartourstrave.com,29NZUPM1494J1Z4,,,,21,USR-202,2023-01-21 15:24:10
ACC-01295,Srinidhi Rent-a-Car Pvt Ltd,Car Rental & Self-Drive,Automotive Rental,,Davanagere,Karnataka,srinidhirentacar.co.in,29OLPCS2884A1Z0,,,,22,USR-204,2024-08-14 16:03:53
ACC-01296,District Collectorate - Ballari,Government / PSU,Government,,Mangaluru,Karnataka,,29RXAGD1468N1ZA,,,,45,USR-214,2025-06-26 21:56:43
ACC-01297,Suvarna Corporate Mobility Pvt Ltd,Employee Transport Services,Transportation Services,,Bengaluru,Karnataka,suvarnacorporatemobili.com,29puocs4934w1ze,254415497,,,152,USR-216,2019-06-11 18:57:39
ACC-01298,Hoysala Fleet Services Pvt Ltd,Cab Fleet Operator,Transportation Services,,Bengaluru,Karnataka,hoysalafleetservices.co.in,29XHWCH4415A1ZH,,,,6,USR-214,2019-08-28 00:17:59
ACC-01299,Silicon Life Sciences LLP,Corporate (Staff & Executive Cars),Pharma,,Bengaluru,Karnataka,siliconlifesciences.co.in,29MZFFS 8669V1ZW,924070806,,Named,14,USR-208,2026-04-01 21:59:54
ACC-01300,Brindavan Car Rentals LLP,Car Rental & Self-Drive,Automotive Rental,,Davanagere,Karnataka,brindavancarrentals.com,29LCSFB3386G1ZJ,,,,90,USR-209,2024-09-04 02:28:28
ACC-01301,Deccan Credit Services Ltd,Corporate (Staff & Executive Cars),Banking & Financial Services,,Bengaluru,Karnataka,deccancreditserviceslt.co.in,,856428426,,,22,USR-202,2026-07-11 01:27:28
ACC-01302,District Collectorate - Bidar,Government / PSU,Government,,Belagavi,Karnataka,,29AYEGD8429Q1Z8,,,,54,USR-209,2021-06-16 18:29:24
ACC-01303,Greenline Credit Services Ltd,Corporate (Staff & Executive Cars),Banking & Financial Services,,Bengaluru,Karnataka,greenlinecreditservice.in,29IVVCG1467K1ZL,792453307,,,11,USR-208,2021-11-22 00:21:58
ACC-01304,Airavata Taxi Services,Cab Fleet Operator,Transportation Services,,Mangaluru,Karnataka,airavatataxiservices.co.in,29PAFPA2034Q1Z8,,,Named,21,USR-208,2025-12-31 01:25:06
ACC-01305,Amrutha Constructions LLP,Corporate (Staff & Executive Cars),Construction & Real Estate,,Bengaluru,Karnataka,amruthaconstructions.com,29XWNFA0440B1Z1,215529543,,,8,USR-209,2022-07-14 22:33:19
ACC-01306,Urbanline Cab Services,Cab Fleet Operator,Transportation Services,,Bengaluru,Karnataka,urbanlinecabservices.com,29VECPU4208K1ZL,,,,15,USR-208,2025-10-30 03:31:35
ACC-01307,Kaveri Traders Pvt Ltd,Corporate (Staff & Executive Cars),Retail,,Shivamogga,Karnataka,kaveritraders.com,29OQBCK2223L1Z8,,,,10,USR-209,2022-06-23 10:02:00
ACC-01308,Bharath Taxi Services,Cab Fleet Operator,Transportation Services,,Bengaluru,Karnataka,bharathtaxiservices.co.in,29FUUPB0600I1ZL,,,Named,60,USR-214,2024-04-15 13:13:02
ACC-01309,Karavali Cab Services Pvt Ltd,Cab Fleet Operator,Transportation Services,,Mysuru,Karnataka,karavalicabservices.in,29FMCCK3313R1ZB,,,,35,USR-202,2025-07-17 14:23:53
ACC-01310,Horizon Employee Transport Solutions Pvt Ltd,Employee Transport Services,,,Bengaluru,Karnataka,horizonemployeetranspo.in,29FDUCH6680U1ZP,960296864,,,160,USR-216,2025-04-13 02:01:48
ACC-01311,Kodagu Travels Pvt Ltd,Cab Fleet Operator,Transportation Services,,Bengaluru,Karnataka,kodagutravels.in,29NPVCK7515W1ZS,,,,53,USR-205,2023-05-17 07:14:44
ACC-01312,Aadhya Self Drive Cars,Car Rental & Self-Drive,Automotive Rental,,Mysuru,Karnataka,aadhyaselfdrivecars.in,29KWNPA3137R1ZO,,,,41,USR-211,2026-05-18 07:10:43
ACC-01313,Prime Travels Pvt Ltd,Cab Fleet Operator,Transportation Services,,Bengaluru,Karnataka,primetravels.co.in,29OEMCP6468R1ZI,,,,25,USR-211,2021-07-19 03:23:39
ACC-01314,Sapphire Fleet Leasing LLP,Leasing & Subscription,Banking & Financial Services,,Bengaluru,Karnataka,sapphirefleetleasing.com,29MNXFS0389G12C,921255916,,,714,USR-216,2019-11-14 18:40:15
ACC-01315,Vasudha Life Sciences LLP,Corporate (Staff & Executive Cars),Pharmaceuticals,,Mangaluru,Karnataka,vasudhalifesciences.co.in,29WHHFV5815S1Z6,208146179,,,14,USR-216,2024-08-17 08:05:52
ACC-01316,Kadamba Travels Pvt Ltd,Cab Fleet Operator,Transportation Services,,Bengaluru,Karnataka,kadambatravels.co.in,29EFYCK2096M1Z1,,,Named,27,USR-204,2020-03-03 11:16:48
ACC-01317,Yashas Corporate Mobility Ltd,Employee Transport Services,Transportation Services,,Mysuru,Karnataka,yashascorporatemobilit.in,29BZQCY8721W1Z9,,,,63,USR-209,2023-03-18 03:57:37
ACC-01318,Police Motor Transport Unit - Koppal,Government / PSU,Government,,Bengaluru,Karnataka,,29SEMGP9364E1ZW,,,,22,USR-216,2018-12-29 10:28:49
ACC-01319,Sapphire Technologies Pvt Ltd,Corporate (Staff & Executive Cars),Information Technology,,Bengaluru,Karnataka,sapphiretechnologies.co.in,29FEZCS3858D1Z8,668751359,,,24,USR-201,2019-03-24 17:02:08
ACC-01320,Sapphire Car Rentals LLP,Car Rental & Self-Drive,Automotive Rental,,Belagavi,Karnataka,sapphirecarrentals.in,29NJKFS7364I1ZM,,,Named,25,USR-211,2026-02-14 14:43:43
ACC-01321,Silicon Mobility Services Pvt Ltd,Employee Transport Services,Transportation Services,,Bengaluru,Karnataka,siliconmobilityservice.co.in,29VCICS5773Z1Z2,,,Named,250,USR-214,2026-01-24 11:06:22
ACC-01322,Chandra Cab Services,Cab Fleet Operator,Transportation Services,,Bengaluru,Karnataka,chandracabservices.in,29BFBPC9791U1ZC,,,,19,USR-208,2020-08-18 06:34:59
ACC-01323,Greenline Car Rentals LLP,Car Rental & Self-Drive,Automotive Rental,,Davanagere,Karnataka,greenlinecarrentals.in,29ETCFG0961U1ZI,,,,42,USR-207,2022-04-29 02:11:13
ACC-01324,Vijaya Diagnostics,Hospitals & Education,Healthcare,,Mangaluru,Karnataka,vijayadiagnostics.in,29XSOTV8637H1Z2,,,Named,11,USR-207,2020-05-19 10:29:40
ACC-01325,Nakshatra Taxi Services Pvt Ltd,Cab Fleet Operator,Transportation Services,,Belagavi,Karnataka,nakshatrataxiservices.in,29JWHCN1087H1ZP,,,Named,33,USR-211,2025-06-13 15:10:43
ACC-01326,Airavata Tours & Travels LLP,Cab Fleet Operator,Transportation Services,,Belagavi,Karnataka,airavatatourstravels.in,29GVOFA3494F1ZR,,,,29,USR-203,2020-08-25 12:04:30
ACC-01327,Tunga Tours & Travels,Cab Fleet Operator,Transportation Services,,Davanagere,Karnataka,tungatourstravels.in,29OOGPT7126E1ZA,,,,6,USR-204,2021-10-18 00:04:05
ACC-01328,Police Motor Transport Unit - Dakshina Kannada,Government / PSU,Government,,Bengaluru,Karnataka,,29UVEGP3305D1ZS,108606647,,,40,USR-202,2025-03-16 01:44:21
ACC-01329,Royal Pharmaceuticals Ltd,Corporate (Staff & Executive Cars),Pharmaceuticals,,Mangalore,Karnataka,royalpharmaceuticalslt.in,29YRZCR9292S1ZW,822928173,,,7,USR-212,2019-04-30 03:05:05
ACC-01330,Ujwal Hospitality Services,Hotels & Travel,,,Davanagere,Karnataka,ujwalhospitalityservic.com,29GYIPU4618N1ZD,599599737,,,4,USR-214,2025-05-28 02:42:32
ACC-01331,Prime College,Hospitals & Education,Education,,Bengaluru,Karnataka,primecollege.com,29IWMTP4989R1ZI,,,Named,15,USR-206,2022-09-04 04:08:20
ACC-01332,Malnad Employee Transport Solutions Pvt Ltd,Employee Transport Services,Transportation Services,,Bengaluru,Karnataka,malnademployeetranspor.com,29FRRCM5929X1ZQ,,,,102,USR-209,2024-05-07 22:37:37
ACC-01333,Greenline Mobility Services Pvt Ltd,Employee Transport Services,Transportation Services,,Bengaluru,Karnataka,greenlinemobilityservi.in,29PGXCG3748S1ZG,954347850,,,199,USR-211,2023-03-29 02:32:29
ACC-01334,Sunrise Retail Pvt Ltd,Corporate (Staff & Executive Cars),Retail,,Bengaluru,Karnataka,sunriseretail.in,29YAZCS8464E1ZR,574956486,,,20,USR-204,2021-12-19 13:52:58
ACC-01335,Sharada Staff Transport Services Pvt Ltd,Employee Transport Services,Transportation Services,,Bengaluru,Karnataka,sharadastafftransports.in,29KFOCS 7507P1ZT,,,Named,299,USR-208,2026-09-21 23:38:30
ACC-01336,Karavali Software Solutions Pvt Ltd,Corporate (Staff & Executive Cars),Information Technology,,Shivamogga,Karnataka,karavalisoftwaresoluti.in,29YCCCK9030Y1ZP,629971362,,,18,USR-205,2019-09-27 11:03:58
ACC-01337,Crescent Hotels & Resorts LLP,Hotels & Travel,Hospitality,,Bengaluru,Karnataka,crescenthotelsresorts.co.in,29UKOFC9677J1ZB,,,,3,USR-206,2021-03-08 06:25:27
ACC-01338,Swift Life Sciences Pvt Ltd,Corporate (Staff & Executive Cars),Pharmaceuticals,,Bengaluru,Karnataka,swiftlifesciences.co.in,29RZPCS0607J1Z5,,,,3,USR-211,2026-03-15 07:48:44
ACC-01339,Vasudha Traders Ltd,Corporate (Staff & Executive Cars),Retail,,Bengaluru,Karnataka,vasudhatradersltd.in,29LIOCV9910F1Z7,142276939,,Named,7,USR-204,2021-11-28 07:08:47
ACC-01340,Sterling Software Solutions Pvt Ltd,Corporate (Staff & Executive Cars),Information Technology,,Bengaluru,Karnataka,sterlingsoftwaresoluti.in,29RUACS5329Q1Z3,102546942,,,10,USR-204,2019-09-21 22:19:29
ACC-01341,Greenline Commute Solutions Pvt Ltd,Employee Transport Services,Transportation Services,,Mysore,Karnataka,greenlinecommutesoluti.com,29FZACG5856O1ZD,334187293,,,144,USR-214,2020-04-14 02:33:22
ACC-01342,Urbanline Fleet Services,Cab Fleet Operator,Transportation Services,,Hubballi,Karnataka,urbanlinefleetservices.in,29VYUPU2031E1ZI,,,,29,USR-203,2021-03-04 23:34:36
ACC-01343,Hoysala Auto Leasing Pvt Ltd,Leasing & Subscription,Banking & Financial Services,,Hubballi,Karnataka,hoysalaautoleasing.com,29MIPCH6364O1ZR,,,,425,USR-208,2020-12-24 23:05:45
ACC-01344,Malnad Capital Pvt Ltd,Corporate (Staff & Executive Cars),Banking & Financial Services,,Bengaluru,Karnataka,malnadcapital.com,29KKACM4780W1ZJ,600410041,,,13,USR-211,2021-07-28 17:17:02
ACC-01345,Kodagu Engineering Works Pvt Ltd,Corporate (Staff & Executive Cars),Manufacturing,,Bengaluru,Karnataka,kodaguengineeringworks.com,29PFUCK8760R1ZD,,,,12,USR-208,2026-07-02 06:57:44
ACC-01346,Skyline Precision Components Pvt Ltd,Corporate (Staff & Executive Cars),Manufacturing,,Bengaluru,Karnataka,skylineprecisioncompon.co.in,29FVVCS0628W1ZO,,,,17,USR-208,2019-09-25 01:29:06
ACC-01347,Vega Corporate Mobility Pvt Ltd,Employee Transport Services,Transportation Services,,Bengaluru ,Karnataka,vegacorporatemobility.com,29AUFCV1257P1ZJ,,,,61,USR-202,2026-04-18 03:10:02
ACC-01348,Shree Balaji Employee Transport Solutions LLP,Employee Transport Services,Transportation Services,,Hubballi,Karnataka,shreebalajiemployeetra.co.in,29XZOFS0168I1ZO,657555898,,,27,USR-208,2021-07-14 12:12:44
ACC-01349,Forest Division Office - Bidar,Government / PSU,Government,,Tumakuru,Karnataka,,29OIGGF0011P1ZI,,,,36,USR-204,2024-09-04 10:21:32
ACC-01350,Pinnacle Tours & Travels Pvt Ltd,Cab Fleet Operator,Transportation Services,,Belagavi,Karnataka,pinnacletourstravels.co.in,29YTICP9468H1ZW,,,,13,USR-204,2019-08-04 21:22:41
ACC-01351,Skyline Car Hire Pvt Ltd,Car Rental & Self-Drive,Automotive Rental,,Tumakuru,Karnataka,skylinecarhire.co.in,29NDBCS4939Q1ZZ,599137416,,,34,USR-206,2022-11-14 21:57:32
ACC-01352,Shree Balaji Cab Services Pvt Ltd,Cab Fleet Operator,Transportation Services,,Mangaluru,Karnataka,shreebalajicabservices.com,29BDMCS1400O1ZU,342167862,,,42,USR-211,2020-04-03 03:29:03
ACC-01353,Sunrise Cab Services LLP,Cab Fleet Operator,Transportation Services,,Bengaluru,Karnataka,sunrisecabservices.com,29ZHLFS 0058M1ZL,707535645,,,60,USR-201,2018-10-05 20:32:19
ACC-01354,Suvarna Employee Transport Solutions LLP,Employee Transport Services,Transportation Services,,Bengaluru,Karnataka,suvarnaemployeetranspo.in,29POAFS2412P1ZR,999529851,,,30,USR-202,2019-06-30 11:16:03
ACC-01355,Royal Taxi Services Pvt Ltd,Cab Fleet Operator,Transportation Services,,Mysuru,Karnataka,royaltaxiservices.co.in,29KMBCR0738S1ZR,,,,25,USR-209,2019-10-21 13:33:03
ACC-01356,Kodagu Car Hire,Car Rental & Self-Drive,Rental,,Bengaluru,Karnataka,kodagucarhire.in,29AIFPK9576R1Z8,504122774,,,118,USR-209,2026-04-20 14:09:41
ACC-01357,Brindavan Traders Ltd,Corporate (Staff & Executive Cars),Retail,,Bengaluru,Karnataka,brindavantradersltd.com,29IFPCB6292J1ZF,,,,7,USR-204,2023-08-06 08:52:00
ACC-01358,Brindavan Mobility Services Pvt Ltd,Employee Transport Services,Transportation Services,,Hubballi,Karnataka,brindavanmobilityservi.in,,,,,296,USR-202,2025-06-20 17:22:14
ACC-01359,Tunga Self Drive Cars Pvt Ltd,Car Rental & Self-Drive,Automotive Rental,,udupi,Karnataka,tungaselfdrivecars.in,29EMYCT6856J1ZB,,,,35,USR-210,2019-01-31 18:56:49
ACC-01360,Sunrise Multispeciality Hospital Pvt Ltd,Hospitals & Education,Healthcare,,Belagavi,Karnataka,sunrisemultispeciality.co.in,29DKWCS9713X1ZX,,,Named,22,USR-216,2024-08-16 15:52:48
ACC-01361,Sharavathi Institute of Technology,Hospitals & Education,Education,,Mysuru,Karnataka,sharavathiinstituteoft.co.in,29ZJXTS9430Z1ZB,,,Named,7,USR-211,2018-12-23 03:56:41
ACC-01362,Silicon Cab Services,Cab Fleet Operator,Transportation,,Tumakuru,Karnataka,siliconcabservices.com,29CWCPS9985J1ZD,,,,23,USR-204,2026-03-13 04:10:15
ACC-01363,District Health Office - Bengaluru Rural,Government / PSU,Government,,Bengaluru,Karnataka,,29BDPGD3185T1Z2,,,Named,19,USR-208,2022-10-24 21:24:37
ACC-01364,Netravati Taxi Services,Cab Fleet Operator,Transportation,,Bengaluru,Karnataka,netravatitaxiservices.co.in,29OQHPN9518G1ZZ,,,,63,USR-212,2021-08-02 11:25:13
ACC-01365,Tunga Corporate Mobility Pvt Ltd,Employee Transport Services,Transportation Services,,Belagavi,Karnataka,tungacorporatemobility.com,29CVYCT6851L1ZW,442492830,,,63,USR-204,2024-08-11 16:44:36
ACC-01366,Namma Hospitality Services LLP,Hotels & Travel,Hospitality,,Bengaluru,Karnataka,nammahospitalityservic.co.in,29TSKFN9675Q1ZD,726204262,,,10,USR-202,2023-09-18 02:17:09
ACC-01367,Kaveri Travels Pvt Ltd,Cab Fleet Operator,Transportation Services,,Bengaluru,Karnataka,kaveritravels.com,29PFFCK4255D1ZV,,,,44,USR-214,2019-11-27 19:31:38
ACC-01368,Yashas Fleet Leasing Pvt Ltd,Leasing & Subscription,Banking & Financial Services,,Bengaluru,Karnataka,yashasfleetleasing.co.in,29FBBCY6160N1ZI,367854522,,,268,USR-211,2026-02-03 21:50:32
ACC-01369,Vijaya Healthcare Products Pvt Ltd,Corporate (Staff & Executive Cars),Pharmaceuticals,,Bengaluru,Karnataka,vijayahealthcareproduc.co.in,29GSICV0849R1Z6,335955477,,,12,USR-215,2019-05-05 16:13:27
ACC-01370,Namma Life Sciences Pvt Ltd,Corporate (Staff & Executive Cars),Pharmaceuticals,,Bengaluru,Karnataka,nammalifesciences.com,29QYYCN3412H1Z8,943318431,,,9,USR-208,2018-11-21 22:01:34
ACC-01371,Sri Lakshmi Staff Transport Services Pvt Ltd,Employee Transport Services,Transportation Services,,Hubballi,Karnataka,srilakshmistafftranspo.in,29SJLCS4399P1Z3,746543726,,,47,USR-211,2026-05-23 04:39:28
ACC-01372,Suvarna Traders LLP,Corporate (Staff & Executive Cars),Retail,,Mysore,Karnataka,suvarnatraders.co.in,29RZOFS9944H1ZF,,,,61,USR-208,2026-09-20 15:41:04
ACC-01373,District Collectorate - Dharwad,Government / PSU,Government,,Belagavi,Karnataka,,29GRGGD2959H1ZY,,,,25,USR-211,2022-03-18 20:00:48
ACC-01374,Pragati Travels,Cab Fleet Operator,Transportation Services,,Hubballi,Karnataka,pragatitravels.com,29UILPP6518Z1Z6,,,,79,USR-211,2019-09-27 07:05:09
ACC-01375,Zenith Traders Pvt Ltd,Corporate (Staff & Executive Cars),Retail,,Bengaluru,Karnataka,zenithtraders.in,,248305089,,Named,29,USR-204,2025-09-05 08:23:54
ACC-01376,Hampi Rent-a-Car LLP,Car Rental & Self-Drive,Automotive Rental,,bengaluru,Karnataka,hampirentacar.in,29BHCFH6637B1Z3,,,,21,USR-213,2022-02-14 20:41:11
ACC-01377,Skyline Leasing Pvt Ltd,Leasing & Subscription,Banking & Financial Services,,Bengaluru,Karnataka,skylineleasing.in,29HYZCS0335E1ZH,587708321,,,612,USR-208,2022-02-28 19:05:35
ACC-01378,Sri Lakshmi Rent-a-Car Pvt Ltd,Car Rental & Self-Drive,Automotive Rental,,Bengaluru,Karnataka,srilakshmirentacar.com,29MPJCS2544S1ZA,,,,71,USR-208,2026-03-24 01:17:44
ACC-01379,Metro Technologies Pvt Ltd,Corporate (Staff & Executive Cars),Information Technology,,Udupi,Karnataka,metrotechnologies.in,29FWYCM1820U1ZX,264313582,,Named,16,USR-202,2026-08-12 20:54:34
ACC-01380,Zilla Panchayat - Uttara Kannada,Government / PSU,Government,,Bengaluru,Karnataka,,29KLAGZ6083W1ZW,,,,25,USR-206,2025-05-15 19:30:06
ACC-01381,Aadhya Diagnostics Pvt Ltd,Hospitals & Education,Healthcare,,Bengaluru,Karnataka,aadhyadiagnostics.com,29TZWCA7191X1Z1,296096776,,,11,USR-202,2022-11-11 03:41:41
ACC-01382,Orbit Cabs LLP,Cab Fleet Operator,Transportation Services,,Bengaluru,Karnataka,orbitcabs.in,29VCXFO3325X1Z5,,,,8,USR-216,2021-11-02 00:25:01
ACC-01383,Sharada Cab Services,Cab Fleet Operator,Transportation Services,,Shivamogga,Karnataka,sharadacabservices.com,29GZUPS7778C1Z5,,,,36,USR-207,2023-05-10 13:49:51
ACC-01384,Shubham Software Solutions Pvt Ltd,Corporate (Staff & Executive Cars),Information Technology,,Bengaluru,Karnataka,shubhamsoftwaresolutio.co.in,,224320899,,,31,USR-204,2025-04-30 06:59:19
ACC-01385,Airavata Fleet Services LLP,Cab Fleet Operator,Travels,,Bengaluru ,Karnataka,airavatafleetservices.co.in,29ODGFA9729E12O,,,,13,USR-206,2018-10-13 23:28:16
ACC-01386,Vasudha Capital Pvt Ltd,Corporate (Staff & Executive Cars),Banking & Financial Services,,Bengaluru,Karnataka,vasudhacapital.in,29STYCV5025N1ZQ,,,,15,USR-211,2025-11-30 14:27:14
ACC-01387,Hoysala Car Hire LLP,Car Rental & Self-Drive,Automotive Rental,,Bengaluru,Karnataka,hoysalacarhire.in,29FVOFH4334W1ZX,,,,72,USR-211,2025-12-29 10:19:23
ACC-01388,Sanjeevini Staff Transport Services LLP,Employee Transport Services,Transportation Services,,Bengaluru,Karnataka,sanjeevinistafftranspo.com,,,,,228,USR-209,2025-01-04 06:23:38
ACC-01389,Namma Staff Transport Services Pvt Ltd,Employee Transport Services,Transportation Services,,Bengaluru,Karnataka,nammastafftransportser.com,29AVXCN1731T1Z4,731148826,,,317,USR-216,2022-01-15 10:55:15
ACC-01390,Brindavan Pharmaceuticals LLP,Corporate (Staff & Executive Cars),Pharmaceuticals,,Tumakuru,Karnataka,brindavanpharmaceutica.in,29CBOFB9503Z1Z0,,,,10,USR-216,2019-08-12 18:18:14
ACC-01391,Shree Balaji Holidays Pvt Ltd,Hotels & Travel,Hospitality,,Bengaluru,Karnataka,shreebalajiholidays.com,,715284313,,,23,USR-208,2024-07-20 20:43:14
ACC-01392,Omkar Retail Pvt Ltd,Corporate (Staff & Executive Cars),Retail,,Bengaluru,Karnataka,omkarretail.com,29NISCO2850Q1ZL,342660181,,,14,USR-211,2026-03-12 03:27:23
ACC-01393,Skyline Hotels & Resorts,Hotels & Travel,Hospitality,,BLR,Karnataka,skylinehotelsresorts.co.in,29LQWPS8338T1ZR,,,,8,USR-203,2021-09-11 06:09:48
ACC-01394,Ujwal Supermarts LLP,Corporate (Staff & Executive Cars),Retail,,Hubballi,Karnataka,ujwalsupermarts.in,29QPBFU4131C1Z8,402750903,,,19,USR-202,2026-07-28 05:35:12
ACC-01395,Sanjeevini Cab Services Pvt Ltd,Cab Fleet Operator,Transportation Services,,Bengaluru,Karnataka,sanjeevinicabservices.in,29CUPCS2503Y1Z1,,,,34,USR-204,2020-10-22 18:33:30
ACC-01396,Bluechip Medical Trust Pvt Ltd,Hospitals & Education,Healthcare,,Bengaluru,Karnataka,bluechipmedicaltrust.co.in,29KQJCB0400F1ZZ,489513961,,,6,USR-208,2023-03-22 16:02:13
ACC-01397,Heritage Capital Ltd,Corporate (Staff & Executive Cars),Banking & Financial Services,,Bengaluru,Karnataka,heritagecapitalltd.com,29HNZCH9227O1ZC,280141539,,,7,USR-208,2019-04-07 13:52:51
ACC-01398,Sanjeevini Staff Transport Services Pvt Ltd,Employee Transport Services,Transportation Services,,Mysuru,Karnataka,sanjeevinistafftranspo.com,29JVXCS9722Q1ZH,414607620,,,141,USR-215,2021-03-22 21:41:08
ACC-01399,Sahyadri Taxi Services Pvt Ltd,Cab Fleet Operator,Transportation Services,,Bengaluru,Karnataka,sahyadritaxiservices.co.in,29OJACS2015P1Z9,,,,21,USR-208,2025-06-12 22:44:48
ACC-01400,Surya Pharmaceuticals Pvt Ltd,Corporate (Staff & Executive Cars),Pharmaceuticals,,Bengaluru,Karnataka,suryapharmaceuticals.in,29PIOCS6204X1Z9,369472082,,,11,USR-208,2024-07-13 03:07:17
ACC-01401,Hampi Cabs Pvt Ltd,Cab Fleet Operator,Transportation Services,,Mysuru,Karnataka,hampicabs.in,29TJYCH4971N1ZA,,,,17,USR-209,2019-11-29 08:33:53
ACC-01402,Tulasi Commute Solutions Pvt Ltd,Employee Transport Services,Transportation Services,,Bengaluru,Karnataka,tulasicommutesolutions.co.in,29SUICT3590D1ZH,,,Key,119,USR-198,2026-04-10 05:19:14
ACC-01403,Srinidhi Travels,Cab Fleet Operator,Transportation,,Davanagere,Karnataka,srinidhitravels.in,29LZMPS5801J1ZH,,,,17,USR-216,2026-07-31 07:34:02
ACC-01404,Annapoorna Travels,Cab Fleet Operator,Transportation Services,,Bengaluru,Karnataka,annapoornatravels.com,29SYMPA8360C1ZX,,,,8,USR-206,2025-09-28 02:08:24
ACC-01405,Netravati Tours & Travels Pvt Ltd,Cab Fleet Operator,Transportation Services,,Hubballi,Karnataka,netravatitourstravels.com,29IFSCN7645Z1Z5,,,,63,USR-216,2019-03-31 14:54:12
ACC-01406,Maruthi Nagar Fleet Services,Cab Fleet Operator,Transportation Services,,Hubballi,Karnataka,maruthinagarfleetservi.co.in,,,,,40,USR-211,2025-11-15 15:42:16
ACC-01407,Greenline Resorts Pvt Ltd,Hotels & Travel,Hospitality,,Bengaluru,Karnataka,greenlineresorts.com,29LNOCG7531R1ZJ,,,,16,USR-211,2026-09-14 03:08:30
ACC-01408,Bharath Resorts Pvt Ltd,Hotels & Travel,Hospitality,,Bengaluru,Karnataka,bharathresorts.co.in,29UWFCB8058O1Z4,786451074,,,2,USR-216,2019-07-10 05:08:44
ACC-01409,Elite Corporate Mobility Pvt Ltd,Employee Transport Services,Transportation Services,,Mysuru,Karnataka,elitecorporatemobility.com,29OWMCE1620G1Z3,832718189,,,250,USR-204,2026-01-08 02:40:06
ACC-01410,Brindavan Staff Transport Services Pvt Ltd,Employee Transport Services,Transportation Services,,Davangere,Karnataka,brindavanstafftranspor.co.in,29VDHCB0484E1ZZ,846691687,,,183,USR-211,2023-07-16 02:02:42
ACC-01411,Sterling Engineering Works LLP,Corporate (Staff & Executive Cars),Manufacturing,,Mangaluru,Karnataka,sterlingengineeringwor.co.in,29MCSFS2115D1ZQ,,,Key,16,USR-200,2019-04-06 00:51:22
ACC-01412,Bluechip Cabs,Cab Fleet Operator,Transportation Services,,Bengaluru,Karnataka,bluechipcabs.co.in,,,,,29,USR-215,2021-03-07 21:10:37
ACC-01413,Aadhya Hospital,Hospitals & Education,Healthcare,,Mangaluru,Karnataka,aadhyahospital.com,29BGWTA3601A1ZJ,,,Named,12,USR-205,2023-06-19 14:56:28
ACC-01414,Brindavan Hospitality Services,Hotels & Travel,Hospitality,,Bengaluru,Karnataka,brindavanhospitalityse.com,29HKNPB3907J1ZS,,,,7,USR-206,2025-11-10 03:06:36
ACC-01415,Sahyadri Tours & Travels,Cab Fleet Operator,Transportation,,BLR,Karnataka,sahyadritourstravels.com,29HFWPS5988J1ZS,,,,17,USR-211,2023-01-31 06:38:04
ACC-01416,Police Motor Transport Unit - Bidar,Government / PSU,Government,,Mangaluru,Karnataka,,29BSFGP4625B1ZB,,,Key,22,USR-197,2026-07-17 02:06:37
ACC-01417,Skyline Travels Pvt Ltd,Cab Fleet Operator,Transportation Services,,Bengaluru,Karnataka,skylinetravels.in,,,,,33,USR-214,2023-03-02 22:18:48
ACC-01418,Urbanline Car Rentals,Car Rental & Self-Drive,Automotive Rental,,Mysuru,Karnataka,urbanlinecarrentals.com,29JJPPU7050Y1ZB,,,,196,USR-208,2021-11-30 11:58:33
ACC-01419,Police Motor Transport Unit - Kolar,Government / PSU,Government,,Bengaluru,Karnataka,,29UNFGP8793Q12M,,,,14,USR-211,2023-04-14 22:46:25
ACC-01420,Unity Life Sciences Pvt Ltd,Corporate (Staff & Executive Cars),Pharmaceuticals,,Bengaluru,Karnataka,unitylifesciences.com,29GYBCU9108S1ZY,,,,3,USR-204,2024-09-28 19:35:07
ACC-01421,Namma Car Rentals,Car Rental & Self-Drive,Automotive Rental,,Bengaluru,Karnataka,nammacarrentals.in,29QQAPN4096W1Z8,,,,73,USR-214,2025-07-27 23:31:21
ACC-01422,Amrutha Tours & Travels,Cab Fleet Operator,Transportation Services,,Bengaluru,Karnataka,amruthatourstravels.in,29PEPPA1953U1Z8,,,Named,44,USR-202,2026-01-06 19:47:17
ACC-01423,Karavali Supermarts Pvt Ltd,Corporate (Staff & Executive Cars),Retail,,Bengaluru,Karnataka,karavalisupermarts.com,29QJECK9945M1ZO,881228324,,Named,7,USR-204,2021-08-05 17:40:03
ACC-01424,Vinayaka Fleet Services Pvt Ltd,Cab Fleet Operator,Transportation Services,,Davanagere,Karnataka,vinayakafleetservices.co.in,29ZFMCV8763Q1ZZ,,,,79,USR-214,2025-07-23 03:28:41
ACC-01425,Kodagu Self Drive Cars,Car Rental & Self-Drive,Automotive Rental,,Mangaluru,Karnataka,kodaguselfdrivecars.co.in,29TSQPK6460K1ZG,310262666,,,85,USR-211,2026-03-28 12:24:18
ACC-01426,Urbanline Infra Projects Pvt Ltd,Corporate (Staff & Executive Cars),Construction & Real Estate,,Mysuru,Karnataka,urbanlineinfraprojects.co.in,29RGMCU5617G1Z4,,,,12,USR-204,2025-01-22 11:15:11
ACC-01427,Elite Car Subscription Services LLP,Leasing & Subscription,Banking & Financial Services,,Mysuru,Karnataka,elitecarsubscriptionse.in,29DYLFE5725D1ZX,426327109,,,1164,USR-206,2023-07-14 12:35:36
ACC-01428,Crescent Medical Trust Pvt Ltd,Hospitals & Education,Healthcare,,Belagavi,Karnataka,crescentmedicaltrust.com,29PQACC0121E1Z2,720130053,,,10,USR-206,2025-09-14 12:44:14
ACC-01429,Unity Tours & Travels LLP,Cab Fleet Operator,Transportation Services,,Mysuru,Karnataka,unitytourstravels.com,29XOOFU5575G1Z0,,,,41,USR-211,2025-12-20 13:06:33
ACC-01430,Sanjeevini Taxi Services,Cab Fleet Operator,Transportation Services,,Bengaluru,Karnataka,sanjeevinitaxiservices.co.in,29NRFPS3615P1ZQ,,,,15,USR-206,2024-10-26 15:08:05
ACC-01431,Maruthi Nagar Developers Pvt Ltd,Corporate (Staff & Executive Cars),Construction & Real Estate,,Udupi,Karnataka,maruthinagardevelopers.com,29HYRCM3602X1ZS,249167172,,,16,USR-202,2024-12-04 11:20:56
ACC-01432,Horizon Retail Ltd,Corporate (Staff & Executive Cars),Retail,,Bengaluru,Karnataka,horizonretailltd.com,29WYNCH1351K1ZA,789959507,,,9,USR-208,2020-04-13 08:44:45
ACC-01433,Emerald Engineering Works Pvt Ltd,Corporate (Staff & Executive Cars),Manufacturing,,Bengaluru,Karnataka,emeraldengineeringwork.co.in,29EBUCE6185O1Z9,101206009,,,26,USR-209,2024-12-10 07:12:32
ACC-01434,Surya Leasing LLP,Leasing & Subscription,Banking & Financial Services,,Bengaluru,Karnataka,suryaleasing.co.in,29QCGFS8727Z1Z3,527736489,,Named,352,USR-207,2019-08-26 08:41:14
ACC-01435,Bluechip Hotels & Resorts,Hotels & Travel,Hospitality,,Bengaluru,Karnataka,bluechiphotelsresorts.in,29BAQPB0163F1ZV,,,,19,USR-216,2025-10-08 23:58:04
ACC-01436,Nakshatra Tours & Travels,Cab Fleet Operator,Transportation Services,,Bengaluru,Karnataka,nakshatratourstravels.co.in,29EHJPN6715F1ZZ,,,,107,USR-211,2026-07-26 06:30:02
ACC-01437,Zenith Hotels & Resorts LLP,Hotels & Travel,Hospitality,,Bengaluru,Karnataka,zenithhotelsresorts.com,29WIFFZ2246L1ZK,,,,9,USR-206,2023-01-21 16:48:22
ACC-01438,Chaitanya Car Hire Pvt Ltd,Car Rental & Self-Drive,Automotive Rental,,Bangalore,Karnataka,chaitanyacarhire.in,29GOACC3237C1Z4,,,,48,USR-211,2019-11-20 10:29:53
ACC-01439,Galaxy Digital Systems Pvt Ltd,Corporate (Staff & Executive Cars),Information Technology,,Bengaluru,Karnataka,galaxydigitalsystems.in,29IAPCG5747P1ZA,491163036,,,13,USR-214,2026-09-02 07:23:51
ACC-01440,Orbit Developers Ltd,Corporate (Staff & Executive Cars),Construction & Real Estate,,Bengaluru,Karnataka,orbitdevelopersltd.com,29XBFCO1385E1ZO,,,,56,USR-216,2018-11-03 14:18:51
ACC-01441,Trishul Retail Pvt Ltd,Corporate (Staff & Executive Cars),Retail,,Davanagere,Karnataka,trishulretail.co.in,29TRSCT3123L1ZA,897183631,,,113,USR-202,2022-11-25 07:38:02
ACC-01442,Annapoorna Mobility Services LLP,Employee Transport Services,Transport,,Udupi,Karnataka,annapoornamobilityserv.com,,697869957,,,75,USR-206,2019-12-04 07:21:32
ACC-01443,Nakshatra Infotech Pvt Ltd,Corporate (Staff & Executive Cars),Information Technology,,Bengaluru,Karnataka,nakshatrainfotech.com,29SUICN6994R1ZG,,,Named,10,USR-211,2023-03-06 16:00:02
ACC-01444,Sri Ganesh Auto Leasing Pvt Ltd,Leasing & Subscription,Banking & Financial Services,,Tumakuru,Karnataka,sriganeshautoleasing.in,29EUNCS3686E1ZK,383586176,,,600,USR-202,2020-11-24 05:25:13
ACC-01445,Tunga Tours & Travels Pvt Ltd,Cab Fleet Operator,Transportation Services,,Hubballi,Karnataka,tungatourstravels.co.in,29YMYCT6653N1ZO,,,Named,7,USR-208,2026-02-04 11:38:30
ACC-01446,Chandra Staff Transport Services Pvt Ltd,Employee Transport Services,Transportation,,Bengaluru,Karnataka,chandrastafftransports.co.in,29XOFCC5417K1ZZ,415072159,,Named,116,USR-209,2019-03-02 16:18:16
ACC-01447,Annapoorna Digital Systems Pvt Ltd,Corporate (Staff & Executive Cars),Information Technology,,Bengaluru,Karnataka,annapoornadigitalsyste.co.in,29WYACA0586N1ZD,313581770,,,20,USR-201,2019-10-02 12:29:45
ACC-01448,Rural Development Office - Uttara Kannada,Government / PSU,Government,,Udupi,Karnataka,,29LUDGR0716V1Z0,,,,13,USR-202,2025-08-19 01:20:01
ACC-01449,Lotus Taxi Services Pvt Ltd,Cab Fleet Operator,Transportation Services,,Bengaluru,Karnataka,lotustaxiservices.com,29ANKCL6826O1ZV,,,,13,USR-211,2022-11-16 02:46:06
ACC-01450,Zilla Panchayat - Chikkaballapur,Government / PSU,Government,,Davanagere,Karnataka,,29NJXGZ4881D1ZB,,,Named,38,USR-208,2021-08-11 05:55:43
ACC-01451,Namma Precision Components Pvt Ltd,Corporate (Staff & Executive Cars),Manufacturing,,Belagavi,Karnataka,nammaprecisioncomponen.in,29NPZCN2399H1Z8,772919402,,,22,USR-204,2019-05-20 23:08:16
ACC-01452,Omkar Education Trust,Hospitals & Education,Education,,Bengaluru,Karnataka,omkareducationtrust.in,29TNUTO8840H1ZD,,,Named,11,USR-202,2021-07-16 11:35:27
ACC-01453,Vishwa Auto Leasing LLP,Leasing & Subscription,Banking & Financial Services,,Shimoga,Karnataka,vishwaautoleasing.in,,873925225,,,429,USR-208,2022-05-17 11:16:54
ACC-01454,Aadhya Corporate Mobility Pvt Ltd,Employee Transport Services,Transportation,,Bengaluru,Karnataka,aadhyacorporatemobilit.com,29ZEXCA8744Y1ZY,,,,158,USR-216,2019-02-15 05:39:10
ACC-01455,District Health Office - Uttara Kannada,Government / PSU,Government,,Belagavi,Karnataka,,29DRCGD5966Q1ZH,,,,12,USR-204,2022-07-16 21:15:03
ACC-01456,Amrutha Institute of Technology,Hospitals & Education,Education,,Bengaluru,Karnataka,amruthainstituteoftech.com,29TSXTA7002P1ZD,,,Named,41,USR-208,2026-01-07 07:13:51
ACC-01457,Brindavan Infotech Pvt Ltd,Corporate (Staff & Executive Cars),Information Technology,,Hubballi,Karnataka,brindavaninfotech.com,29PYWCB9214A1ZP,623926080,,,4,USR-202,2022-06-08 01:49:52
ACC-01458,Vega Pharmaceuticals Pvt Ltd,Corporate (Staff & Executive Cars),Pharmaceuticals,,Bengaluru,Karnataka,vegapharmaceuticals.com,29PEGCV8677P1ZE,,,,4,USR-207,2018-11-17 03:51:30
ACC-01459,Urbanline Corporate Mobility LLP,Employee Transport Services,Transportation Services,,Davanagere,Karnataka,urbanlinecorporatemobi.in,29KCIFU8739V1Z9,,,,161,USR-202,2024-11-24 15:53:47
ACC-01460,Kodagu Travels,Cab Fleet Operator,Transportation Services,,Bengaluru,Karnataka,kodagutravels.com,29KGLPK2625B1ZB,,,,23,USR-204,2022-02-17 23:02:32
ACC-01461,City Municipal Office - Shivamogga,Government / PSU,Government,,Hubballi,Karnataka,,29VTNGC6018B1ZV,287696020,,,11,USR-211,2019-04-25 06:06:16
ACC-01462,Shubham Polymers Pvt Ltd,Corporate (Staff & Executive Cars),Manufacturing,,Bengaluru,Karnataka,shubhampolymers.co.in,,277099642,,,16,USR-207,2020-06-13 12:23:26
ACC-01463,Chaitanya Supermarts Pvt Ltd,Corporate (Staff & Executive Cars),Retail,,Bengaluru,Karnataka,chaitanyasupermarts.com,29qgdcc1856p1zc,166287402,,Named,45,USR-203,2022-02-05 03:20:54
ACC-01464,Sanjeevini Auto Leasing Pvt Ltd,Leasing & Subscription,Banking & Financial Services,,Shivamogga,Karnataka,sanjeeviniautoleasing.in,29MJYCS3373O1ZA,125446162,,,671,USR-204,2021-05-17 04:18:43
ACC-01465,Sapphire Institute of Technology,Hospitals & Education,Education,,Mysuru,Karnataka,sapphireinstituteoftec.com,29RFOTS9942C1Z3,,,,8,USR-206,2020-12-02 01:57:38
ACC-01466,Hoysala Fleet Services LLP,Cab Fleet Operator,Transport,,Bengaluru,Karnataka,hoysalafleetservices.com,29CWWFH9113Z1ZH,,,,48,USR-213,2022-05-27 10:15:45
ACC-01467,Silicon Tours & Travels,Cab Fleet Operator,Transportation Services,,Hubballi,Karnataka,silicontourstravels.com,29DFZPS3847T1ZN,,,,22,USR-204,2019-03-09 14:52:09
ACC-01468,Ujwal Taxi Services Pvt Ltd,Cab Fleet Operator,,,Bengaluru,Karnataka,ujwaltaxiservices.com,29HJLCU3225O1ZZ,,,Key,9,USR-197,2019-07-05 23:20:47
ACC-01469,Amrutha Hospital,Hospitals & Education,Healthcare,,Bengaluru,Karnataka,amruthahospital.in,29JEPTA0997A1Z1,872687773,,,7,USR-204,2026-02-05 16:57:58
ACC-01470,Kaveri Travels,Cab Fleet Operator,Transportation Services,,Udupi,Karnataka,kaveritravels.in,29XPUPK5276G1ZJ,,,Named,26,USR-209,2021-01-19 23:44:00
ACC-01471,Sterling Staff Transport Services Pvt Ltd,Employee Transport Services,,,Mysuru,Karnataka,sterlingstafftransport.co.in,29SHICS4705F1ZE,,,,49,USR-202,2024-05-13 22:42:33
ACC-01472,Nandi Multispeciality Hospital,Hospitals & Education,Healthcare,,Shivamogga,Karnataka,nandimultispecialityho.in,29MIUTN8347D1Z1,,,,10,USR-204,2026-04-20 17:18:27
ACC-01473,Vega Resorts Pvt Ltd,Hotels & Travel,Hospitality,,Davanagere,Karnataka,vegaresorts.in,29PRACV4891V1ZP,,,,5,USR-208,2021-12-26 10:20:07
ACC-01474,Crescent Technologies Pvt Ltd,Corporate (Staff & Executive Cars),Information Technology,,Shivamogga,Karnataka,crescenttechnologies.in,29YSZCC7360B1ZJ,960342778,,,16,USR-211,2022-04-14 12:06:58
ACC-01475,Surya Commute Solutions Pvt Ltd,Employee Transport Services,Transportation Services,,Belagavi,Karnataka,suryacommutesolutions.co.in,,756642557,,,98,USR-214,2024-05-17 18:58:11
ACC-01476,Airavata Taxi Services LLP,Cab Fleet Operator,Transportation Services,,Bangalore,Karnataka,airavatataxiservices.co.in,29MDIFA8758Z1ZE,,,,96,USR-210,2022-04-28 03:34:09
ACC-01477,Urbanline Rent-a-Car Pvt Ltd,Car Rental & Self-Drive,Automotive Rental,,Shivamogga,Karnataka,urbanlinerentacar.in,29RBOCU2708I1ZD,929277663,,,137,USR-202,2022-04-13 16:21:51
ACC-01478,Forest Division Office - Davanagere,Government / PSU,Government,,Mysuru,Karnataka,,29XOOGF1431P1ZF,,,,34,USR-209,2018-12-12 20:46:36
ACC-01479,Sapphire Life Sciences Pvt Ltd,Corporate (Staff & Executive Cars),Pharma,,Bengaluru,Karnataka,sapphirelifesciences.in,29QNPCS5599K1ZZ,,,,47,USR-204,2025-10-14 00:02:15
ACC-01480,Samruddhi Staff Transport Services Pvt Ltd,Employee Transport Services,Transportation Services,,Hubballi,Karnataka,samruddhistafftranspor.com,29THUCS2361B1Z9,,,,138,USR-209,2022-06-19 05:45:31
ACC-01481,Skyline Mobility Services Pvt Ltd,Employee Transport Services,Transportation Services,,Bengaluru,Karnataka,skylinemobilityservice.co.in,29OVQCS2577Q1ZK,,,Named,43,USR-215,2021-06-13 16:16:41
ACC-01482,Vega Cab Services Pvt Ltd,Cab Fleet Operator,Travels,,Mangaluru,Karnataka,vegacabservices.in,29JWMCV 3269M1ZX,,,,7,USR-202,2025-06-29 21:44:00
ACC-01483,Surya Holidays,Hotels & Travel,Hospitality,,Bengaluru,Karnataka,suryaholidays.in,29TOGPS9629D1ZW,,,,9,USR-216,2025-09-03 05:00:05
ACC-01484,Sharavathi Fleet Leasing Pvt Ltd,Leasing & Subscription,Banking & Financial Services,,Bengaluru,Karnataka,sharavathifleetleasing.in,29QNFCS1922U1ZE,908592189,,,222,USR-216,2024-12-29 01:57:02
ACC-01485,Akshaya Rent-a-Car,Car Rental & Self-Drive,Automotive Rental,,Bengaluru,Karnataka,akshayarentacar.co.in,29FQSPA0936R1ZZ,,,,40,USR-216,2023-06-04 20:43:54
ACC-01486,Kodagu Taxi Services LLP,Cab Fleet Operator,Transportation Services,,Bengaluru,Karnataka,kodagutaxiservices.co.in,29NPTFK7953T1ZK,,,Named,22,USR-202,2023-01-21 02:23:41
ACC-01487,Rapid Car Hire Pvt Ltd,Car Rental & Self-Drive,Automotive Rental,,Bengaluru,Karnataka,rapidcarhire.com,29RZVCR8560V1ZS,,,,91,USR-211,2018-10-31 06:00:00
ACC-01488,Vijaya Employee Transport Solutions Pvt Ltd,Employee Transport Services,Transportation Services,,Shimoga,Karnataka,vijayaemployeetranspor.com,29CDRCV4750Z1ZG,590209414,,Named,34,USR-206,2026-08-03 21:43:48
ACC-01489,Sunrise Software Solutions Pvt Ltd,Corporate (Staff & Executive Cars),Information Technology,,Bengaluru,Karnataka,sunrisesoftwaresolutio.com,29JGJCS6052H1ZG,,,,10,USR-202,2024-10-17 05:03:54
ACC-01490,Kodagu Tours & Travels,Cab Fleet Operator,Transportation Services,,Bengaluru,Karnataka,kodagutourstravels.co.in,29VXBPK9581G1ZG,,,,19,USR-202,2022-10-05 12:19:17
ACC-01491,Malnad Hotels & Resorts,Hotels & Travel,Hospitality,,Shivamogga,Karnataka,malnadhotelsresorts.co.in,29GNAPM8877S1ZK,,,,16,USR-204,2025-01-20 01:58:49
ACC-01492,District Health Office - Tumakuru,Government / PSU,Government,,Bangalore,Karnataka,,29WLTGD8282P1ZW,,,Named,26,USR-208,2020-02-15 04:20:25
ACC-01493,Metro Travels Pvt Ltd,Cab Fleet Operator,Transportation Services,,Bengaluru,Karnataka,metrotravels.in,,,,,17,USR-204,2020-01-13 23:30:22
ACC-01494,Rapid Polymers Pvt Ltd,Corporate (Staff & Executive Cars),Manufacturing,,Shivamogga,Karnataka,rapidpolymers.com,29JKWCR4269F1ZS,903713045,,,7,USR-202,2019-06-25 08:43:29
ACC-01495,Forest Division Office - Bengaluru Urban,Government / PSU,Government,,Tumakuru,Karnataka,,29WOUGF4890P1ZP,,,,81,USR-205,2023-09-11 12:49:36
ACC-01496,Samruddhi Auto Leasing Ltd,Leasing & Subscription,Banking & Financial Services,,Bengaluru,Karnataka,samruddhiautoleasinglt.in,29NODCS2224H1ZB,,,,234,USR-208,2025-01-25 21:21:18
ACC-01497,Sharavathi Constructions Pvt Ltd,Corporate (Staff & Executive Cars),Construction & Real Estate,,Bengaluru,Karnataka,sharavathiconstruction.co.in,,,,,20,USR-206,2026-03-10 20:58:07
ACC-01498,Kaveri Cabs Pvt Ltd,Cab Fleet Operator,Transportation Services,,Mangaluru,Karnataka,kavericabs.com,,,,,4,USR-211,2026-09-17 21:07:25
ACC-01499,Airavata Capital Pvt Ltd,Corporate (Staff & Executive Cars),Banking & Financial Services,,Mysuru,Karnataka,airavatacapital.co.in,29NXOCA7379N1ZX,,,,18,USR-204,2020-02-10 07:08:56
ACC-01500,Akshaya Taxi Services Pvt Ltd,Cab Fleet Operator,Transportation Services,,Mysuru,Karnataka,akshayataxiservices.in,29BNKCA9330P1Z6,,,,23,USR-206,2019-11-02 12:28:10
ACC-01501,Pragati Tours & Travels LLP,Cab Fleet Operator,Transportation Services,,Bengaluru ,Karnataka,pragatitourstravels.in,29EBLFP3196N1Z,,,,26,USR-204,2026-08-02 09:27:37
ACC-01502,Hoysala Cabs Pvt Ltd,Cab Fleet Operator,Transportation Services,,Belagavi,Karnataka,hoysalacabs.co.in,29LBOCH2996P1Z0,,,,16,USR-204,2022-10-22 10:07:09
ACC-01503,Malnad Staff Transport Services Pvt Ltd,Employee Transport Services,Transportation Services,,Hubballi,Karnataka,malnadstafftransportse.co.in,29JEMCM9995C1Z,,,,179,USR-216,2026-01-04 07:54:15
ACC-01504,Orbit Diagnostics,Hospitals & Education,Healthcare,,Bengaluru,Karnataka,orbitdiagnostics.in,29QWLTO7904J1Z7,,,,11,USR-211,2021-07-31 20:16:59
ACC-01505,Sanjeevini Technologies Pvt Ltd,Corporate (Staff & Executive Cars),IT,,Mysore,Karnataka,sanjeevinitechnologies.com,29BDICS5194W1ZR,605367386,,Named,16,USR-202,2025-03-04 12:04:40
ACC-01506,Heritage Staff Transport Services Pvt Ltd,Employee Transport Services,Transportation Services,,Bengaluru,Karnataka,heritagestafftransport.com,29DXOCH0773M1ZI,744807424,,,163,USR-204,2019-10-20 06:46:25
ACC-01507,Vishwa Leasing Pvt Ltd,Leasing & Subscription,Banking & Financial Services,,Hubballi,Karnataka,vishwaleasing.com,29GWSCV8166E1Z5,107975679,,,459,USR-201,2020-02-03 10:04:37
ACC-01508,Malnad Taxi Services,Cab Fleet Operator,Transportation Services,,Mysuru,Karnataka,malnadtaxiservices.com,29IECPM6502C1ZM,,,,29,USR-214,2026-05-12 12:27:09
ACC-01509,Surya Self Drive Cars,Car Rental & Self-Drive,Automotive Rental,,Mangaluru,Karnataka,suryaselfdrivecars.com,29SAJPS7154D1ZV,547255957,,,31,USR-202,2021-01-14 04:18:10
ACC-01510,Aadhya Hotels & Resorts LLP,Hotels & Travel,Hospitality,,Bengaluru,Karnataka,aadhyahotelsresorts.com,29JZOFA1846Q1Z1,,,,10,USR-202,2019-11-18 12:25:53
ACC-01511,Royal Public School,Hospitals & Education,Education,,Bengaluru,Karnataka,royalpublicschool.in,29MVNTR2397K1Z1,,,,2,USR-209,2026-04-17 19:07:34
ACC-01512,Annapoorna Institute of Technology,Hospitals & Education,Edu,,Mysuru,Karnataka,annapoornainstituteoft.com,29TTFTA4127I1Z3,,,,3,USR-207,2018-12-02 01:02:16
ACC-01513,Annapoorna Commute Solutions Pvt Ltd,Employee Transport Services,Transportation Services,,Bengaluru,Karnataka,annapoornacommutesolut.co.in,29EAOCA2124F1ZP,751911844,,,378,USR-204,2025-08-08 05:16:09
ACC-01514,Sri Ganesh Institute of Technology,Hospitals & Education,Education,,Bengaluru,Karnataka,sriganeshinstituteofte.com,,,,,27,USR-208,2026-05-01 00:32:15
ACC-01515,Netravati College,Hospitals & Education,Education,,Bengaluru,Karnataka,netravaticollege.in,29IFVTN1657Q1ZT,,,,8,USR-208,2019-12-12 01:29:06
ACC-01516,Namma Capital Pvt Ltd,Corporate (Staff & Executive Cars),,,Shivamogga,Karnataka,nammacapital.co.in,29KTQCN6475S1ZO,,,,12,USR-204,2026-07-14 02:24:21
ACC-01517,Silicon Employee Transport Solutions Pvt Ltd,Employee Transport Services,Transportation Services,,Bengaluru,Karnataka,siliconemployeetranspo.in,29EQVCS5948H1ZD,,,,233,USR-208,2020-05-12 07:47:15
ACC-01518,Krishna Rent-a-Car Pvt Ltd,Car Rental & Self-Drive,Automotive Rental,,Bengaluru,Karnataka,krishnarentacar.co.in,29QDFCK7631G1ZQ,,,Named,77,USR-214,2026-05-07 01:39:55
ACC-01519,Netravati Education Trust,Hospitals & Education,Education,,Bengaluru,Karnataka,netravatieducationtrus.com,29VYRTN3077W1Z3,,,,10,USR-216,2020-06-22 06:28:01
ACC-01520,Pragati Healthcare Products Pvt Ltd,Corporate (Staff & Executive Cars),,,Bengaluru,Karnataka,pragatihealthcareprodu.co.in,29IORCP6282J1ZI,882427016,,,13,USR-209,2018-11-12 05:53:13
ACC-01521,Pinnacle Tours & Travels LLP,Cab Fleet Operator,Transportation Services,,Bengaluru,Karnataka,pinnacletourstravels.in,29QPYFP8560G1Z1,,,Key,8,USR-200,2024-10-08 02:35:18
ACC-01522,Greenline Taxi Services,Cab Fleet Operator,Transportation Services,,Bengaluru,Karnataka,greenlinetaxiservices.in,29TWWPG8413K1Z9,,,,77,USR-214,2021-07-14 16:34:28
ACC-01523,Vasudha Institute of Technology Pvt Ltd,Hospitals & Education,Education,,Bengaluru,Karnataka,vasudhainstituteoftech.com,29DVMCV4392W1ZJ,,,,14,USR-205,2020-02-25 18:56:27
ACC-01524,Pinnacle Hospitality Services Pvt Ltd,Hotels & Travel,Hospitality,,Belagavi,Karnataka,pinnaclehospitalityser.in,29MKUCP3711X1Z7,,,,10,USR-204,2026-08-31 08:32:35
ACC-01525,Galaxy Employee Transport Solutions Pvt Ltd,Employee Transport Services,Travels,,Bengaluru,Karnataka,galaxyemployeetranspor.com,29IJPCG2081Z1ZI,,,,325,USR-211,2021-01-14 13:04:27
ACC-01526,Nakshatra Capital Pvt Ltd,Corporate (Staff & Executive Cars),Banking & Financial Services,,Bengaluru,Karnataka,nakshatracapital.in,29BCDCN2733J1Z6,101177756,,,6,USR-204,2026-03-14 16:53:40
ACC-01527,Vishwa Engineering Works LLP,Corporate (Staff & Executive Cars),,,Bengaluru,Karnataka,vishwaengineeringworks.in,,290945285,,,29,USR-209,2022-03-21 10:25:46
ACC-01528,Shubham Constructions LLP,Corporate (Staff & Executive Cars),Construction & Real Estate,,Mangaluru,Karnataka,shubhamconstructions.in,29CGHFS2892U1ZK,,,,7,USR-209,2020-07-21 22:18:14
ACC-01529,Ujwal Cabs Pvt Ltd,Cab Fleet Operator,Transportation Services,,Hubballi,Karnataka,ujwalcabs.in,29TMZCU3526K1Z7,,,,17,USR-209,2022-01-08 10:39:38
ACC-01530,Nakshatra Fleet Services,Cab Fleet Operator,Transportation Services,,Hubballi,Karnataka,nakshatrafleetservices.in,29UJTPN6032Y1Z7,790502521,,Named,35,USR-205,2018-11-21 01:33:30
ACC-01531,Public Works Division - Chikkaballapur,Government / PSU,,,Bengaluru,Karnataka,,29HAVGP0443Q1Z3,,,,24,USR-208,2025-08-19 23:08:35
ACC-01532,Public Works Division - Davanagere,Government / PSU,Government,,Bengaluru,Karnataka,,29LHCGP4082E1ZI,,,Named,17,USR-202,2024-09-04 09:17:35
ACC-01533,Sahyadri Fleet Services Pvt Ltd,Cab Fleet Operator,Transportation Services,,Mangaluru,Karnataka,sahyadrifleetservices.in,29ZXMCS0615F1ZD,,,,19,USR-214,2023-03-22 05:41:53
ACC-01534,Chandra Hospital Pvt Ltd,Hospitals & Education,Healthcare,,Mysuru,Karnataka,chandrahospital.com,29GVUCC7241D1Z0,821210162,,,9,USR-211,2026-03-08 07:23:54
ACC-01535,Akshaya Employee Transport Solutions Ltd,Employee Transport Services,Transportation Services,,Hubballi,Karnataka,akshayaemployeetranspo.com,29MQOCA6940L1ZR,686108191,,Named,105,USR-202,2024-07-27 22:19:16
ACC-01536,Vega Employee Transport Solutions Ltd,Employee Transport Services,Transportation Services,,Bengaluru,Karnataka,vegaemployeetransports.in,29SSYCV0705H1ZC,886558706,,,138,USR-214,2021-05-28 12:28:43
ACC-01537,Tulasi Taxi Services,Cab Fleet Operator,Transportation Services,,Mysuru,Karnataka,tulasitaxiservices.in,29QTSPT6059L1Z1,,,,13,USR-216,2021-01-29 04:08:12
ACC-01538,Omkar Travels Pvt Ltd,Cab Fleet Operator,Transportation Services,,Bengaluru,Karnataka,omkartravels.co.in,29XGKCO2906G12C,,,,68,USR-196,2024-07-22 23:29:46
ACC-01539,Silicon Fleet Services LLP,Cab Fleet Operator,Transportation Services,,Bengaluru,Karnataka,siliconfleetservices.co.in,29JVZFS0268W1Z6,,,,4,USR-204,2025-07-29 17:11:58
ACC-01540,Tulasi Resorts,Hotels & Travel,Hospitality,,Bengaluru,Karnataka,tulasiresorts.com,29YTQPT1291G1ZE,,,,10,USR-211,2025-04-12 07:17:31
ACC-01541,Hoysala Taxi Services Pvt Ltd,Cab Fleet Operator,Transportation Services,,Bengaluru,Karnataka,hoysalataxiservices.in,29DFSCH0425L1ZS,723209185,,,36,USR-203,2022-06-29 21:43:27
ACC-01542,Sanjeevini Public School,Hospitals & Education,Education,,Bengaluru ,Karnataka,sanjeevinipublicschool.com,,,,,4,USR-214,2026-06-09 21:22:50
ACC-01543,Garden City Tours & Travels,Cab Fleet Operator,Transportation Services,,Bengaluru,Karnataka,gardencitytourstravels.co.in,29BJAPG7447X1Z5,,,,33,USR-203,2022-03-13 17:01:20
ACC-01544,Sahyadri Engineering Works Ltd,Corporate (Staff & Executive Cars),Manufacturing,,Bengaluru,Karnataka,sahyadriengineeringwor.in,29OXICS4079A1ZK,431849378,,Named,20,USR-216,2022-02-08 04:37:33
ACC-01545,Evergreen Finance Pvt Ltd,Corporate (Staff & Executive Cars),Banking & Financial Services,,Bengaluru,Karnataka,evergreenfinance.com,29ZHACE3983J1Z6,118978575,,,10,USR-210,2020-10-03 15:53:25
ACC-01546,Shubham Constructions Pvt Ltd,Corporate (Staff & Executive Cars),Construction & Real Estate,,Bengaluru,Karnataka,shubhamconstructions.co.in,29FIBCS6081K1ZB,,,,13,USR-214,2025-10-02 02:19:59
ACC-01547,Zilla Panchayat - Bengaluru Urban,Government / PSU,Government,,Davanagere,Karnataka,,,,,,96,USR-209,2022-07-24 19:45:49
ACC-01548,Vasudha Leasing Pvt Ltd,Leasing & Subscription,Banking & Financial Services,,Bengaluru,Karnataka,vasudhaleasing.com,29SYLCV8671C1ZY,,,,2084,USR-202,2023-03-20 04:33:01
ACC-01549,Bharath Corporate Mobility Pvt Ltd,Employee Transport Services,Transportation Services,,Bengaluru,Karnataka,bharathcorporatemobili.com,29UEXCB2774A1ZL,743347948,,,79,USR-202,2021-03-23 23:45:16
ACC-01550,Aadhya Hospitality Services LLP,Hotels & Travel,Hospitality,,Bengaluru,Karnataka,aadhyahospitalityservi.com,29OPWFA8586Z1Z7,649960100,,,3,USR-212,2021-03-06 12:25:38
ACC-01551,Brindavan Resorts,Hotels & Travel,Hospitality,,Bengaluru,Karnataka,brindavanresorts.in,29BZBPB4201L1ZN,,,,4,USR-214,2023-03-23 10:18:47
ACC-01552,Prime Public School,Hospitals & Education,Education,,Bengaluru,Karnataka,primepublicschool.in,29BHPTP3857L1Z4,371101177,,,4,USR-208,2026-08-15 01:11:10
ACC-01553,Prime Staff Transport Services Ltd,Employee Transport Services,Transportation Services,,Bengaluru,Karnataka,primestafftransportser.in,29WGQCP4342G1Z4,562210011,,,151,USR-216,2025-08-31 01:27:17
ACC-01554,Vega Car Hire Pvt Ltd,Car Rental & Self-Drive,Automotive Rental,,Belagavi,Karnataka,vegacarhire.co.in,29QFVCV5628B1Z4,,,Named,50,USR-206,2020-04-25 17:40:29
ACC-01555,Malnad Cab Services,Cab Fleet Operator,Transportation Services,,Bengaluru,Karnataka,malnadcabservices.com,,,,,6,USR-208,2024-08-19 22:10:25
ACC-01556,Heritage Cabs LLP,Cab Fleet Operator,Transportation Services,,Udupi,Karnataka,heritagecabs.com,29OFOFH3979V1Z6,,,,38,USR-208,2018-12-05 21:22:26
ACC-01557,Elite Rent-a-Car LLP,Car Rental & Self-Drive,Automotive Rental,,Bengaluru,Karnataka,eliterentacar.in,29IDHFE2929B1Z7,670212113,,,52,USR-202,2019-02-10 03:13:19
ACC-01558,Chamundi Institute of Technology,Hospitals & Education,Education,,Hubballi,Karnataka,chamundiinstituteoftec.in,29SZOTC0598V1ZG,,,,7,USR-205,2023-05-21 20:55:30
ACC-01559,Garuda Credit Services Ltd,Corporate (Staff & Executive Cars),Banking & Financial Services,,Mangaluru,Karnataka,garudacreditserviceslt.co.in,29PQJCG2274G1Z3,384588970,,,15,USR-209,2025-06-19 05:15:43
ACC-01560,Nakshatra Commute Solutions Pvt Ltd,Employee Transport Services,Transportation Services,,Bengaluru,Karnataka,nakshatracommutesoluti.in,29VYTCN2953P1ZF,,,,85,USR-202,2026-01-19 14:32:37
ACC-01561,Garden City Pharmaceuticals Ltd,Corporate (Staff & Executive Cars),Pharmaceuticals,,Bengaluru,Karnataka,gardencitypharmaceutic.in,,366961967,,Named,9,USR-209,2019-03-06 16:24:37
ACC-01562,Brindavan Travels Pvt Ltd,Cab Fleet Operator,Transportation Services,,Bengaluru,Karnataka,brindavantravels.in,29BEICB7436D1ZC,,,,14,USR-209,2021-07-29 12:18:13
ACC-01563,Amrutha Infra Projects LLP,Corporate (Staff & Executive Cars),Construction & Real Estate,,Shivamogga,Karnataka,amruthainfraprojects.co.in,29WPHFA6860N1ZD,390790499,,,13,USR-204,2023-06-27 19:24:29
ACC-01564,Evergreen Credit Services Pvt Ltd,Corporate (Staff & Executive Cars),Banking & Financial Services,,Bengaluru,Karnataka,evergreencreditservice.co.in,29PDICE4697L1Z7,486805443,,,6,USR-209,2025-01-08 22:54:36
ACC-01565,Sapphire Traders Ltd,Corporate (Staff & Executive Cars),Retail,,Bengaluru,Karnataka,sapphiretradersltd.com,29VTZCS3590E1ZY,426501692,,,11,USR-201,2019-04-28 22:10:25
ACC-01566,Mahalakshmi Tours & Travels,Cab Fleet Operator,Transportation Services,,Mangaluru,Karnataka,mahalakshmitourstravel.in,29IVEPM2311X1ZN,,,Named,8,USR-211,2024-11-09 01:37:24
ACC-01567,Akshaya Retail Pvt Ltd,Corporate (Staff & Executive Cars),Retail,,Belagavi,Karnataka,akshayaretail.com,29HPBCA5512W1ZZ,,,,12,USR-208,2024-09-01 23:21:02
ACC-01568,Aadhya Staff Transport Services Pvt Ltd,Employee Transport Services,Transportation Services,,Shivamogga,Karnataka,aadhyastafftransportse.co.in,29VRZCA0172C1Z0,,,Named,154,USR-205,2024-11-30 01:00:49
ACC-01569,Trishul Supermarts Ltd,Corporate (Staff & Executive Cars),Retail,,Bengaluru,Karnataka,trishulsupermartsltd.com,29GRQCT3675V1ZO,476533042,,,9,USR-212,2022-04-29 10:25:50
ACC-01570,Heritage Corporate Mobility LLP,Employee Transport Services,Transportation Services,,Bengaluru,Karnataka,heritagecorporatemobil.co.in,29UMLFH1442B1ZF,,,,74,USR-212,2020-12-28 18:57:37
ACC-01571,Vishwa Taxi Services,Cab Fleet Operator,Transportation Services,,Mangaluru,Karnataka,vishwataxiservices.com,29VHCPV3081S1ZT,,,,31,USR-203,2022-12-04 09:38:37
ACC-01572,Samruddhi College Pvt Ltd,Hospitals & Education,Education,,Bengaluru,Karnataka,samruddhicollege.co.in,29GRECS3217K1Z,,,Key,8,USR-197,2019-04-08 15:21:08
ACC-01573,Tunga Hotels & Resorts Pvt Ltd,Hotels & Travel,Hospitality,,Bengaluru,Karnataka,tungahotelsresorts.com,29GJVCT3369E1ZZ,861896066,,Key,7,USR-198,2019-03-03 17:13:19
ACC-01574,Chandra Pharmaceuticals Pvt Ltd,Corporate (Staff & Executive Cars),Pharmaceuticals,,Bengaluru,Karnataka,chandrapharmaceuticals.in,29LTACC3003Y1ZS,,,,10,USR-214,2022-03-29 11:50:27
ACC-01575,Pragati Hospital,Hospitals & Education,Healthcare,,Bangalore,Karnataka,pragatihospital.com,29PYDTP9512H1ZG,,,,7,USR-216,2021-07-25 04:36:39
ACC-01576,Sterling Tours & Travels,Cab Fleet Operator,Transportation Services,,Bengaluru,Karnataka,sterlingtourstravels.com,29WOXPS7105Q1Z2,,,,54,USR-214,2022-03-30 12:40:37
ACC-01577,Chamundi Travels Pvt Ltd,Cab Fleet Operator,Transportation Services,,Bengaluru,Karnataka,chamunditravels.in,29DJKCC0130O1ZW,,,Key,33,USR-198,2025-07-21 03:49:09
ACC-01578,Chaitanya Industries Pvt Ltd,Corporate (Staff & Executive Cars),Manufacturing,,Davanagere,Karnataka,chaitanyaindustries.in,29WSECC0965D1Z5,,,,9,USR-216,2026-05-03 13:40:39
ACC-01579,Kodagu Capital Pvt Ltd,Corporate (Staff & Executive Cars),Banking & Financial Services,,bengaluru,Karnataka,kodagucapital.in,29RVWCK6455U1ZA,,,,7,USR-209,2020-12-23 09:06:55
ACC-01580,Amrutha Staff Transport Services Pvt Ltd,Employee Transport Services,Transportation Services,,Bengaluru,Karnataka,amruthastafftransports.co.in,29KCDCA0669H1Z8,,,,190,USR-211,2023-06-17 08:47:15
ACC-01581,Airavata Commute Solutions Pvt Ltd,Employee Transport Services,Transportation Services,,Bengaluru,Karnataka,airavatacommutesolutio.co.in,29UQOCA9725Y1ZO,933842522,,,34,USR-206,2021-05-30 15:31:26
ACC-01582,Malnad Medical Trust Pvt Ltd,Hospitals & Education,Healthcare,,Bengaluru,Karnataka,malnadmedicaltrust.co.in,29VKKCM0053S1ZO,749335061,,,15,USR-211,2024-10-17 05:36:44
ACC-01583,Sri Ganesh Corporate Mobility Pvt Ltd,Employee Transport Services,Transportation Services,,Bengaluru,Karnataka,sriganeshcorporatemobi.in,29KTJCS9306S1ZY,,,,31,USR-216,2021-03-24 07:44:14
ACC-01584,Karavali Employee Transport Solutions LLP,Employee Transport Services,Transportation Services,,Hubballi,Karnataka,karavaliemployeetransp.com,29KPXFK8944Z1Z6,984976762,,,73,USR-209,2026-05-24 09:51:48
ACC-01585,Krishna Car Hire Pvt Ltd,Car Rental & Self-Drive,Automotive Rental,,Bengaluru,Karnataka,krishnacarhire.in,29CCUCK3438Q1Z9,,,Named,22,USR-211,2024-05-26 12:45:08
ACC-01586,Namma Developers Pvt Ltd,Corporate (Staff & Executive Cars),Construction & Real Estate,,Bangalore,Karnataka,nammadevelopers.com,29XSECN3518F1ZU,885925841,,,21,USR-206,2021-07-22 10:14:42
ACC-01587,Galaxy Infotech Pvt Ltd,Corporate (Staff & Executive Cars),Information Technology,,Belagavi,Karnataka,galaxyinfotech.co.in,29DGOCG9961H1ZD,960634500,,,23,USR-202,2026-04-30 15:09:14
ACC-01588,Sapphire Tours & Travels Pvt Ltd,Cab Fleet Operator,Transportation Services,,Shivamogga,Karnataka,sapphiretourstravels.co.in,29SAWCS6766B1Z5,,,Key,13,USR-197,2019-10-16 12:59:56
ACC-01589,Galaxy Tours & Travels Pvt Ltd,Cab Fleet Operator,Transportation Services,,Bengaluru ,Karnataka,galaxytourstravels.co.in,29CZYCG7588V1Z5,,,,28,USR-202,2022-12-09 10:24:22
ACC-01590,Greenline Employee Transport Solutions Pvt Ltd,Employee Transport Services,Transportation Services,,Belagavi,Karnataka,greenlineemployeetrans.in,,475300235,,Key,48,USR-198,2020-09-10 12:59:24
ACC-01591,District Collectorate - Mandya,Government / PSU,Government,,Bengaluru,Karnataka,,29WDWGD5463L1ZP,,,,6,USR-209,2023-05-14 22:28:03
ACC-01592,Annapoorna Capital Pvt Ltd,Corporate (Staff & Executive Cars),Banking & Financial Services,,Shivamogga,Karnataka,annapoornacapital.com,29ZWHCA1023O1ZN,802785398,,,12,USR-210,2020-06-13 00:42:10
ACC-01593,Sapphire Staff Transport Services Pvt Ltd,Employee Transport Services,Transportation Services,,Bengaluru,Karnataka,sapphirestafftransport.com,29OQTCS3002A1ZA,,,,393,USR-206,2026-01-10 00:23:30
ACC-01594,Anugraha Industries Pvt Ltd,Corporate (Staff & Executive Cars),Manufacturing,,Mangalore,Karnataka,anugrahaindustries.in,29AJRCA3930T1Z6,,,,9,USR-209,2025-11-12 13:04:24
ACC-01595,Akshaya Fleet Services LLP,Cab Fleet Operator,Transportation Services,,Hubballi,Karnataka,akshayafleetservices.com,29HDLFA4405H1Z5,,,,14,USR-202,2020-10-11 07:11:40
ACC-01596,Crescent Retail Pvt Ltd,Corporate (Staff & Executive Cars),Retail,,Bengaluru,Karnataka,crescentretail.co.in,29PPCCC3320S1Z2,404858132,,,10,USR-216,2022-12-03 05:06:54
ACC-01597,Surya Resorts,Hotels & Travel,Hospitality,,Bengaluru,Karnataka,suryaresorts.co.in,29XZMPS7095Y1ZT,647077109,,,6,USR-211,2020-03-25 13:05:43
ACC-01598,Prime Life Sciences Pvt Ltd,Corporate (Staff & Executive Cars),Pharmaceuticals,,Bengaluru,Karnataka,primelifesciences.in,29TAVCP3955J1ZY,975674759,,,4,USR-205,2021-11-09 13:12:53
ACC-01599,Namma Builders Pvt Ltd,Corporate (Staff & Executive Cars),Construction & Real Estate,,Bengaluru,Karnataka,nammabuilders.com,29MXACN7759H1ZC,,,,13,USR-213,2020-02-29 10:17:54
ACC-01600,Tulasi Staff Transport Services Ltd,Employee Transport Services,Transportation Services,,Bengaluru,Karnataka,tulasistafftransportse.in,29FAJCT1525Q1ZK,,,Named,17,USR-209,2020-06-02 09:52:45
ACC-01601,Netravati Travels Pvt Ltd,Cab Fleet Operator,Transportation Services,,Bengaluru,Karnataka,netravatitravels.in,29ZUDCN1106V1Z4,,,,26,USR-209,2025-05-10 04:40:03
ACC-01602,Vinayaka Rent-a-Car Pvt Ltd,Car Rental & Self-Drive,Automotive Rental,,Belagavi,Karnataka,vinayakarentacar.co.in,29ULVCV6443B1ZO,,,,24,USR-209,2026-04-27 12:49:35
ACC-01603,Chandra Auto Leasing LLP,Leasing & Subscription,Banking,,Bengaluru,Karnataka,chandraautoleasing.co.in,29JTJFC1398V1ZZ,,,,377,USR-206,2026-07-16 09:29:05
ACC-01604,Horizon Infotech Ltd,Corporate (Staff & Executive Cars),Information Technology,,Bengaluru,Karnataka,horizoninfotechltd.com,29UCUCH6981S1ZC,543334715,,,20,USR-208,2024-10-01 01:11:57
ACC-01605,Skyline Fleet Leasing LLP,Leasing & Subscription,Banking & Financial Services,,Mysuru,Karnataka,skylinefleetleasing.in,29GXDFS8161T1ZP,442561536,,,147,USR-204,2025-04-10 08:26:31
ACC-01606,Samruddhi Diagnostics,Hospitals & Education,Healthcare,,Shivamogga,Karnataka,samruddhidiagnostics.com,29OZNTS8705K1ZU,996956475,,,20,USR-202,2026-09-18 23:12:45
ACC-01607,Evergreen Fleet Leasing Pvt Ltd,Leasing & Subscription,Banking & Financial Services,,Mangaluru,Karnataka,evergreenfleetleasing.com,29EAICE8181T1ZD,,,,1607,USR-211,2019-12-27 20:51:18
ACC-01608,Mahalakshmi Polymers Pvt Ltd,Corporate (Staff & Executive Cars),Manufacturing,,Bengaluru,Karnataka,mahalakshmipolymers.co.in,,222555794,,,34,USR-211,2019-03-08 00:56:02
ACC-01609,Sahyadri Taxi Services,Cab Fleet Operator,Travels,,Bengaluru,Karnataka,sahyadritaxiservices.co.in,29VXZPS9545F1ZQ,,,,13,USR-202,2024-09-11 00:06:17
ACC-01610,Rapid Digital Systems Pvt Ltd,Corporate (Staff & Executive Cars),Information Technology,,Bengaluru,Karnataka,rapiddigitalsystems.in,29DCNCR8985S1ZI,692493906,,,6,USR-206,2026-03-31 12:01:24
ACC-01611,Mahalakshmi Cabs,Cab Fleet Operator,Transportation Services,,Bengaluru,Karnataka,mahalakshmicabs.com,29NNWPM5664W1ZW,,,,35,USR-211,2022-02-12 12:55:02
ACC-01612,Lotus Self Drive Cars Pvt Ltd,Car Rental & Self-Drive,Automotive Rental,,Hubballi,Karnataka,lotusselfdrivecars.in,29TFNCL1844P1ZW,,,,48,USR-204,2024-03-27 17:26:51
ACC-01613,Kaveri Infotech Pvt Ltd,Corporate (Staff & Executive Cars),Information Technology,,Mysuru,Karnataka,kaveriinfotech.co.in,29WJMCK8291H1ZO,323907270,,,17,USR-216,2019-12-18 06:26:51
ACC-01614,Sahyadri Tours & Travels Pvt Ltd,Cab Fleet Operator,Transportation Services,,Belagavi,Karnataka,sahyadritourstravels.com,29NSPCS9107L1Z6,,,,17,USR-206,2022-05-30 03:46:41
ACC-01615,Sri Lakshmi Tours & Travels,Cab Fleet Operator,Transportation Services,,Bengaluru,Karnataka,srilakshmitourstravels.co.in,29JDTPS5055W1ZP,,,,76,USR-208,2026-03-15 10:14:47
ACC-01616,Srinidhi Technologies LLP,Corporate (Staff & Executive Cars),Information Technology,,Bengaluru,Karnataka,srinidhitechnologies.in,29ACZFS0591S1ZO,,,,19,USR-209,2018-11-29 09:17:51
ACC-01617,Mahalakshmi Cab Services LLP,Cab Fleet Operator,Transportation Services,,Belagavi,Karnataka,mahalakshmicabservices.in,29KQQFM2837L1ZD,,,,41,USR-211,2026-08-20 08:15:09
ACC-01618,Horizon Travels,Cab Fleet Operator,Transportation Services,,Bengaluru,Karnataka,horizontravels.in,29ARBPH7855U1ZQ,,,,38,USR-206,2020-02-28 04:43:13
ACC-01619,Deccan Travels,Cab Fleet Operator,Transportation Services,,Mysore,Karnataka,deccantravels.co.in,29WHPPD 4941Y1ZI,,,,23,USR-201,2019-05-25 22:33:23
ACC-01620,Chandra Car Hire Pvt Ltd,Car Rental & Self-Drive,Automotive Rental,,Bengaluru,Karnataka,chandracarhire.co.in,29WTTCC1673B1ZT,,,,35,USR-209,2026-02-14 12:15:25
ACC-01621,Annapoorna Cabs LLP,Cab Fleet Operator,Transportation Services,,Hubballi,Karnataka,annapoornacabs.co.in,29KPKFA0228C1ZR,,,,57,USR-206,2023-01-26 00:12:44
ACC-01622,Surya Car Subscription Services Ltd,Leasing & Subscription,Banking & Financial Services,,Mysore,Karnataka,suryacarsubscriptionse.co.in,29EPWCS6378U1ZL,367757837,,,426,USR-203,2020-12-31 21:06:20
ACC-01623,Lotus Fleet Services,Cab Fleet Operator,Transportation Services,,Bengaluru,Karnataka,lotusfleetservices.com,29YKCPL8733U1ZG,,,,26,USR-208,2026-07-09 01:05:41
ACC-01624,Krishna Public School,Hospitals & Education,Education,,Mysuru,Karnataka,krishnapublicschool.co.in,29EFJTK2144X1Z6,126255185,,,7,USR-204,2024-04-19 19:08:12
ACC-01625,Aadhya Industries Ltd,Corporate (Staff & Executive Cars),Manufacturing,,Bengaluru,Karnataka,aadhyaindustriesltd.co.in,29PSVCA1784Q1Z3,,,,14,USR-211,2022-06-15 18:35:52
ACC-01626,Omkar Cabs,Cab Fleet Operator,Transportation Services,,Bengaluru,Karnataka,omkarcabs.in,29MZEPO6811C1Z3,370441991,,,22,USR-211,2019-08-26 19:10:55
ACC-01627,Chandra Cab Services Pvt Ltd,Cab Fleet Operator,Transportation Services,,Mangaluru,Karnataka,chandracabservices.co.in,29MYCCC5810Z1Z2,,,,9,USR-206,2026-03-25 11:16:54
ACC-01628,Navya Retail Pvt Ltd,Corporate (Staff & Executive Cars),Retail,,Bengaluru,Karnataka,navyaretail.co.in,29VZRCN4966I1ZK,,,,7,USR-208,2019-03-14 15:33:22
ACC-01629,Tunga Employee Transport Solutions Pvt Ltd,Employee Transport Services,Transportation Services,,Mysore,Karnataka,tungaemployeetransport.co.in,29FPXCT2032Y1ZZ,,,,51,USR-211,2026-09-12 19:52:19
ACC-01630,Lotus Cab Services,Cab Fleet Operator,Transportation Services,,Bengaluru,Karnataka,lotuscabservices.in,29VFOPL9656J1ZW,,,,38,USR-212,2023-09-08 14:41:16
ACC-01631,Srinidhi Infotech Ltd,Corporate (Staff & Executive Cars),Information Technology,,Hubballi,Karnataka,srinidhiinfotechltd.in,29ODYCS8820W1Z3,876154003,,Named,11,USR-211,2026-03-11 15:21:44
ACC-01632,Deccan Technologies LLP,Corporate (Staff & Executive Cars),Information Technology,,Bengaluru,Karnataka,deccantechnologies.com,29PSOFD1252C1Z7,286931744,,,44,USR-216,2025-12-23 07:12:38
ACC-01633,Garden City Fleet Services Pvt Ltd,Cab Fleet Operator,Transportation Services,,Mangaluru,Karnataka,gardencityfleetservice.in,29BQACG2360M1ZI,,,,6,USR-204,2019-04-09 06:51:47
ACC-01634,Anugraha Hospitality Services,Hotels & Travel,Hospitality,,Belagavi,Karnataka,anugrahahospitalityser.in,29PCCPA2000T1ZB,390807870,,,10,USR-206,2026-09-15 05:18:07
ACC-01635,Annapoorna Cabs Pvt Ltd,Cab Fleet Operator,Transportation Services,,Bengaluru,Karnataka,annapoornacabs.com,,,,,114,USR-214,2022-03-31 00:59:05
ACC-01636,Sharavathi Medical Trust,Hospitals & Education,Healthcare,,Udupi,Karnataka,sharavathimedicaltrust.co.in,29KIZTS4143O1ZK,,,,10,USR-203,2022-06-25 02:48:54
ACC-01637,Horizon Fleet Services LLP,Cab Fleet Operator,Transportation Services,,Bengaluru,Karnataka,horizonfleetservices.com,29IJHFH6242W1ZM,,,,38,USR-211,2022-12-18 06:50:51
ACC-01638,Kaveri Pharmaceuticals Pvt Ltd,Corporate (Staff & Executive Cars),Pharma,,Shivamogga,Karnataka,kaveripharmaceuticals.in,29HIMCK7811Y1ZI,,,,78,USR-202,2024-09-05 17:12:30
ACC-01639,City Municipal Office - Davanagere,Government / PSU,Government,,Mysuru,Karnataka,,29JHGGC4330L1ZN,,,,2,USR-216,2026-07-07 06:24:26
ACC-01640,Samruddhi Self Drive Cars LLP,Car Rental & Self-Drive,Automotive Rental,,Bengaluru,Karnataka,samruddhiselfdrivecars.in,29XRRFS8543S1Z6,,,Named,34,USR-206,2021-08-29 22:52:10
ACC-01641,Hoysala Medical Trust,Hospitals & Education,Healthcare,,Bengaluru,Karnataka,hoysalamedicaltrust.in,29RTPTH0421F1Z6,,,,3,USR-214,2021-06-11 23:26:49
ACC-01642,Hampi Travels Pvt Ltd,Cab Fleet Operator,,,Bengaluru,Karnataka,hampitravels.com,29XXMCH5694H1ZX,,,,16,USR-214,2026-01-09 14:06:14
ACC-01643,Kaveri Commute Solutions Pvt Ltd,Employee Transport Services,Transportation Services,,Mysuru,Karnataka,kavericommutesolutions.com,29RQOCK0636V1Z3,453246999,,,193,USR-214,2020-07-12 11:49:56
ACC-01644,Sai Krupa Employee Transport Solutions Pvt Ltd,Employee Transport Services,Transportation Services,,Davanagere,Karnataka,saikrupaemployeetransp.com,29VFZCS3218H1ZW,474775612,,,275,USR-206,2025-03-14 18:59:37
ACC-01645,Yashas Industries Pvt Ltd,Corporate (Staff & Executive Cars),Mfg,,Bengaluru,Karnataka,yashasindustries.com,29QPICY4704Y1ZR,,,,16,USR-202,2025-06-02 11:27:46
ACC-01646,Kodagu Fleet Services Pvt Ltd,Cab Fleet Operator,Transportation Services,,Bengaluru,Karnataka,kodagufleetservices.co.in,29FBQCK4513Q1ZI,986472762,,,54,USR-216,2021-11-03 19:43:16
ACC-01647,Unity Travels Pvt Ltd,Cab Fleet Operator,Transportation Services,,BLR,Karnataka,unitytravels.com,29BSJCU5503O1ZO,,,,39,USR-208,2025-08-27 22:28:01
ACC-01648,Airavata Multispeciality Hospital,Hospitals & Education,Medical,,Mysuru,Karnataka,airavatamultispecialit.in,29DAMTA1614W1ZT,,,,12,USR-210,2022-01-30 15:27:36
ACC-01649,Annapoorna Industries Pvt Ltd,Corporate (Staff & Executive Cars),Manufacturer,,Davanagere,Karnataka,annapoornaindustries.co.in,29KVTCA5839M1Z8,186754856,,,17,USR-205,2022-05-29 13:04:29
ACC-01650,Krishna Cabs Pvt Ltd,Cab Fleet Operator,Transportation Services,,Bengaluru,Karnataka,krishnacabs.com,29kpgck6185y1zy,,,,87,USR-216,2025-01-04 22:44:38
ACC-01651,Sapphire Commute Solutions Pvt Ltd,Employee Transport Services,Transportation Services,,Bengaluru,Karnataka,sapphirecommutesolutio.co.in,29CSUCS1941P1ZA,,,,123,USR-214,2021-10-16 12:49:31
ACC-01652,Shree Balaji Taxi Services LLP,Cab Fleet Operator,Transportation Services,,Tumakuru,Karnataka,shreebalajitaxiservice.in,29IEGFS3748T1ZO,,,,28,USR-211,2019-08-02 18:08:18
ACC-01653,District Collectorate - Tumakuru,Government / PSU,Govt,,Bengaluru,Karnataka,,29MTIGD2329G1Z0,,,,17,USR-211,2026-08-16 23:57:58
ACC-01654,Vega Cab Services,Cab Fleet Operator,Transportation Services,,Mangaluru,Karnataka,vegacabservices.in,29KQEPV2863F1Z6,,,,64,USR-202,2026-02-12 06:39:45
ACC-01655,Rapid Mobility Services LLP,Employee Transport Services,Transportation Services,,Belagavi,Karnataka,rapidmobilityservices.co.in,29MIFFR1214X1ZO,,,,341,USR-209,2019-05-09 09:05:44
ACC-01656,Krishna Taxi Services,Cab Fleet Operator,Transportation Services,,Mysuru,Karnataka,krishnataxiservices.in,29DTDPK7469H1Z3,,,,32,USR-206,2020-01-23 18:56:03
ACC-01657,Sterling Fleet Services,Cab Fleet Operator,Transportation Services,,Hubballi,Karnataka,sterlingfleetservices.com,29MKVPS1361R1ZM,,,,32,USR-206,2025-05-04 06:41:19
ACC-01658,Elite Rent-a-Car,Car Rental & Self-Drive,Automotive Rental,,Bengaluru,Karnataka,eliterentacar.com,29QXYPE4706I1ZI,,,,31,USR-209,2025-02-04 21:41:09
ACC-01659,Sai Krupa Taxi Services Pvt Ltd,Cab Fleet Operator,Transportation Services,,Bengaluru,Karnataka,saikrupataxiservices.co.in,29YAWCS8225V1Z4,,,,42,USR-202,2024-04-18 10:40:24
ACC-01660,Nakshatra Finance Pvt Ltd,Corporate (Staff & Executive Cars),Banking & Financial Services,,BLR,Karnataka,nakshatrafinance.com,29KSZCN9819E1Z8,,,,27,USR-214,2026-09-05 09:08:59
ACC-01661,Deccan Pharmaceuticals Pvt Ltd,Corporate (Staff & Executive Cars),Pharmaceuticals,,Bengaluru,Karnataka,deccanpharmaceuticals.com,29RAICD5685X1ZQ,,,,5,USR-206,2022-01-15 04:07:46
ACC-01662,Hoysala Pharmaceuticals LLP,Corporate (Staff & Executive Cars),Pharmaceuticals,,Mysuru,Karnataka,hoysalapharmaceuticals.in,29AEAFH9741T1Z8,960217499,,,35,USR-208,2024-07-12 05:44:38
ACC-01663,Netravati Supermarts Ltd,Corporate (Staff & Executive Cars),Retail,,Bengaluru,Karnataka,netravatisupermartsltd.co.in,29SJECN7089U1Z4,390992538,,,26,USR-209,2019-03-22 23:52:13
ACC-01664,Sanjeevini Supermarts Pvt Ltd,Corporate (Staff & Executive Cars),Retail,,Bengaluru,Karnataka,sanjeevinisupermarts.co.in,29OLECS5357L1ZQ,,,,9,USR-202,2020-07-08 05:37:01
ACC-01665,Sahyadri Technologies Pvt Ltd,Corporate (Staff & Executive Cars),Information Technology,,Bengaluru,Karnataka,sahyadritechnologies.in,29ZAGCS7939P1ZK,,,,17,USR-206,2026-03-08 15:39:15
ACC-01666,Sunrise Corporate Mobility Pvt Ltd,Employee Transport Services,Transportation Services,,Bengaluru,Karnataka,sunrisecorporatemobili.in,29AVMCS4517K1ZM,,,,278,USR-204,2019-06-06 06:17:07
ACC-01667,Elite Travels Pvt Ltd,Cab Fleet Operator,Transportation Services,,Mysuru,Karnataka,elitetravels.in,29ERHCE8559E1Z4,,,,24,USR-202,2019-06-16 10:41:15
ACC-01668,Malnad Builders LLP,Corporate (Staff & Executive Cars),Construction & Real Estate,,BLR,Karnataka,malnadbuilders.in,29QYZFM1074U1Z5,425828477,,Named,23,USR-210,2021-12-05 05:36:52
ACC-01669,Kodagu Precision Components Ltd,Corporate (Staff & Executive Cars),Manufacturing,,Bengaluru,Karnataka,kodaguprecisioncompone.in,29PXOCK9756C1Z7,700709681,,Named,77,USR-202,2020-07-03 10:16:34
ACC-01670,Navya Staff Transport Services Pvt Ltd,Employee Transport Services,Transportation Services,,Bengaluru,Karnataka,navyastafftransportser.co.in,29LUFCN4341Z1ZX,,,,506,USR-204,2020-08-10 22:48:10
ACC-01671,Anugraha Cab Services,Cab Fleet Operator,Transportation Services,,Udupi,Karnataka,anugrahacabservices.in,29GJOPA7905Z1ZT,,,,30,USR-216,2024-05-04 17:45:38
ACC-01672,Kaveri Leasing Pvt Ltd,Leasing & Subscription,Banking & Financial Services,,Bengaluru,Karnataka,kaverileasing.in,29WYDCK0314J1ZQ,,,,957,USR-211,2023-08-23 13:06:17
ACC-01673,Skyline Capital Pvt Ltd,Corporate (Staff & Executive Cars),Banking & Financial Services,,Davanagere,Karnataka,skylinecapital.co.in,29XJPCS3532V1Z1,465931488,,,28,USR-204,2025-10-17 18:15:45
ACC-01674,Pinnacle Self Drive Cars,Car Rental & Self-Drive,Automotive Rental,,Hubballi,Karnataka,pinnacleselfdrivecars.in,29RWYPP0599G1Z2,,,Named,22,USR-213,2019-06-14 09:43:29
ACC-01675,Prime Retail Pvt Ltd,Corporate (Staff & Executive Cars),Retail,,Bengaluru,Karnataka,primeretail.in,,343382704,,,14,USR-216,2025-03-30 23:23:27
ACC-01676,Sahyadri Credit Services Pvt Ltd,Corporate (Staff & Executive Cars),Banking & Financial Services,,Bengaluru,Karnataka,sahyadricreditservices.co.in,29HWSCS8455U1ZA,754534856,,,38,USR-208,2025-10-20 19:41:35
ACC-01677,Annapoorna Hospital,Hospitals & Education,Healthcare,,Hubballi,Karnataka,annapoornahospital.co.in,29LAMTA1771P1ZP,,,,7,USR-202,2023-06-14 22:47:24
ACC-01678,Urbanline Car Hire,Car Rental & Self-Drive,Automotive Rental,,Bengaluru,Karnataka,urbanlinecarhire.co.in,29ITJPU1394U1Z3,,,Named,36,USR-209,2019-03-02 00:06:28
ACC-01679,Pinnacle Commute Solutions Pvt Ltd,Employee Transport Services,Transportation Services,,Bengaluru,Karnataka,pinnaclecommutesolutio.co.in,,462733350,,,260,USR-208,2020-04-25 01:56:15
ACC-01680,Rapid Cab Services,Cab Fleet Operator,Transportation Services,,Bengaluru,Karnataka,rapidcabservices.in,29ZQGPR6302Q1ZG,,,Named,46,USR-204,2026-07-07 14:26:47
ACC-01681,Royal Auto Leasing Ltd,Leasing & Subscription,Banking & Financial Services,,Bengaluru,Karnataka,royalautoleasingltd.com,29YNUCR7879K1ZK,,,,1089,USR-208,2018-10-16 19:33:18
ACC-01682,City Municipal Office - Koppal,Government / PSU,Government,,Mysuru,Karnataka,,29DPFGC2460W1ZO,,,,74,USR-206,2021-09-10 11:49:16
ACC-01683,Zilla Panchayat - Koppal,Government / PSU,Govt.,,Hubballi,Karnataka,,29QSBGZ0892F1ZD,,,,35,USR-208,2023-03-21 01:05:30
ACC-01684,Kaveri Public School,Hospitals & Education,Education,,Bengaluru,Karnataka,kaveripublicschool.in,29LFJTK9330B1ZY,,,,3,USR-206,2022-11-18 08:22:08
ACC-01685,Amrutha Hotels & Resorts Pvt Ltd,Hotels & Travel,Hospitality,,Hubballi,Karnataka,amruthahotelsresorts.in,29OSDCA0021G1ZV,281748639,,,7,USR-202,2019-11-07 15:35:53
ACC-01686,Vijaya Staff Transport Services Pvt Ltd,Employee Transport Services,Transportation Services,,Mysuru,Karnataka,vijayastafftransportse.co.in,29BRICV8467V1ZR,,,,193,USR-206,2024-06-20 10:46:53
ACC-01687,Vijaya Retail Pvt Ltd,Corporate (Staff & Executive Cars),Retail,,Shivamogga,Karnataka,vijayaretail.in,29kzccv1436j1zh,,,,36,USR-216,2023-04-27 20:35:31
ACC-01688,Lotus Developers Pvt Ltd,Corporate (Staff & Executive Cars),Construction & Real Estate,,Bengaluru,Karnataka,lotusdevelopers.co.in,29AQMCL5690J1ZT,571712204,,,7,USR-215,2022-07-03 03:13:17
ACC-01689,Orbit Fleet Services Pvt Ltd,Cab Fleet Operator,Transportation Services,,Mangaluru,Karnataka,orbitfleetservices.co.in,29XECCO5300P1ZB,,,Named,34,USR-215,2019-05-24 06:54:25
ACC-01690,Namma Rent-a-Car LLP,Car Rental & Self-Drive,Automotive Rental,,Bengaluru,Karnataka,nammarentacar.co.in,29ETBFN6040J1Z0,,,,21,USR-206,2023-03-07 07:07:25
ACC-01691,Surya Hospital,Hospitals & Education,Healthcare,,Bengaluru,Karnataka,suryahospital.in,29IJXTS0552B1ZG,158162030,,,5,USR-214,2026-09-13 04:32:59
ACC-01692,Zilla Panchayat - Ramanagara,Government / PSU,Govt.,,Bengaluru,Karnataka,,29MHPGZ8265I1ZC,,,,22,USR-201,2022-02-12 00:13:25
ACC-01693,Deccan Commute Solutions Pvt Ltd,Employee Transport Services,Transportation Services,,Belagavi,Karnataka,deccancommutesolutions.co.in,29AUCCD5515V1ZR,,,Named,315,USR-202,2021-06-04 23:52:56
ACC-01694,Evergreen Precision Components Ltd,Corporate (Staff & Executive Cars),Manufacturing,,Bengaluru,Karnataka,evergreenprecisioncomp.com,29OQCCE9425P1ZN,997022073,,Named,17,USR-214,2026-08-29 08:38:46
ACC-01695,Nandi Taxi Services LLP,Cab Fleet Operator,Transportation Services,,Mysuru,Karnataka,nanditaxiservices.in,29SHKFN9291A1Z2,,,,76,USR-205,2024-04-20 21:29:35
ACC-01696,Sai Krupa Pharmaceuticals Pvt Ltd,Corporate (Staff & Executive Cars),Pharmaceuticals,,Bengaluru,Karnataka,saikrupapharmaceutical.co.in,29HUNCS2387V1ZM,831322207,,,19,USR-214,2026-08-01 16:03:22
ACC-01697,Rapid Commute Solutions LLP,Employee Transport Services,Transportation Services,,Bengaluru,Karnataka,rapidcommutesolutions.co.in,29JXWFR0986T1Z3,,,Key,116,USR-200,2019-05-04 11:48:27
ACC-01698,Elite Leasing Pvt Ltd,Leasing & Subscription,Banking & Financial Services,,Bengaluru ,Karnataka,eliteleasing.co.in,29EEWCE2605J1ZU,441324636,,Named,485,USR-211,2020-12-29 15:46:35
ACC-01699,Orbit Capital Pvt Ltd,Corporate (Staff & Executive Cars),Banking & Financial Services,,Hubballi,Karnataka,orbitcapital.co.in,29SGFCO9247Y1Z5,921218875,,,19,USR-216,2026-05-07 09:38:52
ACC-01700,Forest Division Office - Ballari,Government / PSU,Government,,Mysore,Karnataka,,29VKSGF3248T1Z2,,,,29,USR-209,2026-08-28 09:04:44
ACC-01701,Sri Lakshmi Cabs LLP,Cab Fleet Operator,Transportation Services,,Bengaluru,Karnataka,srilakshmicabs.in,29AYVFS2552D1ZH,,,,21,USR-214,2026-01-01 14:58:03
ACC-01702,Sharavathi Hotels & Resorts,Hotels & Travel,Hospitality,,Hubballi,Karnataka,sharavathihotelsresort.co.in,29REDPS4889J1Z5,,,Named,4,USR-216,2023-02-20 10:26:50
ACC-01703,Netravati Travels,Cab Fleet Operator,Transportation Services,,Tumakuru,Karnataka,netravatitravels.in,29TRSPN9283W1ZE,,,,70,USR-208,2025-04-28 13:56:14
ACC-01704,Deccan Diagnostics,Hospitals & Education,Medical,,Bengaluru,Karnataka,deccandiagnostics.in,29HRITD7216L1Z3,,,,14,USR-208,2021-10-11 13:05:57
ACC-01705,Shree Balaji Mobility Services Ltd,Employee Transport Services,Transportation Services,,Bengaluru,Karnataka,shreebalajimobilityser.com,29CLPCS1637M1ZY,,,Named,302,USR-209,2021-11-14 00:48:05
ACC-01706,Lotus Software Solutions Pvt Ltd,Corporate (Staff & Executive Cars),Information Technology,,Mangaluru,Karnataka,lotussoftwaresolutions.in,29ZOOCL0209Z1ZX,687650653,,,7,USR-211,2024-12-13 20:14:55
ACC-01707,Vinayaka Holidays,Hotels & Travel,Hospitality,,Bengaluru,Karnataka,vinayakaholidays.co.in,29JVHPV4674R1Z0,,,Named,16,USR-212,2023-05-03 20:32:56
ACC-01708,Samruddhi Tours & Travels Pvt Ltd,Cab Fleet Operator,Transportation Services,,Bengaluru,Karnataka,samruddhitourstravels.co.in,29PSACS1090L1ZP,,,,200,USR-204,2020-03-28 05:09:36
ACC-01709,Galaxy Credit Services Pvt Ltd,Corporate (Staff & Executive Cars),Banking & Financial Services,,Shivamogga,Karnataka,galaxycreditservices.com,29XAZCG9009X1ZA,855496347,,,7,USR-202,2025-10-23 20:11:45
ACC-01710,Hampi Constructions Pvt Ltd,Corporate (Staff & Executive Cars),Construction & Real Estate,,Bengaluru,Karnataka,hampiconstructions.com,29GFYCH8971W1Z6,715387679,,,70,USR-205,2025-05-06 00:51:51
ACC-01711,Ujwal Infra Projects LLP,Corporate (Staff & Executive Cars),Construction & Real Estate,,Bengaluru,Karnataka,ujwalinfraprojects.co.in,29RNJFU3219D1ZY,918041541,,,12,USR-208,2023-05-06 06:59:15
ACC-01712,Metro Cab Services,Cab Fleet Operator,Transportation Services,,Mangaluru,Karnataka,metrocabservices.in,29BNTPM4947N1ZT,,,,18,USR-209,2019-07-04 13:22:17
ACC-01713,Galaxy Constructions Pvt Ltd,Corporate (Staff & Executive Cars),Construction & Real Estate,,Mysuru,Karnataka,galaxyconstructions.in,29VIQCG3255A1ZJ,,,,47,USR-202,2021-04-14 02:38:42
ACC-01714,Navya Resorts Pvt Ltd,Hotels & Travel,Hospitality,,Udupi,Karnataka,navyaresorts.co.in,29WAPCN5314L1ZA,881780863,,,11,USR-204,2021-10-27 18:56:37
ACC-01715,Rapid Auto Leasing Pvt Ltd,Leasing & Subscription,Banking & Financial Services,,Tumakuru,Karnataka,rapidautoleasing.in,29EIDCR6218W1ZS,,,,156,USR-216,2019-10-30 22:41:06
ACC-01716,Sapphire Capital LLP,Corporate (Staff & Executive Cars),Banking & Financial Services,,Bengaluru,Karnataka,sapphirecapital.co.in,29YPPFS6563E1Z4,,,,19,USR-209,2021-10-01 16:50:25
ACC-01717,Rapid Education Trust,Hospitals & Education,Education,,Bengaluru,Karnataka,rapideducationtrust.com,29CZUTR8945Z1ZW,407384950,,,7,USR-208,2021-05-09 02:49:00
ACC-01718,Elite Infotech LLP,Corporate (Staff & Executive Cars),Information Technology,,Mangaluru,Karnataka,eliteinfotech.in,29MVHFE4668V1ZP,,,,7,USR-209,2025-08-29 22:50:08
ACC-01719,Pinnacle Life Sciences Pvt Ltd,Corporate (Staff & Executive Cars),Pharmaceuticals,,Bengaluru,Karnataka,pinnaclelifesciences.co.in,29XDJCP9981E1ZX,,,,16,USR-204,2025-05-22 03:41:10
ACC-01720,Garuda Staff Transport Services LLP,Employee Transport Services,Transportation Services,,Bengaluru,Karnataka,garudastafftransportse.in,29LGKFG0883N1Z3,196407003,,,96,USR-206,2026-01-23 12:32:23
ACC-01721,Hoysala Hotels & Resorts,Hotels & Travel,Hospitality,,Bengaluru,Karnataka,hoysalahotelsresorts.com,29CSUPH5393X1Z0,,,,11,USR-216,2024-09-30 15:38:53
ACC-01722,Airavata Cab Services,Cab Fleet Operator,Transportation Services,,Mysuru,Karnataka,airavatacabservices.co.in,29MDNPA7158G1ZZ,,,,32,USR-204,2026-03-14 14:42:04
ACC-01723,Sri Lakshmi Infotech Pvt Ltd,Corporate (Staff & Executive Cars),Information Technology,,Bengaluru,Karnataka,srilakshmiinfotech.com,29INGCS3177G1Z3,158278806,,,4,USR-216,2026-05-04 00:25:14
ACC-01724,Silicon Hotels & Resorts Pvt Ltd,Hotels & Travel,Hospitality,,Davanagere,Karnataka,siliconhotelsresorts.in,29REECS8090I1Z4,,,,4,USR-204,2026-09-04 05:58:28
ACC-01725,Pinnacle Supermarts Pvt Ltd,Corporate (Staff & Executive Cars),Retail,,Mangaluru,Karnataka,pinnaclesupermarts.co.in,29UNJCP7810Y1ZU,643418930,,,27,USR-209,2025-11-11 10:18:51
ACC-01726,Pinnacle Digital Systems LLP,Corporate (Staff & Executive Cars),Information Technology,,Bengaluru,Karnataka,pinnacledigitalsystems.in,29LQGFP0743R1ZE,167381742,,,12,USR-214,2025-12-13 10:08:15
ACC-01727,Sapphire Taxi Services LLP,Cab Fleet Operator,Transportation Services,,Bengaluru,Karnataka,sapphiretaxiservices.co.in,29JFSFS1403Q1ZZ,,,Named,54,USR-216,2019-08-10 06:16:41
ACC-01728,Vijaya Commute Solutions Pvt Ltd,Employee Transport Services,Transportation Services,,udupi,Karnataka,vijayacommutesolutions.in,,,,,367,USR-203,2022-09-18 04:10:49
ACC-01729,Unity Multispeciality Hospital Pvt Ltd,Hospitals & Education,Health Care,,Bengaluru,Karnataka,unitymultispecialityho.co.in,,,,,35,USR-204,2025-02-13 00:20:20
ACC-01730,Krishna Builders Pvt Ltd,Corporate (Staff & Executive Cars),Construction & Real Estate,,Bengaluru,Karnataka,krishnabuilders.com,29YQWCK6269M1ZP,,,Named,14,USR-208,2023-07-04 09:43:09
ACC-01731,Nandi Cab Services Pvt Ltd,Cab Fleet Operator,Transportation Services,,Mysuru,Karnataka,nandicabservices.co.in,29EATCN7211C1Z7,,,,34,USR-214,2019-09-18 00:54:45
ACC-01732,Omkar Staff Transport Services Pvt Ltd,Employee Transport Services,Transportation Services,,Bengaluru,Karnataka,omkarstafftransportser.com,29NJCCO6300J1ZK,916276454,,,64,USR-202,2021-08-31 06:38:47
ACC-01733,Public Works Division - Ballari,Government / PSU,Government,,Mysuru,Karnataka,,29ZEYGP9768T1ZA,,,,34,USR-214,2026-06-06 07:01:19
ACC-01734,Swift Car Subscription Services Ltd,Leasing & Subscription,Banking & Financial Services,,Bengaluru,Karnataka,swiftcarsubscriptionse.com,29JBWCS9837G1Z0,,,,110,USR-209,2025-12-11 08:04:06
ACC-01735,Maruthi Nagar Employee Transport Solutions Pvt Ltd,Employee Transport Services,Transportation Services,,Bengaluru,Karnataka,maruthinagaremployeetr.in,29BTHCM6183B1Z9,,,Named,69,USR-209,2022-01-07 11:37:47
ACC-01736,Orbit Rent-a-Car,Car Rental & Self-Drive,Automotive Rental,,Bengaluru,Karnataka,orbitrentacar.co.in,29EPJPO4846M1ZY,,,,63,USR-211,2021-11-05 14:26:04
ACC-01737,Amrutha Car Hire LLP,Car Rental & Self-Drive,Automotive Rental,,Bengaluru,Karnataka,amruthacarhire.in,29LFWFA8818C1ZF,,,,44,USR-208,2026-04-28 19:05:53
ACC-01738,Malnad Fleet Leasing Pvt Ltd,Leasing & Subscription,Banking & Financial Services,,Mangaluru,Karnataka,malnadfleetleasing.com,29MUQCM7401H1ZO,,,,484,USR-208,2025-04-05 02:03:59
ACC-01739,Tulasi Engineering Works LLP,Corporate (Staff & Executive Cars),Manufacturing,,Bengaluru,Karnataka,tulasiengineeringworks.com,29HHWFT8611I1ZS,383266730,,,7,USR-206,2026-07-10 13:33:17
ACC-01740,Navya Supermarts Ltd,Corporate (Staff & Executive Cars),Retail,,Udupi,Karnataka,navyasupermartsltd.co.in,29TWVCN3352B1ZH,240966359,,Named,12,USR-202,2019-12-24 06:11:00
ACC-01741,Prime Cab Services,Cab Fleet Operator,,,Bengaluru,Karnataka,primecabservices.com,29HUGPP7780R1Z6,,,,30,USR-211,2021-01-05 12:07:12
ACC-01742,Navya Cabs Pvt Ltd,Cab Fleet Operator,Transportation Services,,Belagavi,Karnataka,navyacabs.in,29UHNCN7197B1Z0,,,,19,USR-211,2026-01-30 08:31:26
ACC-01743,Sri Ganesh Car Hire Pvt Ltd,Car Rental & Self-Drive,Automotive Rental,,Mysuru,Karnataka,sriganeshcarhire.in,29KXKCS0636B1ZX,,,Named,24,USR-206,2024-02-02 08:32:06
ACC-01744,Krishna Mobility Services Pvt Ltd,Employee Transport Services,Transportation Services,,Bengaluru,Karnataka,krishnamobilityservice.com,29JWHCK6539D1ZT,411854780,,,96,USR-216,2025-11-09 03:16:17
ACC-01745,Royal Institute of Technology Pvt Ltd,Hospitals & Education,Education,,Tumakuru,Karnataka,royalinstituteoftechno.com,29HLGCR8940X1Z5,690044810,,,6,USR-204,2025-12-03 05:57:40
ACC-01746,Navya Pharmaceuticals Pvt Ltd,Corporate (Staff & Executive Cars),Pharmaceuticals,,Bengaluru,Karnataka,navyapharmaceuticals.com,29RPFCN3447G1ZZ,661665353,,,27,USR-212,2018-11-24 18:13:49
ACC-01747,Surya Travels LLP,Cab Fleet Operator,Transportation Services,,Shivamogga,Karnataka,suryatravels.com,29MAVFS3612T1ZQ,,,Named,23,USR-202,2024-01-20 14:13:20
ACC-01748,Krishna Car Hire LLP,Car Rental & Self-Drive,Automotive Rental,,Shivamogga,Karnataka,krishnacarhire.co.in,29DPCFK4078Z1Z5,,,,84,USR-201,2020-09-10 11:58:24
ACC-01749,City Municipal Office - Bidar,Government / PSU,Government,,Bengaluru,Karnataka,,29QNBGC9756G1ZV,,,,7,USR-213,2023-04-24 02:13:28
ACC-01750,Sri Ganesh Institute of Technology Pvt Ltd,Hospitals & Education,Education,,Bengaluru,Karnataka,sriganeshinstituteofte.co.in,29LYDCS0334L1ZL,,,,13,USR-204,2025-03-15 18:50:47
ACC-01751,Sunrise Car Hire Pvt Ltd,Car Rental & Self-Drive,Automotive Rental,,bengaluru,Karnataka,sunrisecarhire.co.in,29YGVCS5571A1ZX,,,Named,71,USR-206,2024-12-12 12:54:50
ACC-01752,Sanjeevini Commute Solutions LLP,Employee Transport Services,Transportation Services,,Hubballi,Karnataka,sanjeevinicommutesolut.in,29MNXFS8378R1ZC,,,,58,USR-210,2022-01-24 10:11:43
ACC-01753,Nakshatra Cab Services Pvt Ltd,Cab Fleet Operator,Transportation Services,,Mangaluru,Karnataka,nakshatracabservices.in,29AZOCN4226Y1ZR,,,,29,USR-202,2026-01-25 22:41:24
ACC-01754,Vasudha Corporate Mobility Pvt Ltd,Employee Transport Services,Transportation Services,,Hubballi,Karnataka,vasudhacorporatemobili.in,29QGFCV4042U1ZP,510031287,,Named,146,USR-204,2025-02-09 06:21:00
ACC-01755,Airavata Holidays Pvt Ltd,Hotels & Travel,Hospitality,,Bengaluru,Karnataka,airavataholidays.com,29YIJCA1275W1ZK,,,,4,USR-204,2024-07-25 20:00:53
ACC-01756,Vishwa Car Hire Pvt Ltd,Car Rental & Self-Drive,Automotive Rental,,Bengaluru,Karnataka,vishwacarhire.co.in,29BFKCV3754W1ZO,,,,37,USR-202,2021-08-20 19:49:41
ACC-01757,Public Works Division - Vijayapura,Government / PSU,Govt.,,Bengaluru,Karnataka,,29WHOGP1579D1ZT,,,,49,USR-209,2021-03-09 16:46:00
ACC-01758,Kadamba Polymers Pvt Ltd,Corporate (Staff & Executive Cars),Manufacturing,,Mangaluru,Karnataka,kadambapolymers.com,29RIICK9403Y1ZC,354529320,,,9,USR-210,2023-03-28 10:53:07
ACC-01759,Anugraha Self Drive Cars LLP,Car Rental & Self-Drive,Automotive Rental,,Bengaluru,Karnataka,anugrahaselfdrivecars.in,29VFMFA2723Z1ZK,,,Named,85,USR-211,2024-08-09 13:51:24
ACC-01760,Maruthi Nagar Pharmaceuticals Pvt Ltd,Corporate (Staff & Executive Cars),Pharmaceuticals,,Bengaluru,Karnataka,maruthinagarpharmaceut.com,29JQJCM6779H1ZJ,461597398,,,11,USR-210,2021-01-03 22:52:32
ACC-01761,Orbit Rent-a-Car Pvt Ltd,Car Rental & Self-Drive,Automotive Rental,,Bengaluru,Karnataka,orbitrentacar.com,29VFYCO3541I1ZW,402230718,,,63,USR-208,2018-11-25 16:38:01
ACC-01762,Galaxy Infra Projects LLP,Corporate (Staff & Executive Cars),Construction & Real Estate,,Bengaluru,Karnataka,galaxyinfraprojects.co.in,29UHQFG3100E1ZP,,,,9,USR-208,2021-04-11 01:27:04
ACC-01763,Sri Ganesh Software Solutions LLP,Corporate (Staff & Executive Cars),Information Technology,,Belagavi,Karnataka,sriganeshsoftwaresolut.co.in,29DWZFS5110N1Z1,548151147,,,9,USR-212,2020-01-06 14:33:08
ACC-01764,Pinnacle College,Hospitals & Education,Education,,bengaluru,Karnataka,pinnaclecollege.com,29KFHTP0909S1Z6,630981156,,Named,16,USR-202,2019-07-06 23:35:38
ACC-01765,Vijaya Hospital,Hospitals & Education,Healthcare,,Hubballi,Karnataka,vijayahospital.in,29FQFTV6407J1ZX,,,,1,USR-205,2024-09-25 22:36:57
ACC-01766,Urbanline Builders Pvt Ltd,Corporate (Staff & Executive Cars),Construction & Real Estate,,Udupi,Karnataka,urbanlinebuilders.com,29QBECU9901L1Z9,833671830,,,11,USR-206,2019-09-06 07:13:20
ACC-01767,Suvarna Self Drive Cars,Car Rental & Self-Drive,Automotive Rental,,Bengaluru,Karnataka,suvarnaselfdrivecars.co.in,29YITPS7685L1Z5,247193574,,,58,USR-215,2019-09-08 08:09:32
ACC-01768,Orbit Cab Services LLP,Cab Fleet Operator,Transportation Services,,Bengaluru,Karnataka,orbitcabservices.co.in,29NXAFO3989B1ZG,,,,29,USR-204,2024-06-09 14:12:40
ACC-01769,Airavata Resorts,Hotels & Travel,Hospitality,,Mysuru,Karnataka,airavataresorts.co.in,29PLUPA0993K1Z2,797411814,,,18,USR-211,2026-05-11 19:18:45
ACC-01770,Kadamba Fleet Services,Cab Fleet Operator,Transportation Services,,Hubballi,Karnataka,kadambafleetservices.co.in,29CDWPK0981C1Z5,,,,7,USR-206,2024-08-10 17:20:03
ACC-01771,Ujwal Employee Transport Solutions Ltd,Employee Transport Services,Transportation Services,,Belagavi,Karnataka,ujwalemployeetransport.co.in,29TQECU1156P1ZC,854978264,,Named,102,USR-210,2021-05-22 12:04:03
ACC-01772,Emerald Credit Services LLP,Corporate (Staff & Executive Cars),BFSI,,Bengaluru,Karnataka,emeraldcreditservices.in,29SUCFE5095V1ZR,879975594,,Named,4,USR-208,2026-06-19 19:27:59
ACC-01773,Samruddhi Medical Trust,Hospitals & Education,Healthcare,,Bengaluru,Karnataka,samruddhimedicaltrust.in,29OTVTS1275L1Z1,999984238,,,21,USR-209,2024-09-02 02:10:46
ACC-01774,Greenline Fleet Services LLP,Cab Fleet Operator,Transportation Services,,Shivamogga,Karnataka,greenlinefleetservices.com,29EVEFG8467O1Z7,,,,15,USR-204,2026-02-09 06:00:54
ACC-01775,Evergreen Retail Pvt Ltd,Corporate (Staff & Executive Cars),Retail,,Mysuru,Karnataka,evergreenretail.in,29LUOCE3695C1ZT,,,,77,USR-216,2020-01-27 20:51:19
ACC-01776,Namma Resorts LLP,Hotels & Travel,Hospitality,,Bengaluru,Karnataka,nammaresorts.in,29ZTKFN7731D1ZB,,,,9,USR-201,2019-04-30 12:02:20
ACC-01777,Shree Balaji Hospitality Services,Hotels & Travel,Hospitality,,Hubballi,Karnataka,shreebalajihospitality.com,29CPAPS9971V1ZB,324515228,,,9,USR-204,2026-02-24 18:53:42
ACC-01778,Akshaya Tours & Travels,Cab Fleet Operator,Transportation Services,,Bengaluru,Karnataka,akshayatourstravels.in,29ITCPA0552F1ZZ,,,,15,USR-208,2023-06-10 14:47:41
ACC-01779,Ujwal Engineering Works Pvt Ltd,Corporate (Staff & Executive Cars),Manufacturing,,Mysuru,Karnataka,ujwalengineeringworks.in,29GDCCU1260Y1Z3,703435434,,Named,19,USR-208,2020-03-20 20:00:28
ACC-01780,Skyline Constructions LLP,Corporate (Staff & Executive Cars),Construction & Real Estate,,Bengaluru,Karnataka,skylineconstructions.com,29DKDFS7660R1ZK,,,,13,USR-208,2026-01-19 00:11:43
ACC-01781,Malnad Polymers LLP,Corporate (Staff & Executive Cars),Manufacturing,,Bengaluru,Karnataka,malnadpolymers.com,,803973308,,,7,USR-206,2021-06-29 11:24:12
ACC-01782,Vinayaka Employee Transport Solutions Pvt Ltd,Employee Transport Services,Transportation Services,,Bengaluru,Karnataka,vinayakaemployeetransp.com,29NOBCV8850X1ZT,427498030,,,133,USR-204,2021-05-07 13:10:53
ACC-01783,Agriculture Department Office - Ballari,Government / PSU,Government,,Bangalore,Karnataka,,,,,Named,10,USR-206,2026-08-17 03:35:55
ACC-01784,Hoysala Industries Pvt Ltd,Corporate (Staff & Executive Cars),Manufacturing,,Shivamogga,Karnataka,hoysalaindustries.co.in,29YSKCH7132K1ZG,586429766,,Named,9,USR-207,2019-11-05 14:45:20
ACC-01785,Hampi Leasing Pvt Ltd,Leasing & Subscription,Banking & Financial Services,,Hubballi,Karnataka,hampileasing.in,,795439086,,,483,USR-214,2025-05-15 01:40:43
ACC-01786,Maruthi Nagar Constructions Pvt Ltd,Corporate (Staff & Executive Cars),Construction & Real Estate,,Bengaluru,Karnataka,maruthinagarconstructi.co.in,29WAHCM9914D1ZM,120365185,,,20,USR-204,2024-05-29 09:40:42
ACC-01787,Heritage Builders Pvt Ltd,Corporate (Staff & Executive Cars),Construction & Real Estate,,bengaluru,Karnataka,heritagebuilders.com,29SJMCH1517J1ZB,121144935,,Named,27,USR-209,2024-12-24 20:48:15
ACC-01788,District Collectorate - Udupi,Government / PSU,Government,,Bengaluru,Karnataka,,29MGVGD2242M1Z5,,,,9,USR-207,2023-04-14 20:05:40
ACC-01789,Royal Pharmaceuticals Pvt Ltd,Corporate (Staff & Executive Cars),,,Bengaluru,Karnataka,royalpharmaceuticals.in,29WKKCR1610C1ZI,785226242,,,21,USR-202,2025-10-13 14:55:14
ACC-01790,Kodagu Credit Services Ltd,Corporate (Staff & Executive Cars),Banking & Financial Services,,Bengaluru,Karnataka,kodagucreditserviceslt.co.in,29QJXCK7710N1ZK,531950878,,,19,USR-208,2024-12-27 09:04:57
ACC-01791,Ujwal Public School Pvt Ltd,Hospitals & Education,Education,,Mangaluru,Karnataka,ujwalpublicschool.in,29GYYCU6821Z1ZZ,626924395,,,5,USR-215,2022-04-20 12:07:18
ACC-01792,Prime Builders LLP,Corporate (Staff & Executive Cars),Construction & Real Estate,,Hubballi,Karnataka,primebuilders.in,29LYAFP5459U1ZJ,,,,6,USR-204,2023-03-08 02:55:47
ACC-01793,Horizon Developers Pvt Ltd,Corporate (Staff & Executive Cars),Construction & Real Estate,,Mysuru,Karnataka,horizondevelopers.co.in,29VXGCH8992V1Z5,,,,22,USR-204,2018-12-27 09:39:44
ACC-01794,Pinnacle Travels Pvt Ltd,Cab Fleet Operator,Transportation,,Bengaluru,Karnataka,pinnacletravels.com,29LZVCP5716K1ZU,,,,8,USR-216,2019-11-14 00:15:25
ACC-01795,Nakshatra Employee Transport Solutions Pvt Ltd,Employee Transport Services,Transportation Services,,Bengaluru,Karnataka,nakshatraemployeetrans.co.in,29ALRCN5268S1ZG,,,,181,USR-211,2021-06-17 14:15:19
ACC-01796,City Municipal Office - Kodagu,Government / PSU,Government,,Hubballi,Karnataka,,,,,,53,USR-208,2025-12-08 14:44:07
ACC-01797,Trishul Travels,Cab Fleet Operator,Transportation Services,,Bengaluru,Karnataka,trishultravels.co.in,29DZOPT6534I1ZG,,,,45,USR-211,2026-04-17 08:41:45
ACC-01798,Brindavan Life Sciences LLP,Corporate (Staff & Executive Cars),Pharmaceuticals,,Bengaluru,Karnataka,brindavanlifesciences.in,29KOGFB1680C1ZM,467177559,,Named,13,USR-209,2025-01-27 21:23:12
ACC-01799,Aadhya Software Solutions Pvt Ltd,Corporate (Staff & Executive Cars),Information Technology,,Bengaluru,Karnataka,aadhyasoftwaresolution.com,29CMNCA5699N1ZS,,,,44,USR-212,2023-06-30 20:09:23
ACC-01800,Vishwa Developers Pvt Ltd,Corporate (Staff & Executive Cars),Construction & Real Estate,,Bengaluru,Karnataka,vishwadevelopers.com,29DJHCV8621X1ZE,244837512,,,7,USR-208,2026-04-21 11:24:18
ACC-01801,Sri Lakshmi College,Hospitals & Education,Education,,Bengaluru,Karnataka,srilakshmicollege.in,29WWFTS5677R1ZD,,,,7,USR-210,2021-08-23 04:11:50
ACC-01802,Akshaya Traders Pvt Ltd,Corporate (Staff & Executive Cars),Retail,,Mangaluru,Karnataka,akshayatraders.in,29TZJCA9180F1ZE,,,,17,USR-204,2026-08-17 17:32:15
ACC-01803,Zenith Employee Transport Solutions LLP,Employee Transport Services,Transportation Services,,Bengaluru,Karnataka,zenithemployeetranspor.in,29UOYFZ8854Y1ZJ,,,,67,USR-208,2025-10-29 20:13:26
ACC-01804,Garuda Hospital,Hospitals & Education,Healthcare,,Bengaluru,Karnataka,garudahospital.com,29AQATG6397M1ZZ,,,Named,9,USR-204,2021-06-03 10:48:02
ACC-01805,Sharavathi Pharmaceuticals Pvt Ltd,Corporate (Staff & Executive Cars),Pharmaceuticals,,Shivamogga,Karnataka,sharavathipharmaceutic.co.in,29VENCS7939A1Z4,,,,10,USR-204,2018-12-02 23:47:07
ACC-01806,Vinayaka Car Rentals Pvt Ltd,Car Rental & Self-Drive,Automotive Rental,,Bengaluru,Karnataka,vinayakacarrentals.in,29UYDCV6454A1ZF,,,,28,USR-214,2019-12-06 00:21:17
ACC-01807,Yashas Supermarts Pvt Ltd,Corporate (Staff & Executive Cars),Retail,,Mangaluru,Karnataka,yashassupermarts.com,29UFUCY3207S1ZC,945982523,,,8,USR-209,2019-08-06 22:23:54
ACC-01808,Surya Infra Projects Pvt Ltd,Corporate (Staff & Executive Cars),Construction & Real Estate,,Bengaluru,Karnataka,suryainfraprojects.co.in,29MOBCS2028Z1ZB,665716441,,,9,USR-202,2020-02-14 15:10:06
ACC-01809,Pragati Staff Transport Services Pvt Ltd,Employee Transport Services,Transportation Services,,Mangaluru,Karnataka,pragatistafftransports.com,29ZKCCP2558E1Z4,798082390,,,93,USR-201,2022-09-24 03:34:10
ACC-01810,Pinnacle Employee Transport Solutions Pvt Ltd,Employee Transport Services,Transportation Services,,Mysuru,Karnataka,pinnacleemployeetransp.in,29ZQSCP6688Y1ZS,,,,407,USR-216,2024-02-22 11:46:01
ACC-01811,Mahalakshmi Infra Projects Pvt Ltd,Corporate (Staff & Executive Cars),Construction & Real Estate,,Mangaluru,Karnataka,mahalakshmiinfraprojec.com,29GLMCM9497A1Z2,767775103,,,32,USR-209,2022-08-21 13:01:06
ACC-01812,Suvarna Rent-a-Car,Car Rental & Self-Drive,Automotive Rental,,Bengaluru,Karnataka,suvarnarentacar.com,29DWDPS4291X1Z2,,,,128,USR-206,2019-10-20 20:59:48
ACC-01813,Annapoorna Holidays Pvt Ltd,Hotels & Travel,Hospitality,,Mangaluru,Karnataka,annapoornaholidays.in,29LCKCA3343P1ZQ,325411107,,,2,USR-203,2022-02-06 23:30:20
ACC-01814,Deccan Pharmaceuticals Ltd,Corporate (Staff & Executive Cars),Pharmaceuticals,,Hubballi,Karnataka,deccanpharmaceuticalsl.co.in,29QUQCD3393Q1ZZ,366297856,,,17,USR-204,2019-02-09 15:50:35
ACC-01815,Vishwa Education Trust Pvt Ltd,Hospitals & Education,Educational Institution,,Mysuru,Karnataka,vishwaeducationtrust.com,,,,,5,USR-211,2024-11-28 16:22:50
ACC-01816,Kodagu Pharmaceuticals Pvt Ltd,Corporate (Staff & Executive Cars),Pharmaceuticals,,Bengaluru,Karnataka,kodagupharmaceuticals.in,29MECCK6851F1ZT,,,,9,USR-201,2019-07-26 08:06:02
ACC-01817,Bluechip Self Drive Cars,Car Rental & Self-Drive,Automotive Rental,,Bengaluru,Karnataka,bluechipselfdrivecars.in,29YHVPB7035C1ZM,,,,24,USR-208,2026-01-02 02:46:06
ACC-01818,Amrutha Constructions Pvt Ltd,Corporate (Staff & Executive Cars),Construction & Real Estate,,Bengaluru,Karnataka,amruthaconstructions.com,29YIACA6732K1ZD,307545152,,,34,USR-213,2019-09-26 16:02:34
ACC-01819,Sri Lakshmi Credit Services Pvt Ltd,Corporate (Staff & Executive Cars),Banking & Financial Services,,Bengaluru,Karnataka,srilakshmicreditservic.com,29GHMCS6106Z1ZI,814933287,,,11,USR-214,2026-07-07 04:40:20
ACC-01820,Omkar Tours & Travels,Cab Fleet Operator,Transportation Services,,Bengaluru,Karnataka,omkartourstravels.in,29IWWPO6613Y1ZM,,,,64,USR-207,2018-11-06 22:58:39
ACC-01821,Prime Mobility Services Ltd,Employee Transport Services,Transportation Services,,Belagavi,Karnataka,primemobilityservicesl.com,29HQICP7213G1Z6,,,Named,118,USR-209,2020-02-06 02:49:25
ACC-01822,Kadamba Travels,Cab Fleet Operator,Transportation Services,,Udupi,Karnataka,kadambatravels.in,29YSJPK3023Y1Z5,434512002,,Named,11,USR-211,2024-10-16 18:18:32
ACC-01823,District Health Office - Dharwad,Government / PSU,Government,,Tumakuru,Karnataka,,29PEOGD9208T1ZN,,,Named,40,USR-208,2022-11-03 21:48:52
ACC-01824,Lotus Industries Pvt Ltd,Corporate (Staff & Executive Cars),Mfg,,Mysuru,Karnataka,lotusindustries.in,29XIDCL2996C1Z7,470251919,,,43,USR-211,2020-05-29 07:12:23
ACC-01825,Evergreen Corporate Mobility Pvt Ltd,Employee Transport Services,Transportation Services,,Mangalore,Karnataka,evergreencorporatemobi.co.in,29WFSCE8428C1ZC,,,,111,USR-211,2025-08-26 21:44:17
ACC-01826,Sai Krupa Car Rentals Pvt Ltd,Car Rental & Self-Drive,Automotive Rental,,Bengaluru,Karnataka,saikrupacarrentals.in,,,,,32,USR-205,2022-01-01 13:57:36
ACC-01827,Sharavathi Public School,Hospitals & Education,,,Bengaluru,Karnataka,sharavathipublicschool.com,29DPDTS5991L1ZN,,,,28,USR-204,2025-12-28 15:04:59
ACC-01828,Brindavan Taxi Services,Cab Fleet Operator,Transportation Services,,Mangaluru,Karnataka,brindavantaxiservices.com,29ODRPB9199V1ZK,,,,18,USR-205,2022-01-26 19:42:33
ACC-01829,Aadhya Mobility Services Ltd,Employee Transport Services,Transportation Services,,Mysuru,Karnataka,aadhyamobilityservices.com,29UAXCA9715T1ZO,497593854,,,131,USR-216,2021-03-01 07:10:23
ACC-01830,Vishwa Taxi Services Pvt Ltd,Cab Fleet Operator,Transportation Services,,Mangaluru,Karnataka,vishwataxiservices.co.in,29CBFCV9818C1ZW,,,,20,USR-202,2022-08-21 15:06:27
ACC-01831,Elite Car Rentals,Car Rental & Self-Drive,Rental,,Bengaluru,Karnataka,elitecarrentals.in,29WSOPE1995R1Z1,,,,47,USR-202,2024-05-24 23:54:30
ACC-01832,Sri Ganesh Travels,Cab Fleet Operator,Transportation Services,,Bengaluru,Karnataka,sriganeshtravels.com,29OBCPS9678Y1ZG,,,,30,USR-211,2019-07-18 11:07:39
ACC-01833,Aadhya Car Subscription Services Pvt Ltd,Leasing & Subscription,Banking & Financial Services,,Bengaluru,Karnataka,aadhyacarsubscriptions.co.in,29QQACA8164T1ZH,,,,373,USR-205,2022-08-02 02:57:29
ACC-01834,Akshaya Multispeciality Hospital,Hospitals & Education,Healthcare,,Bengaluru,Karnataka,akshayamultispeciality.com,29IROTA0590O1ZU,783065400,,,6,USR-214,2026-03-15 00:31:46
ACC-01835,Sanjeevini Mobility Services Pvt Ltd,Employee Transport Services,Transportation Services,,Belagavi,Karnataka,sanjeevinimobilityserv.co.in,29WSGCS9209W1ZH,883209675,,,63,USR-202,2024-07-08 07:38:53
ACC-01836,Sapphire College,Hospitals & Education,Education,,Mysuru,Karnataka,sapphirecollege.com,29TNATS8784H1ZI,,,,4,USR-214,2025-05-29 04:30:37
ACC-01837,Surya Corporate Mobility Pvt Ltd,Employee Transport Services,Transportation Services,,Bengaluru,Karnataka,suryacorporatemobility.in,29PHVCS2769Z1ZN,,,,195,USR-209,2026-07-21 17:43:26
ACC-01838,Vega Self Drive Cars,Car Rental & Self-Drive,Automotive Rental,,Bengaluru,Karnataka,vegaselfdrivecars.co.in,29KNVPV6359Y1ZL,,,,76,USR-202,2021-05-15 06:57:56
ACC-01839,Sri Lakshmi Cab Services,Cab Fleet Operator,Transportation,,Bengaluru,Karnataka,srilakshmicabservices.co.in,29THEPS4373S1ZR,,,,18,USR-207,2024-11-30 14:04:30
ACC-01840,Trishul Leasing Ltd,Leasing & Subscription,Banking & Financial Services,,Belgaum,Karnataka,trishulleasingltd.co.in,29QGTCT7484S1ZX,883359286,,Named,493,USR-202,2025-04-16 18:23:19
ACC-01841,Sri Lakshmi Car Hire,Car Rental & Self-Drive,Automotive Rental,,Belagavi,Karnataka,srilakshmicarhire.co.in,29TFPPS3060V1ZO,,,,26,USR-202,2021-01-31 08:58:58
ACC-01842,Tulasi Car Rentals Pvt Ltd,Car Rental & Self-Drive,Automotive Rental,,Bengaluru,Karnataka,tulasicarrentals.co.in,29KXWCT2768Q1ZC,,,,23,USR-201,2022-02-05 20:56:36
ACC-01843,Vishwa Institute of Technology Pvt Ltd,Hospitals & Education,Education,,Bengaluru,Karnataka,vishwainstituteoftechn.com,29ZDGCV8596B1ZX,,,Key,8,USR-197,2020-03-27 08:42:53
ACC-01844,Hoysala Digital Systems Pvt Ltd,Corporate (Staff & Executive Cars),Information Technology,,Mangaluru,Karnataka,hoysaladigitalsystems.in,29UZACH7989D1Z6,971600887,,,14,USR-208,2025-11-20 11:17:46
ACC-01845,Horizon Supermarts Pvt Ltd,Corporate (Staff & Executive Cars),Retail,,Bengaluru,Karnataka,horizonsupermarts.co.in,29XTQCH2317V1ZU,623787787,,Named,4,USR-216,2025-10-16 19:24:32
ACC-01846,Royal Auto Leasing Pvt Ltd,Leasing & Subscription,Banking & Financial Services,,Udupi,Karnataka,royalautoleasing.co.in,29ZTACR4302V1Z1,708534962,,,132,USR-211,2023-11-26 09:57:21
ACC-01847,Urbanline Commute Solutions Pvt Ltd,Employee Transport Services,Transportation Services,,Hubballi,Karnataka,urbanlinecommutesoluti.in,29VVTCU8357L1ZC,,,,243,USR-202,2025-08-02 06:43:25
ACC-01848,Vijaya Cab Services Pvt Ltd,Cab Fleet Operator,Transport,,Mysuru,Karnataka,vijayacabservices.co.in,29TSSCV7674P1ZA,,,,59,USR-216,2025-10-12 16:01:14
ACC-01849,Karavali Fleet Leasing Pvt Ltd,Leasing & Subscription,Banking & Financial Services,,Hubli,Karnataka,karavalifleetleasing.in,29HMZCK5222G1Z5,999903572,,,277,USR-204,2019-09-14 09:43:08
ACC-01850,Royal Fleet Services,Cab Fleet Operator,Travels,,Mysuru,Karnataka,royalfleetservices.com,29ANSPR7699D1ZW,,,,40,USR-206,2019-05-11 21:30:50
ACC-01851,Chamundi Hotels & Resorts Pvt Ltd,Hotels & Travel,Hospitality,,Mysuru,Karnataka,chamundihotelsresorts.com,29VBFCC4290W1ZZ,,,,5,USR-206,2025-10-25 04:39:38
ACC-01852,Pragati Corporate Mobility Pvt Ltd,Employee Transport Services,Transportation Services,,Mangaluru,Karnataka,pragaticorporatemobili.com,29HAFCP8266H1ZP,153582024,,,55,USR-207,2019-11-01 02:32:48
ACC-01853,Airavata Life Sciences Pvt Ltd,Corporate (Staff & Executive Cars),Pharmaceuticals,,Bengaluru,Karnataka,airavatalifesciences.in,29QRECA7225A1ZM,,,,9,USR-211,2025-12-10 02:59:12
ACC-01854,Surya Credit Services Pvt Ltd,Corporate (Staff & Executive Cars),Banking & Financial Services,,Davanagere,Karnataka,suryacreditservices.com,29SNQCS2338B1Z0,,,,7,USR-204,2020-08-03 06:41:55
ACC-01855,Greenline Finance Pvt Ltd,Corporate (Staff & Executive Cars),Banking,,Bengaluru,Karnataka,greenlinefinance.com,29PSDCG7849A1Z2,247879452,,Key,16,USR-200,2021-06-28 21:25:11
ACC-01856,Trishul Car Hire Pvt Ltd,Car Rental & Self-Drive,Automotive Rental,,bengaluru,Karnataka,trishulcarhire.co.in,29COZCT2337Q1ZA,,,,21,USR-212,2021-02-09 00:40:16
ACC-01857,Garden City Rent-a-Car,Car Rental & Self-Drive,Automotive Rental,,Hubballi,Karnataka,gardencityrentacar.com,29EGHPG2290Z1Z7,,,,56,USR-214,2018-12-11 15:00:09
ACC-01858,Forest Division Office - Mandya,Government / PSU,Government,,Mangaluru,Karnataka,,29NRSGF4137O1Z8,,,Named,14,USR-206,2024-06-25 17:22:42
ACC-01859,Rapid Supermarts Pvt Ltd,Corporate (Staff & Executive Cars),Retail,,Bengaluru,Karnataka,rapidsupermarts.in,29MTVCR2802P1Z4,,,,32,USR-208,2025-08-09 06:37:31
ACC-01860,Swift Industries Pvt Ltd,Corporate (Staff & Executive Cars),Manufacturing,,Bengaluru,Karnataka,swiftindustries.com,29WOYCS2534E1ZI,,,,29,USR-211,2021-04-26 00:45:14
ACC-01861,Galaxy Staff Transport Services Pvt Ltd,Employee Transport Services,Transportation Services,,Davanagere,Karnataka,galaxystafftransportse.in,29EKICG0845K1ZL,,,,281,USR-202,2025-11-05 17:51:48
ACC-01862,Bharath Pharmaceuticals LLP,Corporate (Staff & Executive Cars),Pharmaceuticals,,Bengaluru,Karnataka,bharathpharmaceuticals.com,29LKRFB6672P1ZH,389168076,,,19,USR-212,2023-05-15 13:30:35
ACC-01863,Shubham Healthcare Products Pvt Ltd,Corporate (Staff & Executive Cars),Pharmaceuticals,,Shivamogga,Karnataka,shubhamhealthcareprodu.com,29GQGCS0876T1Z8,975207787,,,4,USR-204,2021-03-31 00:37:41
ACC-01864,Swift Cab Services LLP,Cab Fleet Operator,Transportation Services,,Bangalore,Karnataka,swiftcabservices.in,29EXIFS7640U1ZM,,,,30,USR-208,2023-09-09 14:47:41
ACC-01865,Shubham Fleet Services Pvt Ltd,Cab Fleet Operator,Transportation Services,,Bengaluru,Karnataka,shubhamfleetservices.in,29GOFCS3583S1ZD,,,,36,USR-206,2026-03-15 03:18:38
ACC-01866,District Collectorate - Kalaburagi,Government / PSU,Government,,Mangaluru,Karnataka,,29RGZGD4983L1ZE,,,Named,17,USR-202,2021-12-10 20:20:11
ACC-01867,Chamundi Employee Transport Solutions Pvt Ltd,Employee Transport Services,Transportation Services,,Bengaluru,Karnataka,chamundiemployeetransp.in,29EFZCC5475A1ZS,256609028,,,87,USR-211,2021-11-10 08:43:04
ACC-01868,Yashas Retail Pvt Ltd,Corporate (Staff & Executive Cars),Retail,,Bengaluru,Karnataka,yashasretail.co.in,29GOZCY4646T1ZN,,,,30,USR-206,2019-04-19 08:35:55
ACC-01869,Vasudha Cabs,Cab Fleet Operator,Transportation Services,,Bangalore,Karnataka,vasudhacabs.in,29XKMPV2431W1ZA,,,,17,USR-211,2025-02-03 07:38:11
ACC-01870,Royal Retail Pvt Ltd,Corporate (Staff & Executive Cars),Retail,,Mysuru,Karnataka,royalretail.com,29DLHCR9628U1ZB,416926495,,Named,3,USR-205,2021-05-12 18:02:41
ACC-01871,Nandi Employee Transport Solutions Pvt Ltd,Employee Transport Services,Transportation Services,,Bengaluru,Karnataka,nandiemployeetransport.com,29ZRXCN3658D1Z6,,,,126,USR-211,2026-04-19 07:46:20
ACC-01872,Sapphire Traders Pvt Ltd,Corporate (Staff & Executive Cars),Retail,,Mangaluru,Karnataka,sapphiretraders.co.in,29SOPCS3506P1ZA,520162453,,,23,USR-216,2026-03-10 07:23:46
ACC-01873,Vega Corporate Mobility LLP,Employee Transport Services,Travels,,Belagavi,Karnataka,vegacorporatemobility.in,29YHAFV6554J1ZN,,,,71,USR-202,2026-05-03 05:54:50
ACC-01874,Suvarna Car Subscription Services Ltd,Leasing & Subscription,Banking & Financial Services,,Mangaluru,Karnataka,suvarnacarsubscription.in,29IMDCS6151E1ZG,,,,131,USR-202,2025-12-14 22:17:59
ACC-01875,Heritage Rent-a-Car Pvt Ltd,Car Rental & Self-Drive,Automotive Rental,,Mangaluru,Karnataka,heritagerentacar.co.in,29BGICH4354P1ZI,,,,29,USR-206,2023-05-03 01:16:32
ACC-01876,Vishwa Tours & Travels LLP,Cab Fleet Operator,Transportation Services,,Bengaluru,Karnataka,vishwatourstravels.in,29DWEFV4817U1ZT,,,,12,USR-214,2023-03-06 11:37:00
ACC-01877,Surya Cabs Pvt Ltd,Cab Fleet Operator,Transportation Services,,Hubballi,Karnataka,suryacabs.in,29XKBCS8377X1ZO,,,,16,USR-211,2021-01-19 11:34:46
ACC-01878,Crescent Cab Services Pvt Ltd,Cab Fleet Operator,Transportation Services,,Hubballi,Karnataka,crescentcabservices.com,29CKKCC8403N1ZH,,,,59,USR-216,2026-02-17 21:05:21
ACC-01879,Hoysala Supermarts Pvt Ltd,Corporate (Staff & Executive Cars),Retail,,Bengaluru,Karnataka,hoysalasupermarts.com,29IKICH5767T1ZJ,,,,6,USR-210,2022-01-05 10:55:37
ACC-01880,Kodagu Education Trust Pvt Ltd,Hospitals & Education,Edu,,Davanagere,Karnataka,kodagueducationtrust.com,29JCNCK3115B1ZE,,,,11,USR-214,2026-01-15 12:46:02
ACC-01881,Netravati Software Solutions Pvt Ltd,Corporate (Staff & Executive Cars),Information Technology,,Mysuru,Karnataka,netravatisoftwaresolut.in,29XNFCN8734K1ZG,,,Key,8,USR-197,2023-08-19 13:11:39
ACC-01882,Sahyadri Builders Pvt Ltd,Corporate (Staff & Executive Cars),Construction & Real Estate,,Bengaluru,Karnataka,sahyadribuilders.in,29ISGCS5208U1Z8,739663855,,,14,USR-204,2026-02-03 12:03:06
ACC-01883,Greenline Builders Pvt Ltd,Corporate (Staff & Executive Cars),Construction & Real Estate,,BLR,Karnataka,greenlinebuilders.in,29DBYCG6047U1ZZ,188378572,,,6,USR-208,2026-07-16 05:34:50
ACC-01884,District Health Office - Yadgir,Government / PSU,Government,,Bengaluru,Karnataka,,29MRPGD0299Q1Z3,,,,40,USR-211,2024-12-04 18:03:20
ACC-01885,Hoysala Developers Pvt Ltd,Corporate (Staff & Executive Cars),Real Estate,,Bengaluru,Karnataka,hoysaladevelopers.co.in,29EZCCH8103S1ZH,,,Named,19,USR-201,2022-04-06 02:00:32
ACC-01886,Surya Traders Pvt Ltd,Corporate (Staff & Executive Cars),Retail,,Davanagere,Karnataka,suryatraders.co.in,29HFOCS3853L1Z3,,,,2,USR-207,2021-07-05 01:58:07
ACC-01887,Brindavan Self Drive Cars Pvt Ltd,Car Rental & Self-Drive,Automotive Rental,,Mangalore,Karnataka,brindavanselfdrivecars.com,29IKCCB5818L1ZJ,,,,34,USR-209,2025-09-27 16:06:34
ACC-01888,Akshaya Fleet Services,Cab Fleet Operator,Transportation Services,,Mangaluru,Karnataka,akshayafleetservices.in,29MYKPA4953K1ZP,,,,50,USR-208,2020-07-30 06:15:20
ACC-01889,Hoysala Commute Solutions Ltd,Employee Transport Services,Transportation Services,,Bengaluru,Karnataka,hoysalacommutesolution.co.in,29OTPCH4063R1Z5,,,,86,USR-206,2019-02-05 14:43:57
ACC-01890,Tunga Taxi Services,Cab Fleet Operator,Transportation Services,,Hubballi,Karnataka,tungataxiservices.in,29IUHPT1492O1Z,649547347,,Named,22,USR-208,2025-07-15 00:35:56
ACC-01891,Garden City Cabs,Cab Fleet Operator,Transportation Services,,Belagavi,Karnataka,gardencitycabs.in,29UDBPG3627Y1Z6,,,Named,63,USR-206,2025-06-13 11:44:36
ACC-01892,Aadhya Engineering Works Pvt Ltd,Corporate (Staff & Executive Cars),Manufacturing,,Mangaluru,Karnataka,aadhyaengineeringworks.co.in,29HYTCA6674S1ZQ,,,,36,USR-210,2022-02-12 15:41:09
ACC-01893,Omkar Commute Solutions Pvt Ltd,Employee Transport Services,Transportation Services,,Bengaluru,Karnataka,omkarcommutesolutions.com,29LSVCO2449D1ZO,301907088,,,114,USR-209,2023-02-03 16:36:51
ACC-01894,Swift Hospitality Services,Hotels & Travel,Hospitality,,Bengaluru,Karnataka,swifthospitalityservic.co.in,29ARGPS0979H1Z6,,,,9,USR-216,2019-05-04 19:53:41
ACC-01895,Mahalakshmi Fleet Services Pvt Ltd,Cab Fleet Operator,Transportation Services,,Bengaluru,Karnataka,mahalakshmifleetservic.co.in,29TTOCM3395T1ZJ,417041461,,,29,USR-208,2021-12-03 06:00:55
ACC-01896,Agriculture Department Office - Dakshina Kannada,Government / PSU,Government,,Belagavi,Karnataka,,29ITSGA4888H1ZB,,,,30,USR-211,2025-02-28 19:49:30
ACC-01897,Sharavathi Self Drive Cars Pvt Ltd,Car Rental & Self-Drive,Automotive Rental,,Bengaluru,Karnataka,sharavathiselfdrivecar.com,29BCFCS6654V1ZZ,631058381,,,9,USR-208,2022-04-09 15:51:32
ACC-01898,Vijaya College,Hospitals & Education,Education,,Bengaluru,Karnataka,vijayacollege.co.in,29VAPTV8642N1ZN,,,,13,USR-211,2025-10-23 05:11:31
ACC-01899,Deccan College Pvt Ltd,Hospitals & Education,Education,,Mangaluru,Karnataka,deccancollege.co.in,29QBACD2355T1ZK,334139779,,,12,USR-208,2025-05-22 00:53:07
ACC-01900,Galaxy Retail Ltd,Corporate (Staff & Executive Cars),Retail,,Hubballi,Karnataka,galaxyretailltd.in,29UXMCG6374F1ZA,947202978,,,18,USR-214,2025-08-06 19:45:51
ACC-01901,Akshaya Medical Trust Pvt Ltd,Hospitals & Education,Healthcare,,Tumakuru,Karnataka,akshayamedicaltrust.co.in,29NAZCA6191O1Z3,,,,21,USR-214,2026-07-09 03:14:32
ACC-01902,Namma Car Rentals Pvt Ltd,Car Rental & Self-Drive,Automotive Rental,,Bengaluru ,Karnataka,nammacarrentals.com,29WBLCN5173G1ZE,,,Named,95,USR-204,2026-03-15 12:57:31
ACC-01903,Public Works Division - Bengaluru Urban,Government / PSU,Govt,,Belagavi,Karnataka,,29EDTGP1791V1ZF,,,,103,USR-208,2025-11-25 01:31:17
ACC-01904,Chamundi Leasing Pvt Ltd,Leasing & Subscription,Banking & Financial Services,,Bengaluru,Karnataka,chamundileasing.com,29GUJCC4411R1ZU,,,Named,562,USR-213,2022-11-08 13:18:08
ACC-01905,Sai Krupa Car Hire Pvt Ltd,Car Rental & Self-Drive,Automotive Rental,,Bengaluru,Karnataka,saikrupacarhire.com,29YOCCS5197E1ZL,,,,49,USR-209,2021-05-16 11:01:54
ACC-01906,Hoysala Digital Systems LLP,Corporate (Staff & Executive Cars),Information Technology,,Bengaluru,Karnataka,hoysaladigitalsystems.com,29ZIJFH5755G1ZU,214256161,,,10,USR-210,2020-02-19 10:16:37
ACC-01907,Sharavathi Digital Systems Pvt Ltd,Corporate (Staff & Executive Cars),Information Technology,,Mysuru,Karnataka,sharavathidigitalsyste.co.in,29XPNCS3531H1ZL,,,Named,36,USR-202,2021-10-09 12:38:43
ACC-01908,Rural Development Office - Haveri,Government / PSU,Government,,Hubballi,Karnataka,,29IARGR8922L1ZY,,,,15,USR-216,2024-06-04 20:59:36
ACC-01909,Hampi Corporate Mobility Pvt Ltd,Employee Transport Services,Transportation,,Mysuru,Karnataka,hampicorporatemobility.co.in,,,,,187,USR-209,2023-09-01 14:57:00
ACC-01910,Emerald Life Sciences LLP,Corporate (Staff & Executive Cars),Pharmaceuticals,,Bengaluru,Karnataka,emeraldlifesciences.in,29BGMFE2765L1ZG,,,,26,USR-202,2026-09-03 04:32:16
ACC-01911,Omkar Cab Services,Cab Fleet Operator,Transportation Services,,Bengaluru,Karnataka,omkarcabservices.com,29IMYPO7596B1ZV,,,,36,USR-202,2020-03-20 17:50:02
ACC-01912,Galaxy Car Rentals Pvt Ltd,Car Rental & Self-Drive,Automotive Rental,,Bengaluru,Karnataka,galaxycarrentals.co.in,29NCQCG6108J1ZN,713919885,,,35,USR-203,2019-12-15 21:50:58
ACC-01913,Aadhya Cab Services,Cab Fleet Operator,Transportation Services,,Davanagere,Karnataka,aadhyacabservices.com,29BWUPA5153Z1Z6,744986914,,,26,USR-214,2020-02-05 23:18:52
ACC-01914,Heritage Software Solutions LLP,Corporate (Staff & Executive Cars),Information Technology,,Bengaluru,Karnataka,heritagesoftwaresoluti.in,29GGAFH0551L1ZW,,,Named,4,USR-211,2020-01-31 19:17:35
ACC-01915,Sri Ganesh Infotech Pvt Ltd,Corporate (Staff & Executive Cars),Information Technology,,Bengaluru,Karnataka,sriganeshinfotech.com,29YIRCS2726G1ZT,902704395,,,10,USR-202,2024-10-23 13:26:11
ACC-01916,Tunga Pharmaceuticals Pvt Ltd,Corporate (Staff & Executive Cars),Pharmaceuticals,,Bangalore,Karnataka,tungapharmaceuticals.in,29UFICT8378L1ZH,768780078,,,10,USR-206,2026-03-26 20:36:23
ACC-01917,Yashas Fleet Services LLP,Cab Fleet Operator,Transportation Services,,Belagavi,Karnataka,yashasfleetservices.co.in,29HTNFY5860F1Z9,,,,22,USR-211,2025-07-26 15:39:08
ACC-01918,Surya Cab Services,Cab Fleet Operator,Transportation Services,,Bengaluru,Karnataka,suryacabservices.in,29CWMPS9719U1ZT,,,,44,USR-204,2022-09-19 18:14:11
ACC-01919,Crescent Engineering Works Pvt Ltd,Corporate (Staff & Executive Cars),Manufacturing,,Bengaluru,Karnataka,crescentengineeringwor.com,29ZFBCC4019G1ZX,570604175,,,7,USR-209,2019-04-01 17:28:41
ACC-01920,Urbanline Corporate Mobility Pvt Ltd,Employee Transport Services,Transportation Services,,Bengaluru,Karnataka,urbanlinecorporatemobi.co.in,29MMACU8445A1ZC,892140101,,Named,67,USR-214,2019-01-02 09:03:04
ACC-01921,Bluechip Corporate Mobility Pvt Ltd,Employee Transport Services,Transportation Services,,Bengaluru,Karnataka,bluechipcorporatemobil.com,29ZMWCB3069J1ZJ,,,,736,USR-211,2023-08-10 08:20:37
ACC-01922,Anugraha Digital Systems Pvt Ltd,Corporate (Staff & Executive Cars),Information Technology,,Bengaluru,Karnataka,anugrahadigitalsystems.com,29YSUCA2422U1Z2,,,Named,7,USR-216,2026-07-18 14:55:10
ACC-01923,Maruthi Nagar Capital Pvt Ltd,Corporate (Staff & Executive Cars),Banking & Financial Services,,Mysore,Karnataka,maruthinagarcapital.in,29HZZCM6709Q1ZI,,,,7,USR-204,2022-09-06 11:44:08
ACC-01924,Metro Self Drive Cars Pvt Ltd,Car Rental & Self-Drive,Automotive Rental,,Bengaluru,Karnataka,metroselfdrivecars.in,29TBMCM1771M1Z8,986756122,,,52,USR-209,2019-05-19 03:51:59
ACC-01925,Rural Development Office - Udupi,Government / PSU,Government,,Bengaluru,Karnataka,,29BAQGR2524J1ZO,,,Key,70,USR-198,2023-03-26 15:56:41
ACC-01926,Vinayaka Tours & Travels Pvt Ltd,Cab Fleet Operator,Transportation Services,,Bengaluru,Karnataka,vinayakatourstravels.com,29HVUCV2064Y1ZE,,,,12,USR-208,2025-03-11 23:26:39
ACC-01927,Sanjeevini Capital Pvt Ltd,Corporate (Staff & Executive Cars),Banking & Financial Services,,Bengaluru,Karnataka,sanjeevinicapital.in,29KRRCS9435T1ZM,,,,37,USR-214,2025-05-07 03:56:25
ACC-01928,Maruthi Nagar College,Hospitals & Education,Education,,Bengaluru,Karnataka,maruthinagarcollege.com,29CEMTM2768J1ZJ,560233698,,Named,12,USR-205,2025-04-12 02:09:52
ACC-01929,Sapphire Travels Pvt Ltd,Cab Fleet Operator,Transportation Services,,BLR,Karnataka,sapphiretravels.co.in,29TMSCS9469P1ZK,,,,77,USR-204,2021-09-10 02:05:06
ACC-01930,Bharath Corporate Mobility LLP,Employee Transport Services,Transportation Services,,Bengaluru,Karnataka,bharathcorporatemobili.co.in,29ETAFB7043P1ZW,743326496,,,91,USR-201,2021-09-19 19:10:14
ACC-01931,Sharada Car Hire,Car Rental & Self-Drive,Automotive Rental,,Bengaluru,Karnataka,sharadacarhire.co.in,29RVAPS6663O1Z7,,,,57,USR-201,2020-10-19 22:21:30
ACC-01932,Tunga Taxi Services LLP,Cab Fleet Operator,Transportation Services,,Mysuru,Karnataka,tungataxiservices.co.in,29RSEFT3087E1ZI,,,Named,61,USR-202,2020-03-19 00:51:13
ACC-01933,Bluechip Car Hire LLP,Car Rental & Self-Drive,Automotive Rental,,Hubballi,Karnataka,bluechipcarhire.com,29KOOFB8438D1Z2,,,,35,USR-214,2025-02-18 15:27:44
ACC-01934,Surya Finance Pvt Ltd,Corporate (Staff & Executive Cars),Banking & Financial Services,,Bengaluru,Karnataka,suryafinance.com,29MUSCS2091V1ZJ,248389292,,,24,USR-209,2022-02-18 01:50:08
ACC-01935,Vijaya Engineering Works LLP,Corporate (Staff & Executive Cars),Manufacturing,,Bengaluru,Karnataka,vijayaengineeringworks.in,29RMHFV5345E1ZS,964012261,,,21,USR-211,2025-04-27 17:38:53
ACC-01936,Hampi Polymers Pvt Ltd,Corporate (Staff & Executive Cars),Manufacturing,,Mysuru,Karnataka,hampipolymers.co.in,29KUYCH0978H1ZB,,,,10,USR-204,2022-05-30 07:59:54
ACC-01937,Emerald Precision Components Pvt Ltd,Corporate (Staff & Executive Cars),Manufacturing,,Bengaluru,Karnataka,emeraldprecisioncompon.in,29ARYCE9783D1ZP,,,,20,USR-204,2021-02-03 16:24:03
ACC-01938,Kaveri Polymers Pvt Ltd,Corporate (Staff & Executive Cars),Manufacturing,,Bengaluru,Karnataka,kaveripolymers.co.in,29IOGCK7888G1ZR,547079513,,,40,USR-214,2022-05-25 05:16:22
ACC-01939,Samruddhi Taxi Services Pvt Ltd,Cab Fleet Operator,Transportation Services,,Bengaluru,Karnataka,samruddhitaxiservices.in,29EDSCS6403O1Z8,,,Named,25,USR-206,2021-12-15 17:35:21
ACC-01940,Kadamba Resorts,Hotels & Travel,Hospitality,,Bengaluru,Karnataka,kadambaresorts.com,29CBJPK8161E1ZE,103686732,,Key,17,USR-198,2026-03-01 09:08:28
ACC-01941,Garuda Life Sciences Pvt Ltd,Corporate (Staff & Executive Cars),Pharmaceuticals,,Bengaluru,Karnataka,garudalifesciences.in,29JPVCG5170G1ZY,409561493,,,22,USR-208,2020-12-04 19:28:04
ACC-01942,Vishwa Hotels & Resorts Pvt Ltd,Hotels & Travel,Hospitality,,Bengaluru,Karnataka,vishwahotelsresorts.com,29NCTCV6597G1ZR,,,,14,USR-203,2019-09-28 10:39:40
ACC-01943,Hoysala Cab Services,Cab Fleet Operator,Transportation Services,,Bengaluru,Karnataka,hoysalacabservices.in,29LYBPH0839E1ZC,,,Named,35,USR-202,2019-03-01 15:35:33
ACC-01944,Orbit Digital Systems Ltd,Corporate (Staff & Executive Cars),Info Tech,,Bengaluru,Karnataka,orbitdigitalsystemsltd.in,,198297687,,,18,USR-202,2019-10-22 13:34:22
ACC-01945,Mahalakshmi Staff Transport Services Pvt Ltd,Employee Transport Services,Transportation Services,,Bengaluru,Karnataka,mahalakshmistafftransp.com,,186219792,,Key,48,USR-200,2022-03-03 12:15:40
ACC-01946,Prime Infra Projects Pvt Ltd,Corporate (Staff & Executive Cars),Construction & Real Estate,,Bengaluru,Karnataka,primeinfraprojects.com,29HNNCP6822T1ZB,,,,72,USR-206,2026-04-05 17:23:53
ACC-01947,Zilla Panchayat - Mandya,Government / PSU,Government,,Bangalore,Karnataka,,29IDXGZ4356Q1Z8,,,,59,USR-202,2026-02-02 06:21:50
ACC-01948,Trishul Taxi Services LLP,Cab Fleet Operator,Transportation Services,,Tumakuru,Karnataka,trishultaxiservices.com,29HXQFT2940M1ZX,,,,41,USR-204,2022-10-19 07:46:11
ACC-01949,Pragati Diagnostics Pvt Ltd,Hospitals & Education,Health Care,,Udupi,Karnataka,pragatidiagnostics.com,29WHZCP2339T1Z1,702891483,,,22,USR-215,2019-12-08 01:47:14
ACC-01950,Sanjeevini Cab Services LLP,Cab Fleet Operator,Transportation Services,,Bengaluru,Karnataka,sanjeevinicabservices.co.in,29YJFFS5797M1ZZ,,,,28,USR-209,2023-03-04 15:57:32
ACC-01951,Sahyadri Supermarts Pvt Ltd,Corporate (Staff & Executive Cars),Retail,,Bengaluru,Karnataka,sahyadrisupermarts.in,29SWTCS6270J1ZY,109068085,,Named,23,USR-216,2026-03-11 03:54:10
ACC-01952,Chamundi Mobility Services Pvt Ltd,Employee Transport Services,Transport,,Bengaluru,Karnataka,chamundimobilityservic.in,29EZTCC5458T1ZR,381001754,,,176,USR-209,2019-12-25 15:51:34
ACC-01953,Malnad Fleet Services LLP,Cab Fleet Operator,Transportation Services,,Bengaluru,Karnataka,malnadfleetservices.co.in,29SGOFM2029Q1ZQ,,,,93,USR-209,2020-07-02 18:59:30
ACC-01954,Maruthi Nagar Healthcare Products Pvt Ltd,Corporate (Staff & Executive Cars),Pharmaceuticals,,Belagavi,Karnataka,maruthinagarhealthcare.in,,,,,7,USR-208,2024-09-26 09:49:42
ACC-01955,Sunrise Cabs LLP,Cab Fleet Operator,Transportation Services,,Shivamogga,Karnataka,sunrisecabs.co.in,29IDNFS3557Q1ZQ,,,,47,USR-208,2026-04-30 03:58:18
ACC-01956,Galaxy Taxi Services Pvt Ltd,Cab Fleet Operator,Transportation Services,,Mangaluru,Karnataka,galaxytaxiservices.in,29RHZCG8022K1ZX,,,,12,USR-206,2022-03-21 13:15:18
ACC-01957,Ujwal Hospitality Services Pvt Ltd,Hotels & Travel,Hospitality,,Shivamogga,Karnataka,ujwalhospitalityservic.in,29PGPCU5096N1ZF,,,,56,USR-216,2025-03-01 06:44:49
ACC-01958,Karavali Self Drive Cars,Car Rental & Self-Drive,Rental,,Bengaluru,Karnataka,karavaliselfdrivecars.com,29NNKPK2098E1ZD,,,,57,USR-202,2021-03-13 01:36:27
ACC-01959,Chamundi Cabs Pvt Ltd,Cab Fleet Operator,,,Tumakuru,Karnataka,chamundicabs.co.in,29FBFCC3175Y1ZD,,,,24,USR-211,2025-01-09 05:56:32
ACC-01960,Surya Hotels & Resorts LLP,Hotels & Travel,Hospitality,,Davanagere,Karnataka,suryahotelsresorts.in,29HACFS7251N1ZF,,,,14,USR-216,2023-05-12 16:10:50
ACC-01961,Orbit Taxi Services,Cab Fleet Operator,Transportation Services,,Bengaluru,Karnataka,orbittaxiservices.in,29LQQPO6883Q1Z1,,,,5,USR-203,2020-01-16 04:55:38
ACC-01962,Sanjeevini Precision Components Pvt Ltd,Corporate (Staff & Executive Cars),Manufacturing,,Bengaluru,Karnataka,sanjeeviniprecisioncom.in,29TPDCS7806G1ZR,926731754,,,15,USR-215,2021-12-31 18:30:35
ACC-01963,Samruddhi Multispeciality Hospital Pvt Ltd,Hospitals & Education,Healthcare,,Bengaluru,Karnataka,samruddhimultispeciali.in,29ZKFCS7614H1ZT,583237239,,,23,USR-204,2019-12-19 00:45:40
ACC-01964,Bharath Tours & Travels Pvt Ltd,Cab Fleet Operator,Transportation Services,,Bengaluru,Karnataka,bharathtourstravels.co.in,29UYRCB8279J1ZR,,,Named,13,USR-216,2019-08-16 17:43:41
ACC-01965,Emerald Hotels & Resorts Pvt Ltd,Hotels & Travel,Hospitality,,Bengaluru,Karnataka,emeraldhotelsresorts.com,29FWXCE8049A1ZS,,,,10,USR-211,2025-04-30 21:52:33
ACC-01966,Yashas Mobility Services Ltd,Employee Transport Services,Transportation Services,,Mangaluru,Karnataka,yashasmobilityservices.com,29ZKGCY5734K1ZE,299892479,,,208,USR-208,2025-03-31 00:18:47
ACC-01967,Emerald Travels Pvt Ltd,Cab Fleet Operator,Transportation Services,,Bengaluru,Karnataka,emeraldtravels.co.in,29ITWCE2206X1Z6,644908665,,,23,USR-215,2018-11-21 18:43:21
ACC-01968,Anugraha Taxi Services,Cab Fleet Operator,Transportation Services,,Bengaluru,Karnataka,anugrahataxiservices.com,29FLKPA2182J1ZV,,,,33,USR-209,2024-11-28 14:28:47
ACC-01969,Vinayaka Cab Services,Cab Fleet Operator,Transportation Services,,Bengaluru,Karnataka,vinayakacabservices.co.in,29PWWPV3838B1ZE,,,,5,USR-206,2026-09-20 21:30:43
ACC-01970,Zenith Corporate Mobility LLP,Employee Transport Services,Transportation Services,,Mysuru,Karnataka,zenithcorporatemobilit.com,29KMXFZ2959W1Z8,,,,127,USR-209,2025-03-07 02:11:36
ACC-01971,Vasudha Software Solutions Ltd,Corporate (Staff & Executive Cars),,,Bengaluru,Karnataka,vasudhasoftwaresolutio.com,29TGNCV5602H1Z5,888423251,,,12,USR-202,2023-08-07 07:18:47
ACC-01972,Vasudha Rent-a-Car Pvt Ltd,Car Rental & Self-Drive,Automotive Rental,,Mangaluru,Karnataka,vasudharentacar.co.in,29SVVCV3267R1Z9,974739884,,,131,USR-203,2023-12-08 03:28:31
ACC-01973,Lotus Corporate Mobility Pvt Ltd,Employee Transport Services,Transportation Services,,Shivamogga,Karnataka,lotuscorporatemobility.com,29FRACL2544O1Z1,862537257,,Named,222,USR-214,2021-03-12 16:07:13
ACC-01974,Urbanline Retail Pvt Ltd,Corporate (Staff & Executive Cars),,,Hubballi,Karnataka,urbanlineretail.in,29XNDCU4419G1ZU,576187617,,,31,USR-204,2019-09-03 06:11:09
ACC-01975,Horizon Mobility Services Pvt Ltd,Employee Transport Services,Transportation Services,,Bengaluru,Karnataka,horizonmobilityservice.com,29KNLCH3984O1ZJ,271715820,,Named,196,USR-204,2026-06-24 21:11:38
ACC-01976,Amrutha Credit Services Pvt Ltd,Corporate (Staff & Executive Cars),Banking & Financial Services,,bengaluru,Karnataka,amruthacreditservices.com,,140068272,,,28,USR-216,2026-03-20 12:40:49
ACC-01977,Anugraha Staff Transport Services Pvt Ltd,Employee Transport Services,Travels,,Bengaluru,Karnataka,anugrahastafftransport.in,,837015774,,,151,USR-202,2023-04-13 18:10:12
ACC-01978,Shree Balaji Travels Pvt Ltd,Cab Fleet Operator,Transportation Services,,Davanagere,Karnataka,shreebalajitravels.com,29XKPCS6718T1ZT,,,,137,USR-210,2023-04-10 12:05:18
ACC-01979,Rural Development Office - Shivamogga,Government / PSU,Government,,Bengaluru,Karnataka,,29QOFGR6963H1ZD,,,,22,USR-210,2020-02-29 13:53:18
ACC-01980,Chandra Digital Systems LLP,Corporate (Staff & Executive Cars),Information Technology,,Mysuru,Karnataka,chandradigitalsystems.com,29EJUFC0638D1ZP,,,,21,USR-202,2024-07-29 18:23:49
ACC-01981,Garden City Commute Solutions LLP,Employee Transport Services,Transportation Services,,Bengaluru,Karnataka,gardencitycommutesolut.com,29ETUFG0584K1ZH,429550203,,,504,USR-209,2026-09-10 10:38:43
ACC-01982,Chaitanya Infra Projects Ltd,Corporate (Staff & Executive Cars),Construction & Real Estate,,Bengaluru,Karnataka,chaitanyainfraprojects.com,29ULLCC8636C1Z8,114567668,,,12,USR-208,2024-10-03 09:30:18
ACC-01983,Hampi Fleet Services Pvt Ltd,Cab Fleet Operator,Transportation Services,,BLR,Karnataka,hampifleetservices.in,29PCZCH5557R1ZK,,,,47,USR-207,2023-02-05 08:20:52
ACC-01984,Nakshatra Corporate Mobility Pvt Ltd,Employee Transport Services,Transportation Services,,Bengaluru,Karnataka,nakshatracorporatemobi.com,29QTBCN7237T1Z1,975286667,,,107,USR-205,2022-04-22 19:14:06
ACC-01985,Sai Krupa Mobility Services LLP,Employee Transport Services,Travels,,Bangalore,Karnataka,saikrupamobilityservic.in,29QYTFS5136Q1ZA,221371402,,,91,USR-201,2023-04-15 00:06:13
ACC-01986,Zilla Panchayat - Mysuru,Government / PSU,Government,,Mysuru,Karnataka,,29KHHGZ9032Q1ZF,,,,78,USR-209,2026-08-24 10:03:09
ACC-01987,Hampi Traders LLP,Corporate (Staff & Executive Cars),Retail,,Bengaluru,Karnataka,hampitraders.in,29ICCFH7166H1ZS,166763350,,,18,USR-202,2021-09-25 00:07:46
ACC-01988,Samruddhi Developers LLP,Corporate (Staff & Executive Cars),Construction & Real Estate,,Shivamogga,Karnataka,samruddhidevelopers.co.in,29AVIFS2926R1Z5,256898857,,,24,USR-208,2019-08-16 20:33:06
ACC-01989,Rural Development Office - Bengaluru Rural,Government / PSU,Government,,Bengaluru,Karnataka,,29ZABGR0923E1ZR,,,,17,USR-208,2026-03-05 00:09:45
ACC-01990,Bluechip Cab Services,Cab Fleet Operator,Transportation Services,,Bengaluru,Karnataka,bluechipcabservices.com,29POZPB7445T1Z7,,,,40,USR-209,2025-10-19 19:12:44
ACC-01991,Brindavan Fleet Services LLP,Cab Fleet Operator,Transportation Services,,Tumakuru,Karnataka,brindavanfleetservices.co.in,29OCYFB6139R1ZQ,,,,8,USR-209,2022-02-20 22:02:44
ACC-01992,Sri Ganesh Fleet Services,Cab Fleet Operator,Transportation Services,,Bengaluru,Karnataka,sriganeshfleetservices.in,29OVBPS9812M1ZG,,,Named,23,USR-213,2021-08-17 19:30:40
ACC-01993,Zenith Healthcare Products Ltd,Corporate (Staff & Executive Cars),Pharmaceuticals,,Bengaluru,Karnataka,zenithhealthcareproduc.co.in,29VNZCZ1949R1ZD,176361227,,Named,13,USR-216,2026-03-29 16:31:14
ACC-01994,Pinnacle Public School,Hospitals & Education,Education,,Belagavi,Karnataka,pinnaclepublicschool.in,29KLOTP0828K1Z0,494422793,,,2,USR-209,2025-10-23 03:43:27
ACC-01995,Sharavathi Finance Pvt Ltd,Corporate (Staff & Executive Cars),Banking & Financial Services,,Bengaluru,Karnataka,sharavathifinance.in,29LNOCS1635R1ZE,,,,13,USR-209,2020-01-17 23:45:09
ACC-01996,Nakshatra Employee Transport Solutions LLP,Employee Transport Services,Transportation Services,,Bengaluru,Karnataka,nakshatraemployeetrans.co.in,29VPCFN2508Z1ZX,,,,116,USR-209,2019-01-22 16:40:18
ACC-01997,Orbit Education Trust Pvt Ltd,Hospitals & Education,Education,,Hubballi,Karnataka,orbiteducationtrust.com,29QQDCO0095R1ZE,,,Named,3,USR-208,2024-05-16 15:16:05
ACC-01998,Vasudha Fleet Services Pvt Ltd,Cab Fleet Operator,Transportation Services,,Hubballi,Karnataka,vasudhafleetservices.com,29MSICV5142J1ZK,,,Named,20,USR-209,2019-10-06 04:49:36
ACC-01999,Emerald Developers Ltd,Corporate (Staff & Executive Cars),Construction & Real Estate,,Mysuru,Karnataka,emeralddevelopersltd.com,29RNSCE9653M1ZA,386607008,,Named,12,USR-203,2020-11-23 23:36:00
ACC-02000,Trishul Mobility Services Pvt Ltd,Employee Transport Services,Transportation Services,,Bengaluru,Karnataka,trishulmobilityservice.in,29WEBCT7563K1ZX,,,,162,USR-201,2019-10-17 03:24:19
ACC-02001,Trishul Infotech Pvt Ltd,Corporate (Staff & Executive Cars),Information Technology,,Mysuru,Karnataka,trishulinfotech.in,29GVCCT1415D1ZD,179635849,,,7,USR-204,2021-11-17 07:40:49
ACC-02002,Chaitanya Public School Pvt Ltd,Hospitals & Education,Education,,Bengaluru,Karnataka,chaitanyapublicschool.in,29JPWCC4756I1ZQ,,,,11,USR-204,2019-07-11 07:22:27
ACC-02003,Urbanline Fleet Services LLP,Cab Fleet Operator,Transportation Services,,Udupi,Karnataka,urbanlinefleetservices.in,29ZFUFU3820C1ZZ,,,,15,USR-209,2025-01-12 06:19:30
ACC-02004,Zilla Panchayat - Udupi,Government / PSU,Government,,Mysuru,Karnataka,,29UMQGZ0438G1ZE,,,,53,USR-202,2022-10-01 04:49:04
ACC-02005,Unity Commute Solutions LLP,Employee Transport Services,Transportation Services,,bengaluru,Karnataka,unitycommutesolutions.co.in,29SENFU0672E1Z7,,,,93,USR-206,2026-06-29 02:07:57
ACC-02006,Royal Car Hire,Car Rental & Self-Drive,Automotive Rental,,Bengaluru ,Karnataka,royalcarhire.com,29VWPPR7162G1Z8,,,Named,115,USR-202,2025-09-22 00:20:33
ACC-02007,Unity Taxi Services,Cab Fleet Operator,Transportation Services,,Bengaluru,Karnataka,unitytaxiservices.in,29KIZPU2403C1ZO,,,,29,USR-204,2026-09-01 10:36:37
ACC-02008,Heritage Traders Pvt Ltd,Corporate (Staff & Executive Cars),Retail,,Mysuru,Karnataka,heritagetraders.com,29WFPCH7751V1Z9,,,,9,USR-211,2019-07-31 00:41:08
ACC-02009,Brindavan Travels,Cab Fleet Operator,Transportation Services,,Bengaluru,Karnataka,brindavantravels.co.in,29PLVPB3774V1ZD,,,,10,USR-208,2021-04-29 14:58:49
ACC-02010,Sai Krupa Traders Pvt Ltd,Corporate (Staff & Executive Cars),Retail,,Mangaluru,Karnataka,saikrupatraders.com,29FOACS2110B1Z5,792716255,,,11,USR-214,2021-02-27 06:04:07
ACC-02011,Srinidhi Fleet Services Pvt Ltd,Cab Fleet Operator,Transportation Services,,Belagavi,Karnataka,srinidhifleetservices.com,29CEFCS9482H1ZF,576804706,,,18,USR-210,2020-01-25 03:01:46
ACC-02012,Krishna Car Rentals LLP,Car Rental & Self-Drive,Automotive Rental,,Bengaluru,Karnataka,krishnacarrentals.co.in,29LYCFK1435E1ZZ,149218849,,,29,USR-204,2021-11-02 10:57:01
ACC-02013,Vega Holidays Pvt Ltd,Hotels & Travel,Hospitality,,Hubballi,Karnataka,vegaholidays.com,,,,,7,USR-202,2025-04-30 12:48:57
ACC-02014,Sai Krupa Resorts Pvt Ltd,Hotels & Travel,,,Bengaluru,Karnataka,saikruparesorts.in,29PXCCS7223H12J,752124857,,,22,USR-216,2026-09-05 15:22:22
ACC-02015,Metro Builders LLP,Corporate (Staff & Executive Cars),Construction & Real Estate,,Shivamogga,Karnataka,metrobuilders.co.in,29FPGFM0467U1ZE,928284950,,,15,USR-204,2022-06-18 19:51:24
ACC-02016,Akshaya Builders LLP,Corporate (Staff & Executive Cars),Construction & Real Estate,,Bengaluru,Karnataka,akshayabuilders.com,29LCHFA3868E1ZW,,,Named,8,USR-210,2019-12-19 13:06:35
ACC-02017,Tulasi Cab Services Pvt Ltd,Cab Fleet Operator,Transportation Services,,Bengaluru,Karnataka,tulasicabservices.co.in,29MENCT5224O1Z1,568253243,,,26,USR-209,2020-05-20 20:20:39
ACC-02018,Namma Travels,Cab Fleet Operator,Travels,,Hubballi,Karnataka,nammatravels.co.in,29JJFPN5887W1ZF,,,,33,USR-214,2025-11-01 19:37:11
ACC-02019,Bharath Self Drive Cars,Car Rental & Self-Drive,Automotive Rental,,Bengaluru,Karnataka,bharathselfdrivecars.co.in,29IZTPB8910T1Z2,,,,11,USR-209,2025-06-08 22:43:40
ACC-02020,Sri Lakshmi Holidays Pvt Ltd,Hotels & Travel,Hospitality,,Mysuru,Karnataka,srilakshmiholidays.co.in,29GURCS2264U1ZT,,,,26,USR-202,2026-06-18 21:37:30
ACC-02021,Sahyadri Taxi Services LLP,Cab Fleet Operator,Transportation Services,,Hubballi,Karnataka,sahyadritaxiservices.co.in,29NHHFS0819U1ZK,,,,19,USR-204,2024-03-20 09:37:13
ACC-02022,Tulasi Software Solutions Pvt Ltd,Corporate (Staff & Executive Cars),Information Technology,,Mysuru,Karnataka,tulasisoftwaresolution.com,,270826200,,,14,USR-214,2023-06-22 15:31:51
ACC-02023,Kaveri Employee Transport Solutions Ltd,Employee Transport Services,Transportation Services,,Bengaluru,Karnataka,kaveriemployeetranspor.co.in,29MOCCK0102F1Z0,,,Named,31,USR-209,2024-08-06 05:27:49
ACC-02024,Elite Diagnostics,Hospitals & Education,Healthcare,,Mangaluru,Karnataka,elitediagnostics.co.in,29MDNTE7705G1ZU,522301807,,Named,8,USR-214,2020-03-13 08:40:42
ACC-02025,Crescent Hospitality Services Pvt Ltd,Hotels & Travel,Hospitality,,Bengaluru,Karnataka,crescenthospitalityser.co.in,,609203990,,Named,13,USR-210,2022-05-10 16:19:12
ACC-02026,Swift Healthcare Products Pvt Ltd,Corporate (Staff & Executive Cars),Pharmaceuticals,,Mangaluru,Karnataka,swifthealthcareproduct.com,29XOHCS3502M1ZN,920720832,,,9,USR-216,2020-02-19 00:46:55
ACC-02027,Amrutha Life Sciences Pvt Ltd,Corporate (Staff & Executive Cars),Pharmaceuticals,,Bengaluru,Karnataka,amruthalifesciences.co.in,29ZUQCA4839U1ZK,,,,13,USR-202,2020-08-06 03:29:12
ACC-02028,Metro Rent-a-Car,Car Rental & Self-Drive,,,Mangaluru,Karnataka,metrorentacar.com,29ZILPM3468O1ZN,,,,39,USR-202,2022-11-22 11:41:12
ACC-02029,Tulasi Healthcare Products Pvt Ltd,Corporate (Staff & Executive Cars),Pharmaceuticals,,Mysuru,Karnataka,tulasihealthcareproduc.in,29HSECT1196S1Z7,,,,19,USR-210,2022-12-16 15:17:54
ACC-02030,Brindavan Tours & Travels LLP,Cab Fleet Operator,Transportation Services,,Bengaluru,Karnataka,brindavantourstravels.co.in,29NRXFB4828Q1ZZ,,,Key,44,USR-198,2025-12-19 03:11:58
ACC-02031,Krishna Cabs,Cab Fleet Operator,Transportation,,Bengaluru,Karnataka,krishnacabs.in,29MJEPK8766K1Z4,687353835,,,35,USR-202,2025-07-14 00:14:00
ACC-02032,Rapid Employee Transport Solutions LLP,Employee Transport Services,Transportation Services,,Bengaluru,Karnataka,rapidemployeetransport.in,29ZFEFR8836S1Z3,,,,157,USR-211,2025-04-26 04:04:55
ACC-02033,Vinayaka Tours & Travels LLP,Cab Fleet Operator,Transportation Services,,Mysuru,Karnataka,vinayakatourstravels.com,29IEJFV6606D1ZK,525384421,,,58,USR-214,2022-02-07 11:31:31
ACC-02034,Orbit Leasing LLP,Leasing & Subscription,Banking & Financial Services,,Bengaluru,Karnataka,orbitleasing.in,29KGUFO5123L1ZZ,,,,303,USR-214,2026-05-22 17:44:04
ACC-02035,Emerald Digital Systems Pvt Ltd,Corporate (Staff & Executive Cars),Information Technology,,Bengaluru,Karnataka,emeralddigitalsystems.in,29MOFCE3474J1Z5,788946084,,,27,USR-204,2022-03-05 03:11:44
ACC-02036,Navya Auto Leasing Pvt Ltd,Leasing & Subscription,Banking & Financial Services,,Bengaluru,Karnataka,navyaautoleasing.co.in,29WJWCN5776C1ZL,,,,208,USR-210,2021-01-09 02:17:06
ACC-02037,Nandi Hospital,Hospitals & Education,Healthcare,,Hubli,Karnataka,nandihospital.com,29NWFTN2616Y1ZW,,,,5,USR-203,2024-11-02 02:18:19
ACC-02038,Krishna Car Subscription Services Pvt Ltd,Leasing & Subscription,Banking & Financial Services,,Mangaluru,Karnataka,krishnacarsubscription.com,29JJPCK4138P1ZV,,,,356,USR-216,2026-05-24 03:49:15
ACC-02039,Crescent Cabs Pvt Ltd,Cab Fleet Operator,Transportation Services,,Bengaluru,Karnataka,crescentcabs.co.in,29RBGCC7381B1Z3,,,,19,USR-210,2023-01-26 10:47:30
ACC-02040,Omkar Diagnostics,Hospitals & Education,Healthcare,,Bengaluru,Karnataka,omkardiagnostics.co.in,29OGSTO1181N1ZY,,,Named,22,USR-212,2019-03-28 19:16:25
ACC-02041,Mahalakshmi Life Sciences Pvt Ltd,Corporate (Staff & Executive Cars),Pharmaceuticals,,Bengaluru,Karnataka,mahalakshmilifescience.com,29GXHCM8745V1ZN,,,,8,USR-210,2022-01-28 13:11:58
ACC-02042,Silicon Travels,Cab Fleet Operator,Transportation Services,,Bengaluru,Karnataka,silicontravels.in,29VOIPS6666U1ZU,,,Named,33,USR-216,2023-08-12 14:31:30
ACC-02043,Malnad Supermarts Ltd,Corporate (Staff & Executive Cars),Retail,,Davanagere,Karnataka,malnadsupermartsltd.com,29KNACM1220H1ZV,212386653,,Named,11,USR-206,2026-04-14 19:07:46
ACC-02044,Sai Krupa Finance LLP,Corporate (Staff & Executive Cars),Banking & Financial Services,,Udupi,Karnataka,saikrupafinance.in,29QJQFS6981R1ZQ,878992491,,,12,USR-212,2022-11-30 12:52:03
ACC-02045,Royal Finance Pvt Ltd,Corporate (Staff & Executive Cars),Banking & Financial Services,,Tumakuru,Karnataka,royalfinance.in,,,,,21,USR-215,2019-10-26 04:35:55
ACC-02046,Maruthi Nagar Education Trust Pvt Ltd,Hospitals & Education,Education,,Bengaluru,Karnataka,maruthinagareducationt.com,29NAMCM0419E1Z6,,,Named,12,USR-204,2018-11-27 08:42:09
ACC-02047,Skyline Holidays,Hotels & Travel,Hospitality,,Hubballi,Karnataka,skylineholidays.co.in,29PQRPS9776S1ZI,,,,12,USR-208,2019-11-03 13:15:44
ACC-02048,Police Motor Transport Unit - Mandya,Government / PSU,Govt,,Bengaluru,Karnataka,,29THYGP4361F1ZO,,,,52,USR-211,2026-08-10 07:39:18
ACC-02049,Rural Development Office - Chikkaballapur,Government / PSU,Government,,Bengaluru,Karnataka,,29TQUGR7665Y1ZR,,,Named,48,USR-208,2019-09-20 01:37:09
ACC-02050,Tulasi Finance Pvt Ltd,Corporate (Staff & Executive Cars),Banking & Financial Services,,Mangaluru,Karnataka,tulasifinance.com,29TPSCT2799T1ZA,876024109,,,10,USR-211,2026-04-05 09:36:52
ACC-02051,Anugraha Technologies LLP,Corporate (Staff & Executive Cars),Software,,Mangaluru,Karnataka,anugrahatechnologies.com,,666689843,,,37,USR-203,2022-12-27 19:43:34
ACC-02052,Trishul Staff Transport Services LLP,Employee Transport Services,Transportation Services,,Belagavi,Karnataka,trishulstafftransports.in,29LUUFT1055C1ZK,,,,184,USR-202,2026-07-30 11:39:37
ACC-02053,Orbit Travels Pvt Ltd,Cab Fleet Operator,Transportation Services,,Bengaluru,Karnataka,orbittravels.com,,,,,13,USR-202,2022-09-07 17:20:38
ACC-02054,Sanjeevini Developers Pvt Ltd,Corporate (Staff & Executive Cars),Construction & Real Estate,,Shivamogga,Karnataka,sanjeevinidevelopers.com,29LTXCS3824G1ZD,972683392,,Key,10,USR-200,2022-11-06 18:33:58
ACC-02055,Sharada Cabs,Cab Fleet Operator,Transportation Services,,Bengaluru,Karnataka,sharadacabs.in,,,,,17,USR-214,2021-04-19 13:56:16
ACC-02056,Tulasi Engineering Works Pvt Ltd,Corporate (Staff & Executive Cars),Manufacturing,,Bengaluru,Karnataka,tulasiengineeringworks.co.in,29XMDCT4330B1ZD,586625812,,,13,USR-211,2026-03-15 16:53:24
ACC-02057,Sai Krupa Rent-a-Car,Car Rental & Self-Drive,Automotive Rental,,Mangaluru,Karnataka,saikruparentacar.com,29KLYPS8279T1ZS,,,,17,USR-206,2025-07-23 17:46:54
ACC-02058,Nakshatra Auto Leasing Pvt Ltd,Leasing & Subscription,BFSI,,Mysuru,Karnataka,nakshatraautoleasing.in,29KDICN8714T1ZX,711185548,,Named,376,USR-211,2026-04-16 12:12:16
ACC-02059,Akshaya Car Hire,Car Rental & Self-Drive,Automotive Rental,,Hubballi,Karnataka,akshayacarhire.in,29CYGPA1180C1ZV,380552503,,Named,76,USR-208,2022-01-28 13:23:16
ACC-02060,Vega Credit Services Pvt Ltd,Corporate (Staff & Executive Cars),Banking & Financial Services,,Bengaluru,Karnataka,vegacreditservices.co.in,29JOPCV0696Z1ZJ,,,Named,29,USR-204,2021-01-02 01:23:05
ACC-02061,Police Motor Transport Unit - Chamarajanagar,Government / PSU,Government,,Bengaluru,Karnataka,,29TTYGP1927A1ZB,,,,37,USR-213,2020-11-27 10:36:50
ACC-02062,Public Works Division - Shivamogga,Government / PSU,Government,,Shivamogga,Karnataka,,29PECGP3119V1ZT,230983906,,,6,USR-202,2025-10-27 01:27:27
ACC-02063,Vishwa Travels,Cab Fleet Operator,Transportation Services,,Bengaluru,Karnataka,vishwatravels.com,29AHOPV3508T1Z4,978386137,,,31,USR-201,2023-08-08 03:33:01
ACC-02064,Sahyadri Commute Solutions LLP,Employee Transport Services,Transportation Services,,Mangaluru,Karnataka,sahyadricommutesolutio.co.in,29IKTFS8758A1ZP,,,,327,USR-206,2025-12-28 11:55:32
ACC-02065,Skyline Car Rentals Pvt Ltd,Car Rental & Self-Drive,Automotive Rental,,Belagavi,Karnataka,skylinecarrentals.in,29EZQCS 2639F1ZE,,,,109,USR-209,2025-10-08 17:09:44
ACC-02066,Swift Commute Solutions Pvt Ltd,Employee Transport Services,Transportation Services,,Bengaluru,Karnataka,swiftcommutesolutions.in,29HBGCS7199D1ZL,,,,107,USR-206,2019-02-26 17:27:50
ACC-02067,Chaitanya Multispeciality Hospital Pvt Ltd,Hospitals & Education,Healthcare,,Mysore,Karnataka,chaitanyamultispeciali.com,29BLKCC2420U1ZD,970840455,,Named,8,USR-206,2019-10-09 17:48:59
ACC-02068,Crescent Corporate Mobility Pvt Ltd,Employee Transport Services,Transportation Services,,Bengaluru,Karnataka,crescentcorporatemobil.co.in,29QBSCC3763R1Z1,,,,171,USR-209,2020-12-01 12:38:54
ACC-02069,Surya Corporate Mobility Ltd,Employee Transport Services,Transportation Services,,Bengaluru,Karnataka,suryacorporatemobility.in,29EDGCS8518L1ZE,,,,70,USR-214,2022-05-27 19:03:50
ACC-02070,Hampi Multispeciality Hospital Pvt Ltd,Hospitals & Education,Healthcare,,Davanagere,Karnataka,hampimultispecialityho.co.in,29OPACH7687W1ZY,,,,10,USR-206,2024-12-05 18:08:16
ACC-02071,Namma Developers LLP,Corporate (Staff & Executive Cars),Construction & Real Estate,,Mysuru,Karnataka,nammadevelopers.com,29TVGFN8447P1ZL,128836516,,,13,USR-208,2022-12-27 04:39:42
ACC-02072,Hoysala Fleet Leasing Ltd,Leasing & Subscription,Banking & Financial Services,,Belagavi,Karnataka,hoysalafleetleasingltd.co.in,29MJQCH1332Y1ZM,314277579,,,1581,USR-202,2026-09-16 07:23:10
ACC-02073,Mahalakshmi Corporate Mobility Pvt Ltd,Employee Transport Services,Transportation Services,,Bengaluru,Karnataka,mahalakshmicorporatemo.in,29AEUCM1648A1Z2,533362554,,,54,USR-215,2025-02-20 20:13:00
ACC-02074,Vinayaka Supermarts Pvt Ltd,Corporate (Staff & Executive Cars),Retail,,Bengaluru,Karnataka,vinayakasupermarts.co.in,29NNPCV4194D1ZP,,,,19,USR-214,2025-11-18 22:43:35
ACC-02075,Orbit Car Hire,Car Rental & Self-Drive,Automotive Rental,,Bengaluru,Karnataka,orbitcarhire.in,29HZRPO4119U1ZX,,,,42,USR-206,2021-10-01 08:11:52
ACC-02076,Yashas Taxi Services,Cab Fleet Operator,Transportation Services,,Mysuru,Karnataka,yashastaxiservices.com,29MDSPY0552V1ZR,562420679,,,29,USR-214,2026-03-02 08:13:48
ACC-02077,Ujwal Cabs LLP,Cab Fleet Operator,Transportation Services,,Bengaluru,Karnataka,ujwalcabs.co.in,29VHIFU0327J1Z0,,,,17,USR-201,2018-12-22 23:50:31
ACC-02078,Amrutha Public School Pvt Ltd,Hospitals & Education,Education,,Belagavi,Karnataka,amruthapublicschool.com,,,,,2,USR-201,2018-10-30 13:34:34
ACC-02079,Surya Life Sciences LLP,Corporate (Staff & Executive Cars),,,Bengaluru,Karnataka,suryalifesciences.in,29HALFS3099U1ZM,,,,31,USR-209,2019-12-17 06:57:17
ACC-02080,Metro Infra Projects Pvt Ltd,Corporate (Staff & Executive Cars),Construction & Real Estate,,Bengaluru,Karnataka,metroinfraprojects.com,29TLVCM9144R1ZX,653304076,,Named,11,USR-209,2022-01-29 12:40:50
ACC-02081,Amrutha Fleet Leasing Pvt Ltd,Leasing & Subscription,Banking & Financial Services,,Davanagere,Karnataka,amruthafleetleasing.in,29GOVCA4813H1ZB,508105327,,Named,422,USR-204,2025-07-31 11:41:41
ACC-02082,Vijaya Taxi Services Pvt Ltd,Cab Fleet Operator,Transportation Services,,Bengaluru,Karnataka,vijayataxiservices.in,29NMGCV9178P1Z1,667564054,,,15,USR-209,2026-06-22 22:13:17
ACC-02083,Aadhya Commute Solutions Pvt Ltd,Employee Transport Services,Transportation Services,,Bengaluru,Karnataka,aadhyacommutesolutions.in,29NUVCA2254V1Z0,,,,209,USR-204,2026-02-14 04:13:46
ACC-02084,City Municipal Office - Uttara Kannada,Government / PSU,Government,,Bengaluru,Karnataka,,29VLWGC8159X1ZF,,,Key,22,USR-200,2023-05-06 19:42:59
ACC-02085,Skyline Hospitality Services Pvt Ltd,Hotels & Travel,Hospitality,,Mysuru,Karnataka,skylinehospitalityserv.co.in,29TVWCS8709U1ZZ,,,,2,USR-208,2026-02-06 16:55:20
ACC-02086,Netravati Cabs,Cab Fleet Operator,Transportation Services,,Belagavi,Karnataka,netravaticabs.in,29RCXPN7693N1ZM,,,,28,USR-204,2025-05-26 07:36:07
ACC-02087,Crescent Finance Pvt Ltd,Corporate (Staff & Executive Cars),Banking & Financial Services,,Bengaluru,Karnataka,crescentfinance.co.in,29AKLCC7683W1ZK,197759248,,,9,USR-206,2023-06-30 08:02:02
ACC-02088,Tunga Public School,Hospitals & Education,Education,,Mysuru,Karnataka,tungapublicschool.co.in,29AZQTT7081I1Z5,,,,8,USR-209,2023-01-18 14:35:59
ACC-02089,Heritage Precision Components Pvt Ltd,Corporate (Staff & Executive Cars),Manufacturing,,Bengaluru ,Karnataka,heritageprecisioncompo.in,29VNWCH1671H1ZO,,,,7,USR-209,2021-12-22 17:51:25
ACC-02090,Vasudha Employee Transport Solutions Pvt Ltd,Employee Transport Services,Transportation Services,,Bengaluru,Karnataka,vasudhaemployeetranspo.com,29RZSCV3606Q1ZG,,,,79,USR-216,2019-12-05 22:46:10
ACC-02091,Vasudha Public School Pvt Ltd,Hospitals & Education,Education,,Davangere,Karnataka,vasudhapublicschool.in,29FKJCV2720F1ZL,,,,28,USR-210,2020-10-02 09:01:53
ACC-02092,Garden City Infotech Pvt Ltd,Corporate (Staff & Executive Cars),Information Technology,,Mangalore,Karnataka,gardencityinfotech.com,29OXDCG3081E1Z1,931626517,,,27,USR-212,2019-07-10 23:11:53
ACC-02093,Greenline College,Hospitals & Education,Education,,Bengaluru,Karnataka,greenlinecollege.in,29SLKTG5814U1ZH,,,,23,USR-216,2021-05-03 02:27:09
ACC-02094,Sunrise Infotech Pvt Ltd,Corporate (Staff & Executive Cars),Information Technology,,Bengaluru,Karnataka,sunriseinfotech.in,29OQWCS9895G1ZQ,,,,40,USR-208,2026-02-22 14:36:20
ACC-02095,Maruthi Nagar Car Rentals Pvt Ltd,Car Rental & Self-Drive,Automotive Rental,,Bengaluru,Karnataka,maruthinagarcarrentals.co.in,,,,,27,USR-205,2020-06-02 13:10:45
ACC-02096,Sterling Precision Components Pvt Ltd,Corporate (Staff & Executive Cars),Manufacturing,,Bengaluru,Karnataka,sterlingprecisioncompo.com,29IRRCS2680I1ZH,386454126,,,11,USR-209,2025-07-01 14:05:20
ACC-02097,Sai Krupa Public School,Hospitals & Education,Education,,Mysuru,Karnataka,saikrupapublicschool.co.in,29TBJTS1049N1Z9,,,,13,USR-209,2025-06-01 15:48:42
ACC-02098,Shree Balaji Medical Trust Pvt Ltd,Hospitals & Education,Healthcare,,Shivamogga,Karnataka,shreebalajimedicaltrus.com,29OWNCS0981Z1Z7,,,,6,USR-211,2025-10-04 09:05:48
ACC-02099,Horizon Software Solutions Pvt Ltd,Corporate (Staff & Executive Cars),Information Technology,,Bengaluru,Karnataka,horizonsoftwaresolutio.co.in,29ZTLCH6344Z1ZE,,,Named,16,USR-214,2019-02-07 11:20:35
ACC-02100,Sanjeevini Corporate Mobility LLP,Employee Transport Services,Transportation Services,,Bengaluru,Karnataka,sanjeevinicorporatemob.in,29RTBFS6374L1Z1,,,,211,USR-209,2022-10-06 15:31:35
ACC-02101,Kadamba Auto Leasing Pvt Ltd,Leasing & Subscription,Banking & Financial Services,,Mysuru,Karnataka,kadambaautoleasing.co.in,29ZJJCK3540C1ZG,522744278,,,261,USR-209,2019-07-14 04:00:46
ACC-02102,Surya Rent-a-Car Pvt Ltd,Car Rental & Self-Drive,Car Rental,,Bengaluru,Karnataka,suryarentacar.co.in,29GPPCS1161H1Z2,959274157,,,74,USR-214,2020-11-30 02:40:50
ACC-02103,Airavata Travels,Cab Fleet Operator,Transportation Services,,Bengaluru,Karnataka,airavatatravels.co.in,29NOTPA0528V1ZQ,,,,6,USR-206,2018-12-17 22:03:36
ACC-02104,Sai Krupa Retail Ltd,Corporate (Staff & Executive Cars),Retail,,Davanagere,Karnataka,saikruparetailltd.co.in,29FIMCS6795L1ZL,309220347,,,6,USR-204,2021-03-11 13:42:06
ACC-02105,Kodagu Cab Services Pvt Ltd,Cab Fleet Operator,Travels,,Bengaluru,Karnataka,kodagucabservices.com,29EVHCK3657Q1ZC,,,Named,75,USR-202,2025-03-19 06:09:32
ACC-02106,Urbanline Precision Components Pvt Ltd,Corporate (Staff & Executive Cars),Manufacturing,,Belagavi,Karnataka,urbanlineprecisioncomp.in,29WOICU3453U1ZV,750241146,,,34,USR-203,2022-06-27 20:23:07
ACC-02107,Suvarna Employee Transport Solutions Pvt Ltd,Employee Transport Services,Transportation Services,,Mysuru,Karnataka,suvarnaemployeetranspo.in,29TYECS7548S1ZC,,,,245,USR-204,2025-05-09 19:46:27
ACC-02108,Royal Constructions Pvt Ltd,Corporate (Staff & Executive Cars),Construction & Real Estate,,Bengaluru,Karnataka,royalconstructions.in,29RAZCR4372W1Z7,255246769,,,27,USR-208,2025-07-10 19:44:13
ACC-02109,Trishul Cab Services,Cab Fleet Operator,Transportation Services,,Bengaluru ,Karnataka,trishulcabservices.co.in,29EHDPT0174L1ZT,,,Named,18,USR-202,2022-09-14 05:45:15
ACC-02110,Pragati Capital Ltd,Corporate (Staff & Executive Cars),Banking & Financial Services,,Bengaluru,Karnataka,pragaticapitalltd.in,29MOBCP5465H1Z0,943634216,,,11,USR-214,2025-01-18 08:04:56
ACC-02111,Samruddhi Mobility Services LLP,Employee Transport Services,Transportation Services,,Belagavi,Karnataka,samruddhimobilityservi.co.in,29NHTFS6448J1ZH,,,,169,USR-209,2026-03-13 08:39:31
ACC-02112,Akshaya Cab Services,Cab Fleet Operator,Transportation Services,,Bengaluru,Karnataka,akshayacabservices.in,29NFSPA8755G1ZK,,,,28,USR-208,2025-08-07 03:46:51
ACC-02113,Skyline Taxi Services LLP,Cab Fleet Operator,Transportation Services,,Hubballi,Karnataka,skylinetaxiservices.in,29ETJFS9387Z1Z3,,,,23,USR-209,2025-09-29 17:16:10
ACC-02114,Aadhya Fleet Services Pvt Ltd,Cab Fleet Operator,Transportation Services,,Mysuru,Karnataka,aadhyafleetservices.in,29LTMCA6917U1Z5,,,,14,USR-202,2024-09-25 17:28:29
ACC-02115,Kodagu Engineering Works LLP,Corporate (Staff & Executive Cars),Manufacturing,,Hubballi,Karnataka,kodaguengineeringworks.co.in,29HCGFK4426I1ZU,273764069,,,28,USR-206,2021-08-11 06:44:32
ACC-02116,Omkar Employee Transport Solutions Pvt Ltd,Employee Transport Services,Transportation Services,,Bengaluru,Karnataka,omkaremployeetransport.in,29ZTKCO7005G1ZJ,,,,90,USR-208,2025-01-27 22:06:49
ACC-02117,Pinnacle Multispeciality Hospital Pvt Ltd,Hospitals & Education,Healthcare,,Bengaluru,Karnataka,pinnaclemultispecialit.in,29ZEYCP1324O1ZO,,,,8,USR-216,2026-03-16 12:10:03
ACC-02118,Sharada Taxi Services LLP,Cab Fleet Operator,Transportation Services,,Bengaluru,Karnataka,sharadataxiservices.co.in,29QQMFS4751M1Z2,,,,82,USR-211,2024-02-06 15:12:53
ACC-02119,Forest Division Office - Gadag,Government / PSU,Government,,Bengaluru,Karnataka,,29LMXGF1707V1Z7,,,,21,USR-209,2021-01-29 07:01:01
ACC-02120,Deccan Mobility Services Pvt Ltd,Employee Transport Services,Transportation Services,,Bengaluru,Karnataka,deccanmobilityservices.co.in,29CVLCD8766H1ZO,775078317,,,336,USR-216,2024-03-26 22:20:00
ACC-02121,Hampi Tours & Travels Pvt Ltd,Cab Fleet Operator,Transportation Services,,Bengaluru,Karnataka,hampitourstravels.co.in,29FAJCH4951M1ZS,,,,26,USR-216,2026-04-07 01:49:40
ACC-02122,Sri Ganesh Life Sciences Pvt Ltd,Corporate (Staff & Executive Cars),Pharma,,Bengaluru,Karnataka,sriganeshlifesciences.in,29LTNCS7847H1Z6,308887047,,,38,USR-209,2025-08-01 09:29:19
ACC-02123,Shubham Self Drive Cars,Car Rental & Self-Drive,Automotive Rental,,Tumakuru,Karnataka,shubhamselfdrivecars.co.in,29MAWPS4340N1ZD,,,,19,USR-206,2019-10-13 06:16:35
ACC-02124,Brindavan Credit Services Pvt Ltd,Corporate (Staff & Executive Cars),Banking & Financial Services,,Mysore,Karnataka,brindavancreditservice.co.in,29JQMCB8874O1ZC,502490517,,Named,24,USR-206,2021-02-14 09:17:39
ACC-02125,Brindavan Cabs Pvt Ltd,Cab Fleet Operator,Transportation,,BLR,Karnataka,brindavancabs.com,29TPSCB3109V1ZA,,,,46,USR-209,2019-05-17 03:06:05
ACC-02126,Horizon Infotech Pvt Ltd,Corporate (Staff & Executive Cars),Information Technology,,Bengaluru,Karnataka,horizoninfotech.in,29HAOCH7041L1ZS,,,,16,USR-214,2021-05-28 10:06:51
ACC-02127,Samruddhi Traders LLP,Corporate (Staff & Executive Cars),,,Hubballi,Karnataka,samruddhitraders.com,29XZEFS5012J1Z3,954914732,,,14,USR-206,2025-10-31 12:43:15
ACC-02128,Silicon Car Subscription Services Ltd,Leasing & Subscription,Banking & Financial Services,,Mangaluru,Karnataka,siliconcarsubscription.co.in,29LUWCS5504Q1ZU,701372447,,,245,USR-214,2026-05-15 15:18:58
ACC-02129,Metro Finance LLP,Corporate (Staff & Executive Cars),Banking & Financial Services,,Bengaluru,Karnataka,metrofinance.com,29YVXFM8685M1ZY,622453974,,Named,11,USR-216,2025-05-26 05:55:33
ACC-02130,Amrutha Infra Projects Pvt Ltd,Corporate (Staff & Executive Cars),Construction & Real Estate,,Bengaluru,Karnataka,amruthainfraprojects.in,29JZOCA9338Q1ZW,,,,12,USR-209,2021-04-28 17:35:40
ACC-02131,Sri Ganesh Taxi Services Pvt Ltd,Cab Fleet Operator,Transportation Services,,Mysuru,Karnataka,sriganeshtaxiservices.co.in,,,,,5,USR-206,2020-09-14 15:02:43
ACC-02132,Chaitanya Builders Pvt Ltd,Corporate (Staff & Executive Cars),Construction & Real Estate,,Bengaluru,Karnataka,chaitanyabuilders.in,29AFNCC8357R1Z6,579631237,,,24,USR-206,2025-12-04 15:31:45
ACC-02133,Annapoorna Taxi Services,Cab Fleet Operator,Transportation Services,,Bengaluru,Karnataka,annapoornataxiservices.com,29NZRPA6000C1ZE,,,,82,USR-204,2026-02-28 17:34:05
ACC-02134,Prime Healthcare Products Pvt Ltd,Corporate (Staff & Executive Cars),Pharmaceuticals,,Bengaluru,Karnataka,primehealthcareproduct.co.in,29YWPCP2823J1Z1,321328165,,,13,USR-206,2026-05-20 02:20:53
ACC-02135,Sharada Mobility Services Ltd,Employee Transport Services,Transportation Services,,Udupi,Karnataka,sharadamobilityservice.in,29WSTCS1484O1ZN,924944261,,,175,USR-211,2021-04-15 03:18:51
ACC-02136,Akshaya Education Trust,Hospitals & Education,Education,,bengaluru,Karnataka,akshayaeducationtrust.co.in,29TJJTA8559K1ZV,568506683,,,7,USR-202,2025-08-19 18:06:37
ACC-02137,Yashas Developers Ltd,Corporate (Staff & Executive Cars),Construction & Real Estate,,Bengaluru,Karnataka,yashasdevelopersltd.co.in,,696300979,,,10,USR-206,2026-04-16 00:30:57
ACC-02138,Karavali Car Rentals,Car Rental & Self-Drive,Automotive Rental,,Bengaluru,Karnataka,karavalicarrentals.co.in,,,,,41,USR-206,2024-01-19 22:40:21
ACC-02139,Tulasi Tours & Travels LLP,Cab Fleet Operator,Transportation Services,,Mysuru,Karnataka,tulasitourstravels.co.in,29WYPFT4460T1Z0,,,,17,USR-214,2025-06-25 02:42:01
ACC-02140,Aadhya Industries Pvt Ltd,Corporate (Staff & Executive Cars),Manufacturer,,Bengaluru,Karnataka,aadhyaindustries.in,29RZCCA1000Z1ZF,132191032,,,9,USR-202,2025-04-13 15:33:38
ACC-02141,Malnad Cabs,Cab Fleet Operator,Transportation Services,,Mangaluru,Karnataka,malnadcabs.com,29TQXPM0226M1ZN,,,,92,USR-201,2019-09-03 16:57:11
ACC-02142,Anugraha Traders Pvt Ltd,Corporate (Staff & Executive Cars),Retail,,Davanagere,Karnataka,anugrahatraders.com,29ZSWCA4777F1Z8,,,,22,USR-203,2023-01-23 01:42:57
ACC-02143,Srinidhi Pharmaceuticals Pvt Ltd,Corporate (Staff & Executive Cars),Pharmaceuticals,,Bengaluru,Karnataka,srinidhipharmaceutical.com,29UGRCS5737N1ZE,597051287,,,25,USR-202,2026-09-20 20:26:40
ACC-02144,Orbit Software Solutions LLP,Corporate (Staff & Executive Cars),Information Technology,,Belagavi,Karnataka,orbitsoftwaresolutions.com,29OVBFO2300R1ZI,,,Named,7,USR-209,2020-07-08 21:10:37
ACC-02145,Sai Krupa Cab Services,Cab Fleet Operator,Transportation Services,,Bengaluru,Karnataka,saikrupacabservices.co.in,29MROPS7802A1Z8,,,,74,USR-202,2019-04-15 23:58:47
ACC-02146,Namma Leasing Pvt Ltd,Leasing & Subscription,Banking & Financial Services,,Udupi,Karnataka,nammaleasing.com,29LEPCN8294P1ZK,,,,415,USR-204,2025-04-08 19:50:10
ACC-02147,Lotus Car Hire Pvt Ltd,Car Rental & Self-Drive,Automotive Rental,,Mangaluru,Karnataka,lotuscarhire.com,29CCECL3370E1ZE,,,,33,USR-206,2022-02-16 05:40:55
ACC-02148,Rapid Taxi Services,Cab Fleet Operator,Transportation Services,,Shivamogga,Karnataka,rapidtaxiservices.in,,,,,54,USR-216,2020-01-05 03:59:09
ACC-02149,Surya Tours & Travels,Cab Fleet Operator,Transportation Services,,Shivamogga,Karnataka,suryatourstravels.co.in,29CCHPS5406S1ZN,,,,60,USR-214,2025-06-18 05:35:19
ACC-02150,Shree Balaji Fleet Services LLP,Cab Fleet Operator,Transportation Services,,Tumkur,Karnataka,shreebalajifleetservic.com,29PTKFS1967D1ZE,,,,29,USR-211,2026-09-22 04:20:21
ACC-02151,District Collectorate - Uttara Kannada,Government / PSU,Government,,Tumakuru,Karnataka,,29VDAGD4770L1ZC,,,,22,USR-216,2019-04-16 05:35:20
ACC-02152,Royal Self Drive Cars,Car Rental & Self-Drive,Automotive Rental,,Hubballi,Karnataka,royalselfdrivecars.in,29HZSPR2317S1Z1,255278188,,,18,USR-216,2025-04-22 15:19:30
ACC-02153,Public Works Division - Yadgir,Government / PSU,Government,,bengaluru,Karnataka,,29RIKGP1086U1Z6,,,,62,USR-216,2020-12-31 15:22:17
ACC-02154,Kodagu Retail LLP,Corporate (Staff & Executive Cars),Retail,,Mangaluru,Karnataka,kodaguretail.in,29PCRFK6354W1ZC,,,,16,USR-216,2023-03-13 06:59:21
ACC-02155,Emerald Developers Pvt Ltd,Corporate (Staff & Executive Cars),,,Bengaluru,Karnataka,emeralddevelopers.co.in,29HGHCE0526L1ZY,455321465,,,46,USR-216,2025-04-09 23:46:42
ACC-02156,Deccan Taxi Services LLP,Cab Fleet Operator,Transportation Services,,Mysuru,Karnataka,deccantaxiservices.co.in,29SAGFD4365N1ZE,,,,15,USR-204,2021-09-15 14:51:30
ACC-02157,Sri Ganesh Rent-a-Car Pvt Ltd,Car Rental & Self-Drive,Automotive Rental,,Bengaluru,Karnataka,sriganeshrentacar.in,29AZCCS9061O1Z7,388232084,,,39,USR-205,2018-12-10 14:58:58
ACC-02158,Lotus Traders Pvt Ltd,Corporate (Staff & Executive Cars),Retail,,Bengaluru,Karnataka,lotustraders.co.in,29BAECL8817G1Z5,267798384,,,20,USR-208,2021-12-01 03:39:22
ACC-02159,Hampi Fleet Services,Cab Fleet Operator,Transportation Services,,Mangaluru,Karnataka,hampifleetservices.co.in,29GXYPH3453D1ZY,869974480,,,39,USR-209,2025-07-18 05:47:42
ACC-02160,Tulasi Cabs Pvt Ltd,Cab Fleet Operator,Transportation Services,,Bengaluru,Karnataka,tulasicabs.com,29CUXCT8308U1ZL,,,,32,USR-207,2021-11-23 06:34:13
ACC-02161,Silicon Cabs Pvt Ltd,Cab Fleet Operator,Transportation,,Bengaluru,Karnataka,siliconcabs.in,29QGMCS9546Q1ZA,,,,40,USR-206,2023-04-28 06:56:33
ACC-02162,Greenline Supermarts Pvt Ltd,Corporate (Staff & Executive Cars),Retail,,Bengaluru,Karnataka,greenlinesupermarts.in,,,,,19,USR-208,2026-03-29 04:10:18
ACC-02163,Garden City Fleet Services,Cab Fleet Operator,Transportation Services,,Belagavi,Karnataka,gardencityfleetservice.co.in,29GHJPG5314U1ZG,701298595,,,21,USR-210,2023-08-22 22:18:25
ACC-02164,Silicon Polymers Pvt Ltd,Corporate (Staff & Executive Cars),Manufacturer,,Mangaluru,Karnataka,siliconpolymers.co.in,29TKKCS2999M1Z5,,,Named,9,USR-211,2026-02-07 17:49:29
ACC-02165,City Municipal Office - Bagalkote,Government / PSU,Government,,Bengaluru,Karnataka,,,,,,57,USR-215,2019-02-14 00:12:44
ACC-02166,Evergreen Precision Components Pvt Ltd,Corporate (Staff & Executive Cars),Manufacturing,,bengaluru,Karnataka,evergreenprecisioncomp.co.in,29VWPCE4362P1ZX,162980646,,,15,USR-214,2025-09-23 08:18:44
ACC-02167,Garden City Education Trust,Hospitals & Education,Education,,Bengaluru,Karnataka,gardencityeducationtru.in,29RUSTG3529E1ZP,,,,5,USR-203,2023-04-20 15:43:23
ACC-02168,Public Works Division - Tumakuru,Government / PSU,Government,,Bengaluru,Karnataka,,29MYVGP2692C1ZZ,,,,47,USR-204,2020-09-18 20:40:07
ACC-02169,Akshaya Precision Components Pvt Ltd,Corporate (Staff & Executive Cars),Manufacturing,,Bengaluru,Karnataka,akshayaprecisioncompon.com,29IKJCA1767Z1ZS,,,,9,USR-208,2026-06-11 22:41:44
ACC-02170,Pinnacle Engineering Works Pvt Ltd,Corporate (Staff & Executive Cars),Manufacturing,,Bengaluru,Karnataka,pinnacleengineeringwor.com,29OEZCP4134H1Z7,,,,22,USR-213,2020-05-04 12:22:43
ACC-02171,Samruddhi Infra Projects Ltd,Corporate (Staff & Executive Cars),Construction & Real Estate,,Davanagere,Karnataka,samruddhiinfraprojects.in,29EKRCS6974T1Z0,320332758,,,22,USR-208,2021-07-28 16:54:03
ACC-02172,Vinayaka Fleet Services LLP,Cab Fleet Operator,Transportation Services,,Mysuru,Karnataka,vinayakafleetservices.in,,,,,43,USR-203,2023-07-20 18:46:21
ACC-02173,Mahalakshmi Medical Trust,Hospitals & Education,Healthcare,,Davanagere,Karnataka,mahalakshmimedicaltrus.com,29YJVTM1078X1ZS,,,,6,USR-216,2026-06-30 11:46:10
ACC-02174,Zenith Software Solutions Pvt Ltd,Corporate (Staff & Executive Cars),Information Technology,,Bengaluru,Karnataka,zenithsoftwaresolution.co.in,29BSHCZ3625Z1Z3,323685051,,,14,USR-209,2025-11-02 05:15:23
ACC-02175,Srinidhi Constructions LLP,Corporate (Staff & Executive Cars),Construction & Real Estate,,Bengaluru,Karnataka,srinidhiconstructions.co.in,29CPPFS7944H1ZH,290915145,,Named,24,USR-216,2025-08-12 15:39:06
ACC-02176,Garden City Commute Solutions Ltd,Employee Transport Services,Transportation Services,,Shivamogga,Karnataka,gardencitycommutesolut.co.in,29JRWCG3783J1ZF,100147418,,,79,USR-206,2026-03-11 09:57:31
ACC-02177,Garden City Resorts Pvt Ltd,Hotels & Travel,Hospitality,,Tumakuru,Karnataka,gardencityresorts.co.in,29ANJCG7446Y1ZF,386389294,,,14,USR-214,2026-05-14 16:09:56
ACC-02178,Amrutha Tours & Travels Pvt Ltd,Cab Fleet Operator,Transportation Services,,Mysuru,Karnataka,amruthatourstravels.com,29PUPCA5249Z1ZN,,,,10,USR-202,2026-07-29 21:30:08
ACC-02179,Garuda Retail Ltd,Corporate (Staff & Executive Cars),Retail,,Belagavi,Karnataka,garudaretailltd.in,29QGFCG4570C1ZW,,,,16,USR-211,2025-06-22 00:58:05
ACC-02180,Unity Leasing Ltd,Leasing & Subscription,Banking & Financial Services,,Mysuru,Karnataka,unityleasingltd.in,29XTICU3130D1ZT,749974620,,,1040,USR-216,2020-02-22 23:14:49
ACC-02181,Chandra Polymers Pvt Ltd,Corporate (Staff & Executive Cars),Manufacturing,,Hubballi,Karnataka,chandrapolymers.co.in,29LONCC6614N1ZW,976722935,,Named,11,USR-216,2019-05-11 08:17:20
ACC-02182,Agriculture Department Office - Chikkamagaluru,Government / PSU,Govt,,Shivamogga,Karnataka,,29HJKGA9845J1Z0,,,,134,USR-208,2019-10-31 08:41:35
ACC-02183,Skyline Credit Services Pvt Ltd,Corporate (Staff & Executive Cars),Banking & Financial Services,,Mangaluru,Karnataka,skylinecreditservices.co.in,29EOLCS6650C1Z8,721892499,,,11,USR-215,2021-05-02 12:23:21
ACC-02184,Sri Ganesh Self Drive Cars,Car Rental & Self-Drive,Automotive Rental,,Bengaluru,Karnataka,sriganeshselfdrivecars.com,29IWAPS1777M1ZL,,,,236,USR-216,2026-02-08 01:03:57
ACC-02185,Nandi Rent-a-Car,Car Rental & Self-Drive,Automotive Rental,,Bengaluru,Karnataka,nandirentacar.co.in,29QWAPN7087Z1ZL,,,,44,USR-204,2020-07-04 18:52:58
ACC-02186,Lotus Credit Services Pvt Ltd,Corporate (Staff & Executive Cars),Finance,,Tumakuru,Karnataka,lotuscreditservices.co.in,29OIFCL1389Q1ZS,,,,12,USR-208,2022-06-18 05:27:05
ACC-02187,Yashas Staff Transport Services Pvt Ltd,Employee Transport Services,Transportation Services,,Bengaluru,Karnataka,yashasstafftransportse.com,29WHSCY0271S1Z6,,,Named,108,USR-215,2021-09-02 10:01:31
ACC-02188,Sri Ganesh Technologies Pvt Ltd,Corporate (Staff & Executive Cars),Information Technology,,Bengaluru,Karnataka,sriganeshtechnologies.in,29LGICS0686N1ZY,,,,44,USR-214,2025-04-26 07:00:26
ACC-02189,Zenith Engineering Works Pvt Ltd,Corporate (Staff & Executive Cars),Manufacturing,,Bengaluru,Karnataka,zenithengineeringworks.com,29EBFCZ6363H1ZM,526446545,,,8,USR-209,2020-12-27 13:28:04
ACC-02190,Urbanline Traders Pvt Ltd,Corporate (Staff & Executive Cars),,,Bengaluru,Karnataka,urbanlinetraders.com,29TPJCU6781T1ZK,880772690,,,9,USR-204,2025-12-02 17:04:26
ACC-02191,Royal Industries LLP,Corporate (Staff & Executive Cars),Manufacturing,,Bengaluru,Karnataka,royalindustries.co.in,29CPEFR9822M1ZL,466766662,,,21,USR-205,2022-08-01 21:14:45
ACC-02192,Sunrise Taxi Services Pvt Ltd,Cab Fleet Operator,Transportation Services,,Bangalore,Karnataka,sunrisetaxiservices.in,,,,,41,USR-202,2025-02-05 19:20:12
ACC-02193,Crescent Traders Pvt Ltd,Corporate (Staff & Executive Cars),Retail,,Hubballi,Karnataka,crescenttraders.in,29LFLCC6113R1ZF,745979904,,Named,7,USR-209,2026-01-08 05:58:21
ACC-02194,Swift Corporate Mobility LLP,Employee Transport Services,Transportation Services,,Tumakuru,Karnataka,swiftcorporatemobility.co.in,29XFYFS4951G1ZH,,,,61,USR-201,2023-06-02 00:10:19
ACC-02195,Brindavan Infra Projects Pvt Ltd,Corporate (Staff & Executive Cars),Construction & Real Estate,,Mysuru,Karnataka,brindavaninfraprojects.co.in,29QWOCB3790K1ZA,,,,7,USR-208,2026-09-21 15:13:21
ACC-02196,Netravati Rent-a-Car Pvt Ltd,Car Rental & Self-Drive,Automotive Rental,,Hubballi,Karnataka,netravatirentacar.com,29SPMCN5578X1ZG,,,,98,USR-204,2025-12-25 14:12:20
ACC-02197,Unity Medical Trust,Hospitals & Education,Healthcare,,Hubli,Karnataka,unitymedicaltrust.co.in,29UCFTU1690D1ZM,,,,24,USR-209,2026-02-04 11:17:10
ACC-02198,Tulasi Life Sciences LLP,Corporate (Staff & Executive Cars),Pharmaceuticals,,Bengaluru,Karnataka,tulasilifesciences.com,29IBWFT5626J1Z0,799306209,,,3,USR-202,2026-06-27 17:44:28
ACC-02199,Emerald College Pvt Ltd,Hospitals & Education,Education,,Bengaluru,Karnataka,emeraldcollege.co.in,29YGZCE3519E1Z7,,,Named,7,USR-206,2025-03-03 01:05:11
ACC-02200,Prime Cabs LLP,Cab Fleet Operator,Transportation Services,,Bengaluru,Karnataka,primecabs.co.in,29ZRBFP4286R1ZP,,,,69,USR-206,2019-06-05 10:52:30
ACC-02201,Shubham Corporate Mobility Pvt Ltd,Employee Transport Services,Transportation,,Bengaluru,Karnataka,shubhamcorporatemobili.com,29YUYCS9485W1ZF,654678771,,Named,55,USR-211,2019-03-08 00:18:02
ACC-02202,Shree Balaji Engineering Works Pvt Ltd,Corporate (Staff & Executive Cars),Manufacturing,,Bengaluru,Karnataka,shreebalajiengineering.in,29DDUCS4589S1ZG,,,,11,USR-210,2019-09-23 02:22:32
ACC-02203,Srinidhi Self Drive Cars LLP,Car Rental & Self-Drive,Automotive Rental,,Bengaluru,Karnataka,srinidhiselfdrivecars.co.in,,,,,225,USR-211,2025-02-16 08:21:26
ACC-02204,Vasudha Fleet Services,Cab Fleet Operator,Transportation Services,,Bengaluru,Karnataka,vasudhafleetservices.com,29KAUPV4960W1ZM,,,,19,USR-208,2020-03-25 06:11:06
ACC-02205,Royal Engineering Works Pvt Ltd,Corporate (Staff & Executive Cars),Manufacturing,,Bengaluru,Karnataka,royalengineeringworks.co.in,29NBUCR4673W1ZA,691898081,,,12,USR-201,2023-02-05 06:31:57
ACC-02206,Bharath Self Drive Cars Pvt Ltd,Car Rental & Self-Drive,Automotive Rental,,Davanagere,Karnataka,bharathselfdrivecars.co.in,29JCRCB8330A1ZA,,,,42,USR-216,2024-10-14 22:50:06
ACC-02207,Brindavan Capital Pvt Ltd,Corporate (Staff & Executive Cars),Banking & Financial Services,,Bengaluru,Karnataka,brindavancapital.in,29QPJCB3748V1Z9,289023868,,,13,USR-212,2019-01-31 17:34:54
ACC-02208,Malnad Staff Transport Services LLP,Employee Transport Services,Transportation Services,,Mangaluru,Karnataka,malnadstafftransportse.com,29SZLFM4129E1ZA,,,,91,USR-211,2019-09-23 01:45:57
ACC-02209,Orbit Builders Ltd,Corporate (Staff & Executive Cars),Construction & Real Estate,,Bengaluru,Karnataka,orbitbuildersltd.co.in,29ELRCO0332Y1ZK,,,,4,USR-209,2021-09-26 14:04:30
ACC-02210,Sri Lakshmi Corporate Mobility Pvt Ltd,Employee Transport Services,Transportation Services,,Mysuru,Karnataka,srilakshmicorporatemob.in,29ALOCS0645Q1ZV,840108586,,,134,USR-209,2026-03-27 18:17:50
ACC-02211,Mahalakshmi Holidays,Hotels & Travel,Hospitality,,Bengaluru,Karnataka,mahalakshmiholidays.in,29ASNPM0290S1ZS,718621683,,,20,USR-213,2022-09-12 10:18:27
ACC-02212,Rapid Cab Services LLP,Cab Fleet Operator,Transportation Services,,Mysuru,Karnataka,rapidcabservices.co.in,29KZQFR4708A1ZF,,,,14,USR-206,2022-03-26 10:14:26
ACC-02213,Unity Travels,Cab Fleet Operator,Transportation Services,,Udupi,Karnataka,unitytravels.com,29SPQPU8826M1Z3,,,,24,USR-211,2020-12-27 13:02:53
ACC-02214,Royal Capital Pvt Ltd,Corporate (Staff & Executive Cars),Banking & Financial Services,,Udupi,Karnataka,royalcapital.com,,497630938,,,13,USR-216,2025-02-14 09:47:45
ACC-02215,Unity Infotech Pvt Ltd,Corporate (Staff & Executive Cars),IT,,Bengaluru,Karnataka,unityinfotech.co.in,29AFFCU0385D1Z1,,,Named,25,USR-216,2025-06-28 20:36:41
ACC-02216,Pinnacle Employee Transport Solutions Ltd,Employee Transport Services,Transportation Services,,Mangaluru,Karnataka,pinnacleemployeetransp.in,29EZPCP6569H1Z1,,,,51,USR-214,2021-07-07 08:22:08
ACC-02217,Galaxy Tours & Travels LLP,Cab Fleet Operator,Transportation Services,,Bengaluru,Karnataka,galaxytourstravels.co.in,29ZCUFG8567M1ZC,,,,14,USR-211,2025-01-31 09:54:27
ACC-02218,Garden City Life Sciences Pvt Ltd,Corporate (Staff & Executive Cars),Pharmaceuticals,,BLR,Karnataka,gardencitylifesciences.co.in,29ORICG3488J1ZM,,,,26,USR-202,2025-12-19 06:00:27
ACC-02219,Srinidhi Taxi Services,Cab Fleet Operator,Transportation Services,,Mysuru,Karnataka,srinidhitaxiservices.com,29EYLPS6231P1ZD,,,,20,USR-208,2025-07-09 01:07:41
ACC-02220,Surya Fleet Services Pvt Ltd,Cab Fleet Operator,Transportation Services,,Bengaluru,Karnataka,suryafleetservices.co.in,29JAKCS1273C1Z4,,,,78,USR-212,2019-07-13 19:55:20
ACC-02221,Netravati Car Hire,Car Rental & Self-Drive,Automotive Rental,,Bengaluru,Karnataka,netravaticarhire.in,29YZWPN6132C12C,,,,53,USR-204,2025-10-07 20:29:31
ACC-02222,Krishna Public School Pvt Ltd,Hospitals & Education,Education,,Hubballi,Karnataka,krishnapublicschool.co.in,29NRNCK6197F1ZJ,,,,14,USR-205,2020-08-21 11:09:12
ACC-02223,Sharavathi Education Trust,Hospitals & Education,Education,,BLR,Karnataka,sharavathieducationtru.in,29QJDTS9465U1Z3,,,,4,USR-211,2020-03-14 12:28:30
ACC-02224,Malnad Corporate Mobility Pvt Ltd,Employee Transport Services,Transportation Services,,Mangaluru,Karnataka,malnadcorporatemobilit.co.in,29XUPCM0780L1Z1,,,,98,USR-216,2026-07-04 19:57:31
ACC-02225,Swift Corporate Mobility Pvt Ltd,Employee Transport Services,Transportation Services,,Hubballi,Karnataka,swiftcorporatemobility.com,29YLLCS6584C1ZL,210354001,,,141,USR-208,2026-06-24 12:25:46
ACC-02226,Sri Ganesh Constructions LLP,Corporate (Staff & Executive Cars),Construction & Real Estate,,Hubballi,Karnataka,sriganeshconstructions.com,29VYPFS7763G1ZH,137965060,,,3,USR-214,2024-09-10 05:56:39
ACC-02227,Kaveri Fleet Services,Cab Fleet Operator,Transportation Services,,Bengaluru,Karnataka,kaverifleetservices.co.in,29TGZPK8468B1Z3,,,,9,USR-208,2021-12-30 18:49:57
ACC-02228,Airavata Leasing Pvt Ltd,Leasing & Subscription,Banking & Financial Services,,Udupi,Karnataka,airavataleasing.com,29HMRCA1512K1ZL,599705011,,,92,USR-211,2022-10-30 16:41:29
ACC-02229,Sterling Supermarts Pvt Ltd,Corporate (Staff & Executive Cars),Retail,,Bengaluru,Karnataka,sterlingsupermarts.com,29HORCS7097Q1ZV,507185074,,,28,USR-214,2025-03-25 19:42:35
ACC-02230,Tunga Builders Pvt Ltd,Corporate (Staff & Executive Cars),Construction & Real Estate,,Bengaluru,Karnataka,tungabuilders.com,29AJQCT6337W1ZB,988686041,,,4,USR-216,2022-03-19 19:03:18
ACC-02231,Vishwa Cab Services,Cab Fleet Operator,Transportation Services,,Bengaluru,Karnataka,vishwacabservices.in,29SLDPV8786Y1ZO,,,Named,54,USR-215,2023-05-15 11:00:16
ACC-02232,District Collectorate - Hassan,Government / PSU,Government,,Shivamogga,Karnataka,,29XQQGD7364H1Z8,,,,90,USR-214,2018-09-24 01:52:42
ACC-02233,Sterling Commute Solutions Pvt Ltd,Employee Transport Services,Transportation Services,,Bengaluru,Karnataka,sterlingcommutesolutio.in,29WWECS9413B1ZK,,,,204,USR-208,2025-11-05 18:06:44
ACC-02234,Omkar Healthcare Products Pvt Ltd,Corporate (Staff & Executive Cars),Pharmaceuticals,,Shivamogga,Karnataka,omkarhealthcareproduct.in,29IAJCO8658C1ZR,173791993,,,12,USR-202,2025-05-19 17:31:09
ACC-02235,Nakshatra Cabs LLP,Cab Fleet Operator,Transportation Services,,Mysuru,Karnataka,nakshatracabs.co.in,29TYPFN5382O1ZC,,,,13,USR-201,2021-06-26 20:06:11
ACC-02236,Sharada Infotech LLP,Corporate (Staff & Executive Cars),Information Technology,,Bengaluru,Karnataka,sharadainfotech.in,29GKSFS2960B1Z6,478152541,,,19,USR-216,2026-07-07 00:55:38
ACC-02237,Karavali Auto Leasing Pvt Ltd,Leasing & Subscription,Banking & Financial Services,,Hubballi,Karnataka,karavaliautoleasing.in,29IJUCK8703W1ZA,434964439,,Named,1023,USR-215,2024-06-13 06:57:04
ACC-02238,Suvarna Digital Systems Ltd,Corporate (Staff & Executive Cars),Information Technology,,Bengaluru,Karnataka,suvarnadigitalsystemsl.in,29EEWCS4313K1ZD,322764760,,,42,USR-206,2024-12-07 19:35:44
ACC-02239,Orbit Cab Services Pvt Ltd,Cab Fleet Operator,Transportation Services,,Bengaluru,Karnataka,orbitcabservices.co.in,29KZVCO4628T1ZD,,,Named,40,USR-202,2019-03-23 08:09:44
ACC-02240,Anugraha Employee Transport Solutions Pvt Ltd,Employee Transport Services,Transportation Services,,Bengaluru,Karnataka,anugrahaemployeetransp.co.in,29DNECA1168E1Z1,,,Named,141,USR-209,2022-08-05 10:08:12
ACC-02241,Zenith Technologies Pvt Ltd,Corporate (Staff & Executive Cars),Information Technology,,Bengaluru,Karnataka,zenithtechnologies.co.in,29RQDCZ9086Q1ZN,,,,4,USR-208,2026-03-22 22:05:59
ACC-02242,Vasudha Pharmaceuticals LLP,Corporate (Staff & Executive Cars),Pharmaceuticals,,Mysuru,Karnataka,vasudhapharmaceuticals.co.in,29VVBFV2837H1Z7,,,,15,USR-208,2019-11-12 17:54:54
ACC-02243,Tulasi Pharmaceuticals Pvt Ltd,Corporate (Staff & Executive Cars),Pharmaceuticals,,Mysuru,Karnataka,tulasipharmaceuticals.co.in,29MKUCT1551W1Z3,,,,8,USR-205,2018-11-19 02:42:23
ACC-02244,Elite Capital Ltd,Corporate (Staff & Executive Cars),Banking & Financial Services,,Bengaluru,Karnataka,elitecapitalltd.in,29NMDCE0458F1ZP,485586156,,Named,15,USR-201,2023-08-21 14:21:34
ACC-02245,Tulasi Rent-a-Car Pvt Ltd,Car Rental & Self-Drive,Rental,,Bengaluru,Karnataka,tulasirentacar.co.in,,,,,72,USR-206,2020-11-01 17:07:35
ACC-02246,Nakshatra Developers Pvt Ltd,Corporate (Staff & Executive Cars),Construction,,Shivamogga,Karnataka,nakshatradevelopers.in,29JFJCN6745A1ZT,108669186,,,23,USR-208,2020-06-23 22:16:06
ACC-02247,Sapphire Engineering Works Pvt Ltd,Corporate (Staff & Executive Cars),Manufacturing,,BLR,Karnataka,sapphireengineeringwor.in,29BFXCS7831W1ZC,,,,34,USR-211,2024-11-29 23:31:42
ACC-02248,Silicon Hotels & Resorts LLP,Hotels & Travel,Hospitality,,Mysuru,Karnataka,siliconhotelsresorts.in,29KICFS5132V1ZN,,,,4,USR-204,2025-10-11 15:37:02
ACC-02249,Bharath Retail Pvt Ltd,Corporate (Staff & Executive Cars),Retail,,Bengaluru,Karnataka,bharathretail.com,29AUWCB6177I1ZN,433331611,,,11,USR-214,2025-11-15 03:09:28
ACC-02250,Evergreen Cab Services,Cab Fleet Operator,Transportation Services,,Bengaluru,Karnataka,evergreencabservices.com,29YHEPE9483B1ZM,,,,11,USR-214,2026-08-14 00:22:48
ACC-02251,Sharada Cab Services Pvt Ltd,Cab Fleet Operator,Transportation Services,,Bengaluru,Karnataka,sharadacabservices.in,29CSSCS2032G1Z3,,,,39,USR-211,2023-07-31 07:00:43
ACC-02252,Elite Healthcare Products Pvt Ltd,Corporate (Staff & Executive Cars),Pharmaceuticals,,Hubballi,Karnataka,elitehealthcareproduct.com,29JOOCE1450N1Z3,662347898,,,51,USR-208,2019-08-23 12:43:29
ACC-02253,Chandra Car Hire,Car Rental & Self-Drive,Automotive Rental,,Bangalore,Karnataka,chandracarhire.in,29VBIPC7621E1Z9,,,,33,USR-208,2024-10-23 03:52:13
ACC-02254,Annapoorna Car Rentals,Car Rental & Self-Drive,Automotive Rental,,Bengaluru,Karnataka,annapoornacarrentals.in,29RECPA0930E1ZP,394362623,,,22,USR-216,2024-05-23 06:18:14
ACC-02255,Sri Lakshmi Life Sciences Pvt Ltd,Corporate (Staff & Executive Cars),Pharma,,Hubballi,Karnataka,srilakshmilifesciences.com,29WKKCS0131R1ZO,,,,7,USR-214,2022-07-27 12:46:07
ACC-02256,Mahalakshmi Digital Systems Pvt Ltd,Corporate (Staff & Executive Cars),Information Technology,,Bangalore,Karnataka,mahalakshmidigitalsyst.com,29GGFCM2866U1ZW,,,,11,USR-209,2022-04-15 09:27:25
ACC-02257,Karavali Travels,Cab Fleet Operator,Transportation Services,,Bengaluru,Karnataka,karavalitravels.co.in,29YRMPK0410D1ZI,,,,20,USR-211,2024-11-12 03:16:09
ACC-02258,Brindavan Institute of Technology Pvt Ltd,Hospitals & Education,Education,,Bengaluru,Karnataka,brindavaninstituteofte.in,29AHKCB6551P1ZI,,,,10,USR-216,2026-09-08 15:46:11
ACC-02259,Rapid Life Sciences Pvt Ltd,Corporate (Staff & Executive Cars),Pharmaceuticals,,Davanagere,Karnataka,rapidlifesciences.in,29MQFCR8518K1ZJ,865453694,,,20,USR-207,2020-05-05 17:14:15
ACC-02260,Vasudha Cab Services Pvt Ltd,Cab Fleet Operator,Transportation Services,,Bengaluru,Karnataka,vasudhacabservices.in,29FPMCV3862X1ZU,729118839,,,18,USR-206,2026-09-16 11:18:47
ACC-02261,Urbanline Travels,Cab Fleet Operator,Transportation Services,,Mangaluru,Karnataka,urbanlinetravels.com,29XYEPU6656G1Z5,,,,48,USR-206,2025-01-04 18:56:44
ACC-02262,Ujwal Leasing Pvt Ltd,Leasing & Subscription,Banking & Financial Services,,Shivamogga,Karnataka,ujwalleasing.com,29FFQCU3332Q1Z1,890159378,,,353,USR-213,2021-01-03 02:19:54
ACC-02263,Brindavan Public School Pvt Ltd,Hospitals & Education,Education,,Bengaluru,Karnataka,brindavanpublicschool.in,29FUHCB8502J1Z6,,,,11,USR-208,2026-09-21 03:09:53
ACC-02264,Aadhya Staff Transport Services LLP,Employee Transport Services,Transportation Services,,Bengaluru,Karnataka,aadhyastafftransportse.com,29LDBFA8204J1Z1,,,,173,USR-206,2020-05-26 02:50:01
ACC-02265,Garden City Technologies Pvt Ltd,Corporate (Staff & Executive Cars),Information Technology,,Hubballi,Karnataka,gardencitytechnologies.co.in,,,,,10,USR-212,2019-07-25 04:19:51
ACC-02266,Greenline Travels Pvt Ltd,Cab Fleet Operator,Transportation Services,,Tumakuru,Karnataka,greenlinetravels.com,29WXDCG9643Q1ZS,,,,56,USR-214,2019-11-19 00:06:17
ACC-02267,Zenith Car Subscription Services Pvt Ltd,Leasing & Subscription,Banking & Financial Services,,Bengaluru,Karnataka,zenithcarsubscriptions.co.in,,505973026,,,1008,USR-210,2021-10-20 20:10:29
ACC-02268,Amrutha Cabs Pvt Ltd,Cab Fleet Operator,Transportation Services,,Hubballi,Karnataka,amruthacabs.in,29MQDCA9783J1ZR,,,Key,25,USR-198,2021-11-08 22:25:02
ACC-02269,Sharada Medical Trust,Hospitals & Education,Healthcare,,Bengaluru,Karnataka,sharadamedicaltrust.com,29WGETS5168S1ZF,,,,15,USR-212,2021-09-18 22:37:14
ACC-02270,Annapoorna Travels Pvt Ltd,Cab Fleet Operator,Transportation Services,,Belagavi,Karnataka,annapoornatravels.co.in,29PFPCA5676S1ZP,,,Named,20,USR-211,2025-03-21 04:48:58
ACC-02271,Annapoorna Credit Services Pvt Ltd,Corporate (Staff & Executive Cars),Banking & Financial Services,,Hubballi,Karnataka,annapoornacreditservic.co.in,,932243023,,,12,USR-216,2019-03-21 13:47:53
ACC-02272,Heritage Fleet Leasing Ltd,Leasing & Subscription,Banking & Financial Services,,Udupi,Karnataka,heritagefleetleasinglt.com,29XIUCH1901S1ZM,158260474,,,316,USR-207,2019-09-14 14:49:51
ACC-02273,Trishul Digital Systems Pvt Ltd,Corporate (Staff & Executive Cars),IT Services,,Bengaluru,Karnataka,trishuldigitalsystems.co.in,29HOSCT4602V1Z6,245167802,,,97,USR-216,2020-09-28 18:42:59
ACC-02274,Maruthi Nagar Taxi Services Pvt Ltd,Cab Fleet Operator,Transportation Services,,Udupi,Karnataka,maruthinagartaxiservic.co.in,29ORCCM7648Z1ZO,,,,18,USR-206,2026-03-13 03:11:54
ACC-02275,Nandi Diagnostics,Hospitals & Education,Healthcare,,Mysuru,Karnataka,nandidiagnostics.in,29WJVTN2704H1ZZ,,,,3,USR-216,2019-12-29 00:43:06
ACC-02276,Airavata Fleet Services Pvt Ltd,Cab Fleet Operator,Transportation Services,,Bengaluru,Karnataka,airavatafleetservices.com,29HQNCA3377Z1Z4,,,,32,USR-211,2025-03-18 17:54:07
ACC-02277,Karavali Taxi Services Pvt Ltd,Cab Fleet Operator,Transportation Services,,Bengaluru,Karnataka,karavalitaxiservices.in,29YYBCK1084A1ZW,,,,66,USR-214,2026-09-19 10:11:59
ACC-02278,Amrutha Travels,Cab Fleet Operator,Transport,,Mysuru,Karnataka,amruthatravels.in,29TVCPA5107K1Z8,,,Named,37,USR-216,2022-01-31 02:34:29
ACC-02279,Kaveri Life Sciences Pvt Ltd,Corporate (Staff & Executive Cars),Pharmaceuticals,,Hubballi,Karnataka,kaverilifesciences.in,29TQTCK2970B1ZS,,,,9,USR-216,2024-07-05 21:03:27
ACC-02280,Sai Krupa Staff Transport Services Pvt Ltd,Employee Transport Services,Transportation Services,,Mysuru,Karnataka,saikrupastafftransport.co.in,,130749104,,,161,USR-216,2024-12-11 04:43:12
ACC-02281,Vishwa Car Rentals LLP,Car Rental & Self-Drive,Automotive Rental,,Bengaluru,Karnataka,vishwacarrentals.in,29HZWFV8857N1ZZ,,,,103,USR-208,2019-12-01 21:24:40
ACC-02282,Akshaya Travels Pvt Ltd,Cab Fleet Operator,Transportation Services,,Shivamogga,Karnataka,akshayatravels.in,29DCYCA9163N1ZA,,,,63,USR-208,2025-07-10 15:56:35
ACC-02283,Greenline Hospitality Services,Hotels & Travel,Hospitality,,Bengaluru,Karnataka,greenlinehospitalityse.com,29EZRPG4069M1ZF,,,,13,USR-203,2023-01-11 20:36:43
ACC-02284,Sanjeevini Polymers LLP,Corporate (Staff & Executive Cars),Manufacturing,,Bengaluru,Karnataka,sanjeevinipolymers.co.in,29KVLFS6116K1Z8,,,,16,USR-208,2021-08-06 17:17:26
ACC-02285,Anugraha Infotech LLP,Corporate (Staff & Executive Cars),Information Technology,,Bengaluru,Karnataka,anugrahainfotech.in,29KJKFA3504T1Z3,891786568,,,7,USR-214,2025-10-21 23:07:56
ACC-02286,Tulasi Infra Projects Pvt Ltd,Corporate (Staff & Executive Cars),Construction & Real Estate,,Bengaluru,Karnataka,tulasiinfraprojects.com,29QVKCT1460M1Z7,,,Key,16,USR-199,2026-03-13 23:47:48
ACC-02287,Sai Krupa Capital Ltd,Corporate (Staff & Executive Cars),Banking & Financial Services,,Mysuru,Karnataka,saikrupacapitalltd.com,,880529414,,,39,USR-204,2022-06-02 08:58:55
ACC-02288,Sahyadri Cabs Pvt Ltd,Cab Fleet Operator,Transportation Services,,Bengaluru,Karnataka,sahyadricabs.com,,,,,25,USR-206,2025-04-22 03:59:36
ACC-02289,Zenith Taxi Services,Cab Fleet Operator,Transportation Services,,Bengaluru,Karnataka,zenithtaxiservices.co.in,29GHBPZ1042S1ZG,,,,15,USR-209,2026-05-12 02:59:43
ACC-02290,Nandi Cabs Pvt Ltd,Cab Fleet Operator,Transportation Services,,Mysore,Karnataka,nandicabs.co.in,29XRECN3941A1Z3,,,Key,28,USR-197,2021-07-28 16:16:38
ACC-02291,Anugraha Finance Pvt Ltd,Corporate (Staff & Executive Cars),Banking & Financial Services,,Bengaluru,Karnataka,anugrahafinance.co.in,,509192497,,,11,USR-216,2026-05-12 21:28:31
ACC-02292,Crescent Rent-a-Car,Car Rental & Self-Drive,Automotive Rental,,Bengaluru,Karnataka,crescentrentacar.co.in,29ZAPPC9571H1ZH,603749611,,Named,11,USR-214,2019-06-10 10:10:08
ACC-02293,Sapphire Employee Transport Solutions Pvt Ltd,Employee Transport Services,Transportation Services,,Mysuru,Karnataka,sapphireemployeetransp.in,29JIRCS1127K1Z6,,,,24,USR-212,2019-05-16 03:52:52
ACC-02294,Vega Staff Transport Services Ltd,Employee Transport Services,Transportation Services,,Bengaluru,Karnataka,vegastafftransportserv.co.in,29TFQCV6300H1Z7,,,,106,USR-214,2022-09-26 15:28:59
ACC-02295,Chandra Cabs Pvt Ltd,Cab Fleet Operator,Transportation Services,,Bengaluru,Karnataka,chandracabs.co.in,29ODYCC4694Z1Z5,,,Named,13,USR-206,2020-07-10 16:28:12
ACC-02296,Navya Fleet Leasing Ltd,Leasing & Subscription,Banking & Financial Services,,Bengaluru,Karnataka,navyafleetleasingltd.com,29RLUCN5003T1ZD,867948229,,Named,159,USR-203,2024-07-31 04:21:44
ACC-02297,Sanjeevini Cabs,Cab Fleet Operator,Transportation Services,,Bengaluru,Karnataka,sanjeevinicabs.in,29JOVPS6517Q1ZB,,,,9,USR-204,2024-05-02 05:13:02
ACC-02298,Netravati Infotech Pvt Ltd,Corporate (Staff & Executive Cars),Information Technology,,Bengaluru,Karnataka,netravatiinfotech.in,29XEGCN6559X1Z5,474848526,,,81,USR-204,2026-04-12 11:05:38
ACC-02299,Annapoorna Technologies Ltd,Corporate (Staff & Executive Cars),I.T.,,Bengaluru,Karnataka,annapoornatechnologies.in,29TFQCA6662I1Z8,502901492,,Named,11,USR-209,2021-06-05 03:19:41
ACC-02300,Anugraha Car Hire LLP,Car Rental & Self-Drive,Automotive Rental,,Bengaluru,Karnataka,anugrahacarhire.co.in,29VBEFA5292N1ZA,,,,24,USR-204,2019-09-01 04:05:14
ACC-02301,Shubham Tours & Travels,Cab Fleet Operator,Transportation Services,,Hubballi,Karnataka,shubhamtourstravels.co.in,29BZHPS2831G1Z3,,,Named,19,USR-212,2019-04-23 17:10:51
ACC-02302,Sapphire Traders LLP,Corporate (Staff & Executive Cars),Retail,,Bengaluru,Karnataka,sapphiretraders.co.in,29FJKFS9731H1ZY,,,,29,USR-214,2025-04-26 01:27:15
ACC-02303,Namma Constructions Pvt Ltd,Corporate (Staff & Executive Cars),Construction & Real Estate,,Mysuru,Karnataka,nammaconstructions.co.in,,772630036,,Named,9,USR-214,2018-10-20 21:18:50
ACC-02304,Sai Krupa Taxi Services,Cab Fleet Operator,Transportation Services,,Bengaluru,Karnataka,saikrupataxiservices.co.in,29LUZPS1951A1ZU,,,,47,USR-206,2025-09-01 13:40:53
ACC-02305,Sharada Travels LLP,Cab Fleet Operator,Transportation Services,,Shivamogga,Karnataka,sharadatravels.com,29KQXFS9281Q1ZE,748648220,,Named,10,USR-214,2025-12-30 10:27:56
ACC-02306,Sharavathi Self Drive Cars LLP,Car Rental & Self-Drive,Automotive Rental,,Bengaluru,Karnataka,sharavathiselfdrivecar.in,29GLZFS8380D1ZJ,,,,12,USR-204,2025-10-04 07:41:50
ACC-02307,Vega Tours & Travels,Cab Fleet Operator,Transportation Services,,Bengaluru,Karnataka,vegatourstravels.in,29MQSPV5399C1ZJ,,,,48,USR-202,2025-08-29 03:02:44
ACC-02308,Sahyadri Employee Transport Solutions Pvt Ltd,Employee Transport Services,Transportation Services,,Bengaluru,Karnataka,sahyadriemployeetransp.co.in,29OMBCS6784Y1ZS,818318044,,,35,USR-211,2020-05-18 21:27:28
ACC-02309,Netravati Employee Transport Solutions Pvt Ltd,Employee Transport Services,Transportation Services,,Mangaluru,Karnataka,netravatiemployeetrans.co.in,29IGOCN2985B1ZJ,,,,97,USR-211,2022-04-28 23:07:20
ACC-02310,Bharath Infra Projects LLP,Corporate (Staff & Executive Cars),Construction & Real Estate,,Bengaluru,Karnataka,bharathinfraprojects.in,29OESFB5957E1ZB,600996320,,Named,26,USR-214,2023-05-10 02:35:14
ACC-02311,Orbit Life Sciences Ltd,Corporate (Staff & Executive Cars),Pharmaceuticals,,Mysuru,Karnataka,orbitlifesciencesltd.in,29USLCO6668L1ZV,,,Named,61,USR-211,2023-03-11 06:55:01
ACC-02312,Chandra Life Sciences Pvt Ltd,Corporate (Staff & Executive Cars),Pharmaceuticals,,Mangaluru,Karnataka,chandralifesciences.com,29HSOCC8962K1ZI,,,,12,USR-208,2021-01-29 18:54:18
ACC-02313,Pragati Resorts,Hotels & Travel,Hospitality,,Belagavi,Karnataka,pragatiresorts.in,29EAKPP3263Q1ZQ,,,,5,USR-208,2024-12-10 04:53:48
ACC-02314,Vasudha Industries Pvt Ltd,Corporate (Staff & Executive Cars),Manufacturing,,Bengaluru,Karnataka,vasudhaindustries.in,29VBHCV1235L1ZD,379294022,,,18,USR-211,2020-04-14 14:40:17
ACC-02315,Metro Developers Pvt Ltd,Corporate (Staff & Executive Cars),Construction & Real Estate,,Davanagere,Karnataka,metrodevelopers.in,29DEXCM8571W1ZB,,,,4,USR-216,2026-04-10 15:15:45
ACC-02316,Hampi Commute Solutions LLP,Employee Transport Services,Transportation Services,,Bengaluru,Karnataka,hampicommutesolutions.in,29EERFH1853V1ZU,979283164,,Named,106,USR-208,2026-06-06 18:06:15
ACC-02317,Anugraha Car Rentals Pvt Ltd,Car Rental & Self-Drive,Automotive Rental,,Mangaluru,Karnataka,anugrahacarrentals.com,29BLCCA6070X1Z3,,,Named,257,USR-208,2021-12-08 19:33:48
ACC-02318,Mahalakshmi Hotels & Resorts Pvt Ltd,Hotels & Travel,Hotels,,Hubballi,Karnataka,mahalakshmihotelsresor.co.in,29QVDCM6575J1Z9,,,Key,9,USR-197,2026-01-30 09:23:29
ACC-02319,Police Motor Transport Unit - Gadag,Government / PSU,Government,,Bengaluru,Karnataka,,29DTDGP7497W1ZI,,,,21,USR-201,2019-04-08 05:23:10
ACC-02320,Vasudha Infotech LLP,Corporate (Staff & Executive Cars),Information Technology,,Mangaluru,Karnataka,vasudhainfotech.in,,850637735,,,20,USR-211,2019-09-13 08:56:38
ACC-02321,District Health Office - Bengaluru Urban,Government / PSU,Government,,Belagavi,Karnataka,,29LDXGD8296D1Z3,,,,23,USR-202,2025-10-31 00:33:31
ACC-02322,Skyline Cabs Pvt Ltd,Cab Fleet Operator,Transportation Services,,Bengaluru,Karnataka,skylinecabs.co.in,29CKICS9668L1ZM,,,,5,USR-202,2022-12-15 18:30:47
ACC-02323,Lotus Multispeciality Hospital Pvt Ltd,Hospitals & Education,Healthcare,,Tumakuru,Karnataka,lotusmultispecialityho.in,,,,,10,USR-208,2024-10-07 21:43:12
ACC-02324,Airavata Corporate Mobility LLP,Employee Transport Services,Transportation Services,,Bengaluru,Karnataka,airavatacorporatemobil.com,29WNKFA7899I1Z7,596019548,,,415,USR-211,2026-07-28 16:16:42
ACC-02325,Suvarna Polymers Pvt Ltd,Corporate (Staff & Executive Cars),Manufacturing,,Tumakuru,Karnataka,suvarnapolymers.in,29LUWCS9872S1Z3,858279718,,,11,USR-209,2020-02-26 08:51:50
ACC-02326,Chamundi Self Drive Cars Pvt Ltd,Car Rental & Self-Drive,Automotive Rental,,Bengaluru,Karnataka,chamundiselfdrivecars.co.in,29TNDCC4511K1ZE,,,,54,USR-216,2018-12-23 22:34:34
ACC-02327,District Health Office - Shivamogga,Government / PSU,Government,,Bengaluru,Karnataka,,29CQGGD8767X1ZX,,,,19,USR-216,2025-11-15 00:55:17
ACC-02328,Zenith Multispeciality Hospital,Hospitals & Education,Healthcare,,Bengaluru,Karnataka,zenithmultispecialityh.co.in,29STRTZ0340S1ZS,643940548,,,3,USR-206,2022-09-27 04:18:47
ACC-02329,Swift Tours & Travels,Cab Fleet Operator,Transportation Services,,Belagavi,Karnataka,swifttourstravels.co.in,,,,,39,USR-208,2025-04-29 06:00:54
ACC-02330,Rapid Hospitality Services Pvt Ltd,Hotels & Travel,Hospitality,,Bengaluru,Karnataka,rapidhospitalityservic.in,,,,,21,USR-206,2025-05-23 08:39:09
ACC-02331,Nandi Employee Transport Solutions Ltd,Employee Transport Services,Transportation Services,,Bengaluru,Karnataka,nandiemployeetransport.co.in,29XHZCN5167A1ZX,919094859,,,90,USR-209,2026-07-05 13:11:04
ACC-02332,Srinidhi Medical Trust,Hospitals & Education,Healthcare,,Bengaluru,Karnataka,srinidhimedicaltrust.in,29BSETS4995E1ZV,486258308,,,6,USR-209,2026-01-19 07:47:28
ACC-02333,Tulasi Mobility Services Ltd,Employee Transport Services,Transportation Services,,Bengaluru ,Karnataka,tulasimobilityservices.in,29OUBCT0503C1ZF,407135816,,,57,USR-213,2019-09-01 17:06:00
ACC-02334,Public Works Division - Mysuru,Government / PSU,Government,,Mangalore,Karnataka,,29JWNGP6482V1Z7,,,,25,USR-205,2024-05-18 07:30:00
ACC-02335,Greenline Hospital,Hospitals & Education,Healthcare,,Bengaluru ,Karnataka,greenlinehospital.in,29GQJTG2176G1ZC,,,Named,11,USR-211,2026-08-16 13:59:18
ACC-02336,Silicon Fleet Services,Cab Fleet Operator,Transportation Services,,Bengaluru,Karnataka,siliconfleetservices.in,29RMNPS7670M1ZF,,,Named,8,USR-202,2026-01-05 06:03:39
ACC-02337,Skyline Mobility Services Ltd,Employee Transport Services,Transportation Services,,Bengaluru,Karnataka,skylinemobilityservice.com,29AOPCS3417D1ZF,685045645,,,100,USR-205,2025-05-02 17:46:33
ACC-02338,Sharada Tours & Travels Pvt Ltd,Cab Fleet Operator,Transportation Services,,Hubballi,Karnataka,sharadatourstravels.co.in,29GMRCS8164J1ZK,,,,13,USR-202,2024-03-26 14:47:25
ACC-02339,Netravati Hotels & Resorts Pvt Ltd,Hotels & Travel,Hospitality,,Bengaluru,Karnataka,netravatihotelsresorts.in,29LMECN7367T1ZA,593928098,,,17,USR-210,2019-07-21 12:23:51
ACC-02340,Airavata Corporate Mobility Pvt Ltd,Employee Transport Services,Transportation Services,,Hubballi,Karnataka,airavatacorporatemobil.in,29RBMCA3105H1Z9,927300219,,,72,USR-204,2019-03-22 15:21:58
ACC-02341,Horizon College,Hospitals & Education,Educational Institution,,Belagavi,Karnataka,horizoncollege.com,29SORTH6793T1ZP,656063248,,,7,USR-216,2022-07-07 04:47:21
ACC-02342,Sterling Mobility Services Pvt Ltd,Employee Transport Services,Transportation Services,,Bengaluru,Karnataka,sterlingmobilityservic.com,29TIACS4820A1ZS,,,,209,USR-214,2023-04-13 14:22:25
ACC-02343,Sharada Credit Services Pvt Ltd,Corporate (Staff & Executive Cars),Banking & Financial Services,,Bengaluru,Karnataka,sharadacreditservices.com,29GEECS0271P1ZI,,,,6,USR-210,2021-08-26 13:49:25
ACC-02344,Forest Division Office - Chamarajanagar,Government / PSU,Government,,Bengaluru,Karnataka,,29DEJGF0439O1ZL,,,,16,USR-208,2026-07-13 02:21:23
ACC-02345,Suvarna Finance Ltd,Corporate (Staff & Executive Cars),Banking & Financial Services,,Bengaluru,Karnataka,suvarnafinanceltd.com,29RTQCS1978P1ZK,,,,7,USR-203,2020-07-11 01:30:18
ACC-02346,Akshaya Taxi Services,Cab Fleet Operator,Transportation Services,,Bengaluru,Karnataka,akshayataxiservices.co.in,29GRMPA8793X1Z3,,,,14,USR-216,2021-04-06 09:53:54
ACC-02347,Unity Industries Pvt Ltd,Corporate (Staff & Executive Cars),,,Bengaluru,Karnataka,unityindustries.co.in,29GHVCU0651N1ZX,286919953,,,10,USR-206,2025-07-18 04:42:48
ACC-02348,Sapphire Digital Systems Pvt Ltd,Corporate (Staff & Executive Cars),Information Technology,,Mangaluru,Karnataka,sapphiredigitalsystems.in,29EGZCS4292U1Z8,701750842,,,18,USR-202,2021-03-01 08:10:46
ACC-02349,Public Works Division - Dharwad,Government / PSU,Government,,Mangaluru,Karnataka,,29UMEGP4902N1ZK,,,,57,USR-207,2018-11-27 10:13:57
ACC-02350,Silicon Hotels & Resorts,Hotels & Travel,Hospitality,,Bengaluru,Karnataka,siliconhotelsresorts.co.in,29XXCPS4265P1ZZ,,,,27,USR-202,2026-06-28 14:58:09
ACC-02351,Deccan Infotech Pvt Ltd,Corporate (Staff & Executive Cars),Information Technology,,Mangalore,Karnataka,deccaninfotech.in,29OBRCD1485Q1Z6,210230482,,,9,USR-213,2023-01-13 13:03:43
ACC-02352,Royal Software Solutions LLP,Corporate (Staff & Executive Cars),Information Technology,,Bengaluru,Karnataka,royalsoftwaresolutions.in,,950896437,,,10,USR-207,2022-11-18 23:10:13
ACC-02353,Srinidhi Developers Pvt Ltd,Corporate (Staff & Executive Cars),Construction & Real Estate,,Belagavi,Karnataka,srinidhidevelopers.co.in,29MCPCS4633J1ZB,261252517,,,26,USR-206,2026-06-24 10:44:58
ACC-02354,Aadhya Tours & Travels Pvt Ltd,Cab Fleet Operator,Transportation Services,,Mangalore,Karnataka,aadhyatourstravels.com,29PIHCA5880W1ZK,,,,45,USR-205,2019-10-26 20:42:48
ACC-02355,Sri Ganesh Builders Pvt Ltd,Corporate (Staff & Executive Cars),Construction & Real Estate,,Tumakuru,Karnataka,sriganeshbuilders.co.in,29YWUCS5946J1ZF,,,,35,USR-208,2025-04-08 13:01:08
ACC-02356,Trishul Hotels & Resorts LLP,Hotels & Travel,Hospitality,,Bengaluru,Karnataka,trishulhotelsresorts.in,29KPDFT9458S1ZS,888985953,,,5,USR-202,2026-09-02 01:46:42
ACC-02357,Omkar Life Sciences LLP,Corporate (Staff & Executive Cars),Pharmaceuticals,,Bengaluru,Karnataka,omkarlifesciences.co.in,29RQHFO8458X1ZC,955659337,,,13,USR-204,2019-09-07 20:58:45
ACC-02358,Bluechip Fleet Services Pvt Ltd,Cab Fleet Operator,Transportation Services,,Hubballi,Karnataka,bluechipfleetservices.in,29AWECB7672G1Z4,,,,69,USR-206,2025-06-17 11:47:56
ACC-02359,Sharavathi Industries Ltd,Corporate (Staff & Executive Cars),Manufacturing,,Bengaluru,Karnataka,sharavathiindustrieslt.in,29TNACS8804U1Z5,627679604,,,36,USR-205,2022-10-21 23:23:50
ACC-02360,Heritage Life Sciences Pvt Ltd,Corporate (Staff & Executive Cars),Pharmaceuticals,,Bengaluru,Karnataka,heritagelifesciences.com,29MDGCH3561I1ZU,488722321,,,7,USR-202,2025-10-07 12:38:40
ACC-02361,Tulasi Digital Systems Pvt Ltd,Corporate (Staff & Executive Cars),Information Technology,,Shivamogga,Karnataka,tulasidigitalsystems.co.in,29BRBCT7391P1ZF,525124959,,Named,6,USR-206,2024-08-31 03:47:23
ACC-02362,Annapoorna Commute Solutions LLP,Employee Transport Services,Transportation Services,,Mysuru,Karnataka,annapoornacommutesolut.in,29SEYFA2863N1ZS,,,,83,USR-208,2020-02-07 05:41:00
ACC-02363,Unity Finance Pvt Ltd,Corporate (Staff & Executive Cars),Banking & Financial Services,,Bengaluru,Karnataka,unityfinance.co.in,29FYDCU9181D1ZJ,335850782,,,26,USR-216,2020-06-25 18:12:57
ACC-02364,Brindavan Staff Transport Services Ltd,Employee Transport Services,Transportation Services,,Bengaluru,Karnataka,brindavanstafftranspor.in,,705347858,,,63,USR-216,2023-07-25 14:26:59
ACC-02365,Amrutha Medical Trust,Hospitals & Education,Healthcare,,Bengaluru,Karnataka,amruthamedicaltrust.com,29CDETA4071A1ZW,830513197,,,6,USR-216,2026-09-04 08:32:03
ACC-02366,Metro Car Hire Pvt Ltd,Car Rental & Self-Drive,,,Davangere,Karnataka,metrocarhire.in,29JAGCM2728A1ZG,,,,61,USR-204,2023-02-15 22:00:23
ACC-02367,Horizon Constructions Pvt Ltd,Corporate (Staff & Executive Cars),Construction & Real Estate,,Bengaluru,Karnataka,horizonconstructions.in,29ZXYCH5611Y1Z3,,,,8,USR-211,2026-08-20 20:14:43
ACC-02368,Sapphire Taxi Services Pvt Ltd,Cab Fleet Operator,Transportation Services,,Bengaluru,Karnataka,sapphiretaxiservices.in,,,,,71,USR-202,2025-03-31 00:27:20
ACC-02369,Vasudha Travels LLP,Cab Fleet Operator,Transportation Services,,Bengaluru,Karnataka,vasudhatravels.co.in,29VBLFV5359A1Z9,,,,10,USR-202,2024-08-13 18:26:17
ACC-02370,Maruthi Nagar Fleet Leasing Pvt Ltd,Leasing & Subscription,Banking & Financial Services,,Bengaluru,Karnataka,maruthinagarfleetleasi.com,29GJSCM6399M1ZG,856886155,,,123,USR-202,2026-05-15 12:26:55
ACC-02371,Rapid Self Drive Cars Pvt Ltd,Car Rental & Self-Drive,Automotive Rental,,Bengaluru,Karnataka,rapidselfdrivecars.co.in,29UFNCR3628T1ZF,,,,45,USR-215,2021-02-13 14:41:29
ACC-02372,Vishwa Polymers Pvt Ltd,Corporate (Staff & Executive Cars),Manufacturing,,Mangaluru,Karnataka,vishwapolymers.co.in,29GJDCV9686K1ZM,271410570,,,31,USR-206,2019-08-01 06:55:50
ACC-02373,Kodagu Hospital,Hospitals & Education,Healthcare,,Bangalore,Karnataka,kodaguhospital.com,29FHVTK9605K1Z3,647788566,,,10,USR-204,2026-06-05 18:17:52
ACC-02374,Bluechip Infotech Pvt Ltd,Corporate (Staff & Executive Cars),Information Technology,,Bengaluru,Karnataka,bluechipinfotech.com,29KKACB8744G1ZN,,,,21,USR-202,2026-08-11 00:24:13
ACC-02375,Kadamba Cabs,Cab Fleet Operator,Transportation Services,,Bengaluru,Karnataka,kadambacabs.in,29IGSPK2394P1Z3,,,,13,USR-202,2026-07-04 23:59:52
ACC-02376,Evergreen Commute Solutions Ltd,Employee Transport Services,Transport,,Bengaluru,Karnataka,evergreencommutesoluti.co.in,29NMXCE6036R1ZE,506004626,,,90,USR-202,2026-09-14 13:14:26
ACC-02377,Emerald Commute Solutions LLP,Employee Transport Services,Transportation Services,,Bengaluru,Karnataka,emeraldcommutesolution.com,29CJVFE7595Q1ZB,,,,39,USR-202,2022-12-11 11:51:05
ACC-02378,Tulasi Car Rentals,Car Rental & Self-Drive,Car Rental,,Mangalore,Karnataka,tulasicarrentals.co.in,29RQEPT7331M1ZP,,,Named,11,USR-209,2021-06-01 12:56:44
ACC-02379,Garuda Travels LLP,Cab Fleet Operator,Transportation Services,,Bengaluru,Karnataka,garudatravels.in,29ZEEFG7349O1ZQ,,,,13,USR-206,2020-05-28 09:46:57
ACC-02380,Mahalakshmi Corporate Mobility Ltd,Employee Transport Services,Transportation,,Bengaluru,Karnataka,mahalakshmicorporatemo.co.in,29ABLCM7519D1Z5,,,Named,34,USR-216,2025-12-15 13:27:10
ACC-02381,Agriculture Department Office - Mysuru,Government / PSU,Government,,Bengaluru,Karnataka,,29GYFGA0733X1Z7,,,,73,USR-203,2020-04-22 16:56:38
ACC-02382,Sapphire Employee Transport Solutions Ltd,Employee Transport Services,Transportation Services,,Bengaluru,Karnataka,sapphireemployeetransp.in,29XKJCS2249S1Z7,874982342,,,99,USR-204,2018-10-14 01:05:36
ACC-02383,Metro Corporate Mobility Pvt Ltd,Employee Transport Services,Transportation Services,,Bengaluru,Karnataka,metrocorporatemobility.com,29FKSCM5194B1ZI,615302623,,Named,82,USR-204,2020-02-26 07:11:53
ACC-02384,Vasudha Tours & Travels LLP,Cab Fleet Operator,,,Bengaluru,Karnataka,vasudhatourstravels.in,29JLRFV4726Q1Z4,,,,17,USR-206,2024-07-23 07:11:37
ACC-02385,Royal Cabs,Cab Fleet Operator,Transportation Services,,Bengaluru ,Karnataka,royalcabs.in,29TXPPR4189Z1Z0,,,,18,USR-206,2025-10-01 05:41:39
ACC-02386,Trishul Staff Transport Services Pvt Ltd,Employee Transport Services,Transportation Services,,Bengaluru,Karnataka,trishulstafftransports.in,,,,,164,USR-216,2021-07-19 21:13:40
ACC-02387,Suvarna Commute Solutions Pvt Ltd,Employee Transport Services,Transportation,,Davanagere,Karnataka,suvarnacommutesolution.in,29WMSCS3720S1Z1,896425359,,,239,USR-216,2026-04-09 23:19:26
ACC-02388,Horizon Car Hire Pvt Ltd,Car Rental & Self-Drive,Car Rental,,Bengaluru,Karnataka,horizoncarhire.com,29TCDCH9789K1ZY,,,,14,USR-202,2026-04-20 02:57:02
ACC-02389,Rural Development Office - Kalaburagi,Government / PSU,Govt.,,Bengaluru,Karnataka,,29TMYGR8427Q1ZH,,,,126,USR-216,2026-05-11 00:13:51
ACC-02390,Agriculture Department Office - Bengaluru Urban,Government / PSU,Government,,Bengaluru,Karnataka,,29RVDGA1512R1ZL,,,Key,30,USR-198,2020-04-14 04:49:23
ACC-02391,Karavali Mobility Services LLP,Employee Transport Services,Transportation Services,,Mysuru,Karnataka,karavalimobilityservic.in,29LEBFK2897A1ZT,251866683,,,165,USR-216,2019-03-25 09:24:31
ACC-02392,Vijaya Supermarts Pvt Ltd,Corporate (Staff & Executive Cars),Retail,,Bengaluru,Karnataka,vijayasupermarts.co.in,29VCKCV 0218D1ZS,,,,8,USR-216,2021-01-16 11:41:10
ACC-02393,Suvarna Medical Trust,Hospitals & Education,Healthcare,,Tumakuru,Karnataka,suvarnamedicaltrust.co.in,29NMJTS9622K1ZN,210446914,,Named,14,USR-214,2025-05-22 22:37:09
ACC-02394,Sterling Taxi Services,Cab Fleet Operator,Transportation Services,,Bengaluru,Karnataka,sterlingtaxiservices.in,29YTGPS0419W120,,,,10,USR-206,2018-12-27 13:49:33
ACC-02395,Shubham Cabs,Cab Fleet Operator,Transportation Services,,Bengaluru,Karnataka,shubhamcabs.in,29KYRPS1699L1ZV,,,,44,USR-211,2025-11-30 11:24:47
ACC-02396,Bluechip Hospital Pvt Ltd,Hospitals & Education,Healthcare,,Bengaluru,Karnataka,bluechiphospital.com,29CAICB7455O1ZT,,,Named,6,USR-204,2026-01-22 03:41:16
ACC-02397,Akshaya Hospital,Hospitals & Education,Healthcare,,Bengaluru,Karnataka,akshayahospital.co.in,29DMATA5283A1Z8,,,,18,USR-209,2019-02-18 07:53:47
ACC-02398,Sai Krupa Infotech Pvt Ltd,Corporate (Staff & Executive Cars),Information Technology,,Bengaluru,Karnataka,saikrupainfotech.co.in,29PFWCS2965H1ZT,462837856,,,46,USR-201,2021-09-08 10:34:28
ACC-02399,Shubham Employee Transport Solutions LLP,Employee Transport Services,Transportation Services,,Bengaluru,Karnataka,shubhamemployeetranspo.com,29VTYFS1260S1ZD,,,,97,USR-216,2020-05-08 15:48:31
ACC-02400,Akshaya Engineering Works Pvt Ltd,Corporate (Staff & Executive Cars),Manufacturing,,Bengaluru,Karnataka,akshayaengineeringwork.co.in,29RSHCA7333N1ZO,,,,8,USR-202,2024-11-25 04:06:27
ACC-02401,Samruddhi Finance Pvt Ltd,Corporate (Staff & Executive Cars),Banking & Financial Services,,Mangalore,Karnataka,samruddhifinance.com,29PEYCS8559P1Z2,397986957,,,10,USR-206,2023-08-18 21:10:58
ACC-02402,Vasudha Capital LLP,Corporate (Staff & Executive Cars),Banking & Financial Services,,Udupi,Karnataka,vasudhacapital.in,29ooyfv3324t1zo,,,,18,USR-202,2025-12-23 23:49:43
ACC-02403,Kaveri Taxi Services LLP,Cab Fleet Operator,Transportation Services,,Shivamogga,Karnataka,kaveritaxiservices.com,29VLFFK1377J1ZS,,,,17,USR-211,2021-03-20 20:27:31
ACC-02404,Lotus Capital LLP,Corporate (Staff & Executive Cars),Banking & Financial Services,,Bengaluru,Karnataka,lotuscapital.co.in,,114516979,,,5,USR-211,2025-10-09 00:48:17
ACC-02405,Krishna Taxi Services LLP,Cab Fleet Operator,Transportation Services,,Bangalore,Karnataka,krishnataxiservices.com,29ANSFK4060W1ZC,727745868,,Named,31,USR-202,2022-07-23 03:24:41
ACC-02406,Sharada Travels Pvt Ltd,Cab Fleet Operator,Transportation Services,,Bengaluru,Karnataka,sharadatravels.in,29HXSCS3070L1Z5,,,,46,USR-209,2021-02-04 18:23:11
ACC-02407,District Collectorate - Vijayapura,Government / PSU,Government,,Bengaluru,Karnataka,,29YJUGD0210K1Z3,,,Named,28,USR-202,2018-12-03 00:57:02
ACC-02408,Samruddhi Leasing LLP,Leasing & Subscription,Banking & Financial Services,,Bengaluru,Karnataka,samruddhileasing.in,29EIXFS9471H1ZJ,759604180,,Named,447,USR-210,2020-06-15 17:18:29
ACC-02409,Amrutha Fleet Services Pvt Ltd,Cab Fleet Operator,Transportation Services,,Bengaluru,Karnataka,amruthafleetservices.in,29CFTCA1625M1ZT,,,,121,USR-209,2020-03-07 17:31:02
ACC-02410,Sharada Polymers Ltd,Corporate (Staff & Executive Cars),Manufacturing,,Bengaluru,Karnataka,sharadapolymersltd.in,29AURCS9830H1ZG,,,,20,USR-202,2026-01-11 18:17:45
ACC-02411,Bharath Tours & Travels,Cab Fleet Operator,Transportation Services,,Bengaluru,Karnataka,bharathtourstravels.in,29baypb4249u1zh,,,,25,USR-212,2021-01-15 09:06:04
ACC-02412,Vasudha Institute of Technology,Hospitals & Education,Education,,Bengaluru,Karnataka,vasudhainstituteoftech.com,29XWITV0168R1ZM,448849959,,,7,USR-202,2026-03-21 23:23:58
ACC-02413,Vishwa College,Hospitals & Education,Education,,Bengaluru,Karnataka,vishwacollege.com,29NYCTV6561F1ZE,176295330,,,7,USR-216,2026-08-11 10:11:18
ACC-02414,Sri Lakshmi Cabs Pvt Ltd,Cab Fleet Operator,Transportation Services,,Mangaluru,Karnataka,srilakshmicabs.com,29YKICS7139T1ZY,,,,23,USR-211,2022-11-23 01:15:38
ACC-02415,Greenline Cab Services Pvt Ltd,Cab Fleet Operator,Transportation Services,,Bengaluru,Karnataka,greenlinecabservices.in,29LWKCG7633X1ZQ,,,,13,USR-202,2025-06-13 02:18:44
ACC-02416,Rural Development Office - Dakshina Kannada,Government / PSU,Govt,,Mysuru,Karnataka,,29PTMGR2453G1ZE,,,,59,USR-206,2020-10-10 00:45:47
ACC-02417,Sterling Hotels & Resorts,Hotels & Travel,Hospitality,,Udupi,Karnataka,sterlinghotelsresorts.co.in,29XEFPS4055X1ZN,387105543,,,3,USR-206,2025-10-28 16:19:11
ACC-02418,Malnad Credit Services Pvt Ltd,Corporate (Staff & Executive Cars),Banking & Financial Services,,Bengaluru,Karnataka,malnadcreditservices.com,29DGTCM7128V1ZM,963993410,,,12,USR-216,2025-04-08 15:06:34
ACC-02419,Agriculture Department Office - Dharwad,Government / PSU,Govt.,,Bengaluru,Karnataka,,29OKUGA7115P1ZM,,,Key,46,USR-197,2023-03-01 20:14:02
ACC-02420,Bharath Infra Projects Pvt Ltd,Corporate (Staff & Executive Cars),Construction & Real Estate,,Bengaluru,Karnataka,bharathinfraprojects.co.in,29VJVCB9802T1Z9,,,,15,USR-206,2022-05-25 12:13:12
ACC-02421,Omkar Hotels & Resorts,Hotels & Travel,Hospitality,,Mysuru,Karnataka,omkarhotelsresorts.in,29IJBPO5185C1ZX,285238695,,,16,USR-209,2021-06-04 16:46:42
ACC-02422,Trishul Fleet Services LLP,Cab Fleet Operator,Transportation Services,,Belagavi,Karnataka,trishulfleetservices.com,29KKWFT7681P1ZS,,,,28,USR-204,2020-01-19 19:12:52
ACC-02423,Tulasi Retail Pvt Ltd,Corporate (Staff & Executive Cars),Retail,,udupi,Karnataka,tulasiretail.co.in,29CZICT9690B1ZE,855100639,,,7,USR-204,2019-09-06 16:32:37
ACC-02424,Horizon Hospitality Services LLP,Hotels & Travel,Hospitality,,Bengaluru,Karnataka,horizonhospitalityserv.co.in,29YQEFH5118D1Z1,,,,17,USR-206,2025-10-06 08:30:17
ACC-02425,Trishul Medical Trust Pvt Ltd,Hospitals & Education,Healthcare,,Bengaluru,Karnataka,trishulmedicaltrust.in,29BSNCT6273Y1ZO,,,,4,USR-208,2019-06-28 16:54:29
ACC-02426,Bluechip Fleet Leasing Pvt Ltd,Leasing & Subscription,Banking,,Bengaluru,Karnataka,bluechipfleetleasing.co.in,29NIRCB7300E1Z,571508703,,,340,USR-202,2019-02-28 02:41:09
ACC-02427,Nakshatra Polymers Pvt Ltd,Corporate (Staff & Executive Cars),Manufacturing,,Bengaluru,Karnataka,nakshatrapolymers.in,29GFBCN8754I1ZI,961993451,,Named,10,USR-214,2020-08-17 03:32:00
ACC-02428,Sri Lakshmi Commute Solutions LLP,Employee Transport Services,Transportation Services,,Mangaluru,Karnataka,srilakshmicommutesolut.in,29CNVFS7259E1ZL,,,,255,USR-214,2022-12-17 06:23:27
ACC-02429,Zenith Fleet Services,Cab Fleet Operator,Transportation Services,,Bengaluru,Karnataka,zenithfleetservices.in,29LODPZ4456Y1Z2,818307958,,,126,USR-213,2021-07-07 16:45:56
ACC-02430,Brindavan Precision Components Pvt Ltd,Corporate (Staff & Executive Cars),Manufacturing,,Bangalore,Karnataka,brindavanprecisioncomp.co.in,29QKRCB6246U1ZE,993921608,,,4,USR-211,2019-03-11 07:37:01
ACC-02431,Omkar Healthcare Products LLP,Corporate (Staff & Executive Cars),Pharmaceuticals,,Tumakuru,Karnataka,omkarhealthcareproduct.co.in,29BLUFO9188A1ZV,,,,13,USR-212,2022-06-27 20:57:32
ACC-02432,Brindavan Cab Services,Cab Fleet Operator,Transportation Services,,Bengaluru,Karnataka,brindavancabservices.co.in,29VOLPB9351B1ZF,,,,22,USR-202,2026-04-17 09:59:36
ACC-02433,Yashas Car Rentals Pvt Ltd,Car Rental & Self-Drive,,,Belagavi,Karnataka,yashascarrentals.com,29PYFCY2216T1ZS,,,,46,USR-202,2025-02-03 02:54:53
ACC-02434,Greenline Hospitality Services LLP,Hotels & Travel,Hospitality,,Bengaluru,Karnataka,greenlinehospitalityse.com,29IWCFG2222T1ZK,,,,7,USR-208,2025-10-07 12:01:23
ACC-02435,Deccan Employee Transport Solutions LLP,Employee Transport Services,Transportation Services,,Bengaluru,Karnataka,deccanemployeetranspor.com,29VTNFD1731N1ZD,171929928,,,96,USR-206,2022-05-11 15:52:30
ACC-02436,Samruddhi Rent-a-Car Pvt Ltd,Car Rental & Self-Drive,Automotive Rental,,Bengaluru,Karnataka,samruddhirentacar.in,29FRGCS4997O1Z3,167458210,,,11,USR-214,2026-08-09 17:14:22
ACC-02437,Police Motor Transport Unit - Chitradurga,Government / PSU,Government,,Bengaluru,Karnataka,,29THPGP4179Q1Z2,,,,32,USR-206,2023-05-20 14:04:36
ACC-02438,Mahalakshmi Fleet Services,Cab Fleet Operator,Transportation Services,,Bengaluru,Karnataka,mahalakshmifleetservic.com,29RIFPM1803F1Z8,,,,34,USR-208,2020-09-18 18:38:09
ACC-02439,Sri Ganesh Travels Pvt Ltd,Cab Fleet Operator,Transportation Services,,Bengaluru,Karnataka,sriganeshtravels.com,,,,,26,USR-206,2026-09-16 18:15:05
ACC-02440,Lotus Public School,Hospitals & Education,Education,,Shivamogga,Karnataka,lotuspublicschool.in,29OCBTL1947N1ZK,289372247,,,10,USR-214,2019-11-15 07:56:46
ACC-02441,Vijaya Infotech Pvt Ltd,Corporate (Staff & Executive Cars),Information Technology,,Bengaluru,Karnataka,vijayainfotech.in,29VOYCV7539F1ZZ,,,,9,USR-208,2019-09-11 21:21:27
ACC-02442,Chaitanya Self Drive Cars LLP,Car Rental & Self-Drive,Automotive Rental,,Tumakuru,Karnataka,chaitanyaselfdrivecars.in,29WXPFC9543W1Z3,,,Named,80,USR-211,2024-01-11 03:12:56
ACC-02443,Kodagu Infra Projects Pvt Ltd,Corporate (Staff & Executive Cars),Construction & Real Estate,,Mangaluru,Karnataka,kodaguinfraprojects.co.in,29DOUCK6257B1Z7,355068519,,,4,USR-208,2026-01-09 01:43:35
ACC-02444,Maruthi Nagar Medical Trust,Hospitals & Education,Healthcare,,Hubballi,Karnataka,maruthinagarmedicaltru.co.in,29CEJTM6081W1ZY,673591695,,,9,USR-211,2026-09-21 15:45:28
ACC-02445,Tulasi Industries Ltd,Corporate (Staff & Executive Cars),Manufacturing,,Bengaluru,Karnataka,tulasiindustriesltd.co.in,29PTCCT2696H1ZF,,,,33,USR-208,2026-03-29 04:31:42
ACC-02446,Kaveri Developers Pvt Ltd,Corporate (Staff & Executive Cars),Construction & Real Estate,,Hubballi,Karnataka,kaveridevelopers.com,29DCNCK1716P1ZO,357657456,,Named,13,USR-216,2025-07-05 23:46:06
ACC-02447,Srinidhi Fleet Leasing Pvt Ltd,Leasing & Subscription,Banking & Financial Services,,Bengaluru,Karnataka,srinidhifleetleasing.in,29YRCCS3316N1ZF,479374485,,,163,USR-208,2022-07-22 17:02:54
ACC-02448,Sai Krupa Leasing Pvt Ltd,Leasing & Subscription,Banking & Financial Services,,Bengaluru,Karnataka,saikrupaleasing.com,29WUFCS9735R1ZH,,,Named,236,USR-206,2021-11-20 19:44:27
ACC-02449,Metro Polymers Ltd,Corporate (Staff & Executive Cars),Manufacturing,,Bengaluru ,Karnataka,metropolymersltd.in,29AFDCM2765V1Z6,,,,9,USR-206,2025-07-28 10:24:40
ACC-02450,Rural Development Office - Ramanagara,Government / PSU,Government,,Bengaluru,Karnataka,,29GTJGR9378N1ZP,,,Named,19,USR-213,2023-09-18 00:36:12
ACC-02451,Ujwal College Pvt Ltd,Hospitals & Education,Education,,Bengaluru,Karnataka,ujwalcollege.co.in,29VZACU6537W1Z7,,,,7,USR-216,2021-09-28 05:35:27
ACC-02452,Skyline Auto Leasing Pvt Ltd,Leasing & Subscription,Banking & Financial Services,,Tumakuru,Karnataka,skylineautoleasing.com,29VOECS3209I1ZW,358694989,,,469,USR-209,2021-07-30 18:22:28
ACC-02453,Sharada Travels,Cab Fleet Operator,Transportation Services,,Mangalore,Karnataka,sharadatravels.in,,,,,18,USR-209,2021-04-01 08:47:04
ACC-02454,Airavata Polymers Pvt Ltd,Corporate (Staff & Executive Cars),Manufacturing,,Mangaluru,Karnataka,airavatapolymers.com,29ESVCA2076S1ZF,,,,14,USR-216,2024-09-27 11:05:13
ACC-02455,Skyline Medical Trust Pvt Ltd,Hospitals & Education,Healthcare,,Bengaluru,Karnataka,skylinemedicaltrust.co.in,29BJKCS9718A1ZJ,,,Named,17,USR-207,2022-04-13 09:54:32
ACC-02456,Emerald Corporate Mobility Pvt Ltd,Employee Transport Services,Transportation Services,,Bengaluru,Karnataka,emeraldcorporatemobili.com,29MYDCE5117M1ZP,,,,56,USR-214,2020-08-13 00:31:17
ACC-02457,Urbanline Public School,Hospitals & Education,Education,,Mangaluru,Karnataka,urbanlinepublicschool.co.in,29ZTITU9024V1ZE,525569339,,Named,15,USR-204,2026-07-25 00:28:37
ACC-02458,Sharada Constructions Pvt Ltd,Corporate (Staff & Executive Cars),Construction & Real Estate,,Bengaluru,Karnataka,sharadaconstructions.com,29FRXCS7636K1Z4,694430880,,,15,USR-202,2022-12-08 21:54:49
ACC-02459,Kaveri Mobility Services Pvt Ltd,Employee Transport Services,Transportation Services,,Bengaluru,Karnataka,kaverimobilityservices.co.in,29EDDCK9671F1ZU,298797343,,,61,USR-206,2019-05-27 21:27:23
ACC-02460,Suvarna Public School,Hospitals & Education,Education,,Bengaluru,Karnataka,suvarnapublicschool.com,29TLRTS9967V1Z9,396782953,,,6,USR-201,2023-08-14 01:33:02
ACC-02461,Chaitanya Cabs,Cab Fleet Operator,Transportation Services,,Bengaluru,Karnataka,chaitanyacabs.in,,,,,16,USR-214,2026-03-29 01:30:32
ACC-02462,Evergreen Engineering Works Pvt Ltd,Corporate (Staff & Executive Cars),Manufacturing,,Bengaluru,Karnataka,evergreenengineeringwo.co.in,29VTNCE5340T1Z1,792561893,,,7,USR-204,2021-10-08 00:40:21
ACC-02463,Bluechip Developers Pvt Ltd,Corporate (Staff & Executive Cars),Construction & Real Estate,,Hubballi,Karnataka,bluechipdevelopers.co.in,29MWNCB7393F1ZJ,,,,29,USR-208,2025-08-03 20:06:00
ACC-02464,Yashas Travels Pvt Ltd,Cab Fleet Operator,Transportation Services,,bengaluru,Karnataka,yashastravels.co.in,29MBFCY8156E1ZI,,,,32,USR-214,2022-10-24 17:36:45
ACC-02465,Ujwal Software Solutions Pvt Ltd,Corporate (Staff & Executive Cars),Information Technology,,Bengaluru,Karnataka,ujwalsoftwaresolutions.com,29ZXGCU6078Q1Z9,756479341,,,2,USR-206,2021-05-25 04:30:10
ACC-02466,Urbanline Mobility Services Pvt Ltd,Employee Transport Services,Transportation Services,,Bengaluru,Karnataka,urbanlinemobilityservi.co.in,29PAYCU9405X1Z5,290696133,,Key,80,USR-197,2021-04-15 02:55:32
ACC-02467,Namma Cabs,Cab Fleet Operator,Transportation Services,,Bengaluru,Karnataka,nammacabs.in,29DDLPN4261G1Z7,823678460,,Key,11,USR-198,2021-01-26 21:43:38
ACC-02468,Horizon Staff Transport Services Pvt Ltd,Employee Transport Services,Transportation Services,,Bengaluru,Karnataka,horizonstafftransports.co.in,29WVMCH2660S1ZV,265407826,,Named,272,USR-211,2021-07-16 03:57:36
ACC-02469,Tulasi Taxi Services Pvt Ltd,Cab Fleet Operator,Transportation,,Mysuru,Karnataka,tulasitaxiservices.in,29OTUCT8427X1Z4,,,Named,46,USR-216,2025-08-03 12:54:15
ACC-02470,Annapoorna Traders LLP,Corporate (Staff & Executive Cars),Retail,,Bengaluru,Karnataka,annapoornatraders.com,29JUYFA6074U1ZN,499447842,,,13,USR-206,2026-01-07 02:31:40
ACC-02471,Kaveri Diagnostics Pvt Ltd,Hospitals & Education,Healthcare,,Bengaluru,Karnataka,kaveridiagnostics.in,29QCQCK9601T1ZS,,,,3,USR-206,2025-07-01 12:02:19
ACC-02472,Emerald Fleet Services Pvt Ltd,Cab Fleet Operator,Transportation Services,,Belagavi,Karnataka,emeraldfleetservices.co.in,29HNECE2578R1ZU,,,Named,35,USR-211,2026-07-28 08:35:01
ACC-02473,Evergreen Medical Trust,Hospitals & Education,Healthcare,,Bengaluru,Karnataka,evergreenmedicaltrust.co.in,29MWMTE8099G1ZB,169033832,,,16,USR-204,2026-07-13 01:37:12
ACC-02474,Greenline Cab Services LLP,Cab Fleet Operator,Transportation Services,,Bengaluru,Karnataka,greenlinecabservices.com,29FOHFG 8980Q1ZB,,,,40,USR-211,2018-10-08 18:23:05
ACC-02475,Karavali Self Drive Cars Pvt Ltd,Car Rental & Self-Drive,Rental,,Bengaluru,Karnataka,karavaliselfdrivecars.com,29HFTCK8806K1Z5,,,,68,USR-211,2021-12-06 12:26:28
ACC-02476,Kaveri Builders Pvt Ltd,Corporate (Staff & Executive Cars),Construction & Real Estate,,Bengaluru,Karnataka,kaveribuilders.co.in,29QIWCK9070F1ZV,,,,17,USR-216,2025-06-08 04:04:36
ACC-02477,Prime Supermarts Pvt Ltd,Corporate (Staff & Executive Cars),Retail,,Bengaluru,Karnataka,primesupermarts.com,29BCSCP1922G1ZZ,407045175,,,29,USR-216,2025-07-31 11:55:31
ACC-02478,Aadhya Hotels & Resorts Pvt Ltd,Hotels & Travel,Hospitality,,Mysuru,Karnataka,aadhyahotelsresorts.com,29XCVCA7147J1Z5,,,,5,USR-204,2026-03-23 14:08:42
ACC-02479,Suvarna Cab Services,Cab Fleet Operator,Transportation Services,,Tumakuru,Karnataka,suvarnacabservices.co.in,29KAGPS6907W1Z4,,,,9,USR-213,2023-01-22 10:05:39
ACC-02480,Mahalakshmi Rent-a-Car,Car Rental & Self-Drive,Automotive Rental,,Bengaluru,Karnataka,mahalakshmirentacar.com,29MLBPM0585Q1Z4,,,,20,USR-214,2026-06-23 17:13:46
ACC-02481,Elite Cab Services,Cab Fleet Operator,Transportation Services,,Bengaluru,Karnataka,elitecabservices.co.in,29XNVPE2394P1ZC,,,,40,USR-205,2022-12-26 00:46:10
ACC-02482,Malnad Infotech Pvt Ltd,Corporate (Staff & Executive Cars),I.T.,,Bengaluru,Karnataka,malnadinfotech.in,29GRUCM8696F1Z9,861939664,,,19,USR-216,2022-09-13 00:41:26
ACC-02483,Zenith Car Rentals Pvt Ltd,Car Rental & Self-Drive,Automotive Rental,,Shivamogga,Karnataka,zenithcarrentals.com,29WEQCZ0922O1ZN,134050092,,,28,USR-211,2026-02-18 18:32:35
ACC-02484,Unity Cabs LLP,Cab Fleet Operator,Transportation Services,,Hubballi,Karnataka,unitycabs.com,29PMHFU5072Q1Z6,,,Named,18,USR-208,2026-05-01 08:01:14
ACC-02485,Skyline Self Drive Cars Pvt Ltd,Car Rental & Self-Drive,Rental,,Belagavi,Karnataka,skylineselfdrivecars.com,29FDKCS4851H1ZM,194726105,,,71,USR-206,2024-08-13 21:16:00
ACC-02486,Vasudha Tours & Travels,Cab Fleet Operator,Transportation Services,,Mysuru,Karnataka,vasudhatourstravels.com,29KOHPV9316G1Z3,,,,52,USR-202,2020-12-21 06:49:11
ACC-02487,Trishul Travels LLP,Cab Fleet Operator,Transport,,Bengaluru,Karnataka,trishultravels.com,29ZPLFT6227Q1ZO,,,,79,USR-208,2025-10-01 02:03:17
ACC-02488,Vishwa Healthcare Products Pvt Ltd,Corporate (Staff & Executive Cars),Pharmaceuticals,,Mysuru,Karnataka,vishwahealthcareproduc.in,29OFUCV4485E1ZW,,,,17,USR-202,2024-09-05 19:04:03
ACC-02489,Mahalakshmi Traders Pvt Ltd,Corporate (Staff & Executive Cars),,,Bengaluru,Karnataka,mahalakshmitraders.co.in,29NWCCM3844O1ZB,862251806,,,36,USR-202,2026-08-27 05:18:14
ACC-02490,Netravati Fleet Leasing Pvt Ltd,Leasing & Subscription,Banking & Financial Services,,Hubballi,Karnataka,netravatifleetleasing.in,29EXRCN6664U1ZI,,,,639,USR-211,2024-09-24 06:26:45
ACC-02491,Royal Fleet Leasing LLP,Leasing & Subscription,Banking & Financial Services,,Mysuru,Karnataka,royalfleetleasing.co.in,29YWAFR9662W1ZZ,,,,673,USR-206,2022-01-04 02:54:39
ACC-02492,Garden City Tours & Travels LLP,Cab Fleet Operator,Transportation Services,,Bangalore,Karnataka,gardencitytourstravels.co.in,29LEMFG8081B1ZO,,,,16,USR-209,2025-11-24 05:42:15
ACC-02493,Vinayaka Cabs Pvt Ltd,Cab Fleet Operator,Transportation Services,,Bengaluru,Karnataka,vinayakacabs.com,29GMDCV5259S1ZF,,,,10,USR-209,2025-05-06 10:30:47
ACC-02494,Zilla Panchayat - Ballari,Government / PSU,Govt,,Bengaluru,Karnataka,,29TOZGZ0165O1ZL,,,,49,USR-209,2025-07-21 05:21:05
ACC-02495,Orbit Tours & Travels Pvt Ltd,Cab Fleet Operator,Transportation,,Bengaluru,Karnataka,orbittourstravels.com,29QEQCO5527Y1Z9,,,,44,USR-202,2025-07-08 02:56:55
ACC-02496,Pinnacle Employee Transport Solutions LLP,Employee Transport Services,Transportation Services,,Bengaluru,Karnataka,pinnacleemployeetransp.in,29XIWFP0325S1Z6,,,Named,49,USR-209,2019-08-25 06:15:50
ACC-02497,City Municipal Office - Chitradurga,Government / PSU,Government,,Tumakuru,Karnataka,,,,,Named,19,USR-211,2025-07-31 10:08:26
ACC-02498,Akshaya Software Solutions Pvt Ltd,Corporate (Staff & Executive Cars),Info Tech,,Bengaluru,Karnataka,akshayasoftwaresolutio.co.in,29YVACA5099L1ZB,367058619,,,14,USR-214,2019-05-29 03:00:21
ACC-02499,Netravati Cab Services,Cab Fleet Operator,Transportation Services,,Bengaluru,Karnataka,netravaticabservices.in,29DWLPN5781D1ZZ,841034535,,,73,USR-208,2022-04-03 07:20:37
ACC-02500,Galaxy Auto Leasing Pvt Ltd,Leasing & Subscription,Banking & Financial Services,,Bengaluru,Karnataka,galaxyautoleasing.in,29FWKCG3289O1ZA,866924537,,,550,USR-207,2021-12-20 13:43:35
ACC-02501,Garden City Corporate Mobility Pvt Ltd,Employee Transport Services,Transportation Services,,Bengaluru,Karnataka,gardencitycorporatemob.co.in,29IHDCG4384P1Z9,875137950,,,258,USR-209,2024-12-21 13:41:39
ACC-02502,Trishul Technologies Pvt Ltd,Corporate (Staff & Executive Cars),Information Technology,,Bengaluru,Karnataka,trishultechnologies.com,29ZYXCT5121L1ZJ,775646950,,,15,USR-210,2023-04-22 23:46:35
ACC-02503,Kodagu Infotech Ltd,Corporate (Staff & Executive Cars),Information Technology,,Bengaluru,Karnataka,kodaguinfotechltd.co.in,29BVSCK6139P1Z7,,,Named,29,USR-208,2021-05-02 10:03:07
ACC-02504,Garden City Corporate Mobility Ltd,Employee Transport Services,Transportation Services,,Belagavi,Karnataka,gardencitycorporatemob.co.in,29ISTCG3303Q1ZU,267260607,,,81,USR-211,2023-08-22 01:51:55
ACC-02505,Yashas Life Sciences Pvt Ltd,Corporate (Staff & Executive Cars),Pharmaceuticals,,Bengaluru,Karnataka,yashaslifesciences.in,29CJGCY5362B1ZM,517389393,,,40,USR-211,2021-05-31 20:57:34
ACC-02506,Unity Precision Components Pvt Ltd,Corporate (Staff & Executive Cars),Manufacturing,,Bengaluru,Karnataka,unityprecisioncomponen.in,29TPDCU2925A1Z7,136732126,,,14,USR-211,2018-12-23 15:33:25
ACC-02507,Srinidhi Staff Transport Services Ltd,Employee Transport Services,Transportation Services,,Bengaluru,Karnataka,srinidhistafftransport.in,29FAACS4182P1ZL,590445836,,,308,USR-211,2022-04-26 13:44:39
ACC-02508,Srinidhi Hotels & Resorts Pvt Ltd,Hotels & Travel,Hospitality,,Mangaluru,Karnataka,srinidhihotelsresorts.com,29BAXCS2267C1ZV,,,Key,18,USR-198,2021-01-29 02:24:00
ACC-02509,Nakshatra Staff Transport Services Pvt Ltd,Employee Transport Services,Transportation Services,,Mangaluru,Karnataka,nakshatrastafftranspor.co.in,29PKBCN6959N1ZL,663346965,,,50,USR-211,2025-08-26 03:30:57
ACC-02510,Garden City Engineering Works Pvt Ltd,Corporate (Staff & Executive Cars),Mfg,,Belagavi,Karnataka,gardencityengineeringw.com,29LRJCG0942K1Z1,404254888,,,15,USR-216,2019-07-31 02:08:50
ACC-02511,Trishul Rent-a-Car LLP,Car Rental & Self-Drive,Automotive Rental,,Davanagere,Karnataka,trishulrentacar.in,29GEFFT3571S1ZV,,,,59,USR-204,2021-07-25 14:48:24
ACC-02512,Srinidhi Retail Pvt Ltd,Corporate (Staff & Executive Cars),Retail,,Bengaluru,Karnataka,srinidhiretail.co.in,29UDCCS6602H1ZM,,,,27,USR-211,2026-07-04 00:50:48
ACC-02513,Sharada Corporate Mobility Pvt Ltd,Employee Transport Services,Transportation Services,,Mysuru,Karnataka,sharadacorporatemobili.com,29AWPCS2579C1ZO,,,,91,USR-210,2020-03-13 17:49:02
ACC-02514,Pinnacle Resorts,Hotels & Travel,Hospitality,,Mysuru,Karnataka,pinnacleresorts.co.in,29QEIPP0913J1ZV,262321486,,,38,USR-206,2020-01-03 23:56:42
ACC-02515,Airavata Digital Systems Pvt Ltd,Corporate (Staff & Executive Cars),Information Technology,,Davanagere,Karnataka,airavatadigitalsystems.com,29QUOCA7816Q1Z4,,,,19,USR-209,2021-01-19 23:05:26
ACC-02516,Sri Lakshmi Supermarts Pvt Ltd,Corporate (Staff & Executive Cars),Retail,,Bengaluru,Karnataka,srilakshmisupermarts.com,29MESCS4482J1ZX,779529073,,Named,13,USR-208,2019-08-03 15:42:13
ACC-02517,Malnad Retail Pvt Ltd,Corporate (Staff & Executive Cars),Retail,,Mysuru,Karnataka,malnadretail.in,29LYMCM0895A1ZN,768440649,,Named,5,USR-202,2024-01-03 10:51:33
ACC-02518,Greenline Precision Components Pvt Ltd,Corporate (Staff & Executive Cars),Manufacturing,,Bengaluru,Karnataka,greenlineprecisioncomp.in,29GFDCG3735F1Z7,776302769,,,33,USR-208,2026-02-13 06:27:21
ACC-02519,Chaitanya Traders Ltd,Corporate (Staff & Executive Cars),,,Bengaluru,Karnataka,chaitanyatradersltd.in,,240459401,,,16,USR-202,2025-02-17 04:15:13
ACC-02520,Vishwa Commute Solutions Pvt Ltd,Employee Transport Services,Transportation Services,,Bengaluru,Karnataka,vishwacommutesolutions.co.in,,,,Named,93,USR-216,2021-05-16 15:57:05
ACC-02521,Trishul Fleet Services,Cab Fleet Operator,Transportation Services,,Mysuru,Karnataka,trishulfleetservices.com,29LWOPT2865W1ZK,,,,113,USR-209,2023-02-24 12:28:36
ACC-02522,Vega Travels LLP,Cab Fleet Operator,Transportation Services,,Bengaluru,Karnataka,vegatravels.com,29OZNFV1406T1ZI,,,,21,USR-209,2025-06-08 06:43:36
ACC-02523,Trishul Healthcare Products Pvt Ltd,Corporate (Staff & Executive Cars),Pharmaceuticals,,Bengaluru,Karnataka,trishulhealthcareprodu.co.in,29STDCT4590L1Z5,958910901,,,26,USR-209,2026-09-04 02:39:33
ACC-02524,Greenline Cabs Pvt Ltd,Cab Fleet Operator,Transportation Services,,Udupi,Karnataka,greenlinecabs.com,,,,,19,USR-206,2023-05-09 12:57:16
ACC-02525,Royal Credit Services Pvt Ltd,Corporate (Staff & Executive Cars),Banking & Financial Services,,BLR,Karnataka,royalcreditservices.co.in,29VETCR7383Y1ZO,,,,32,USR-214,2024-08-05 22:53:15
ACC-02526,Lotus Car Subscription Services Pvt Ltd,Leasing & Subscription,Banking,,Bengaluru,Karnataka,lotuscarsubscriptionse.in,29OHSCL6545L1ZS,332587143,,,377,USR-208,2019-12-31 04:57:07
ACC-02527,Evergreen Cab Services Pvt Ltd,Cab Fleet Operator,Transportation Services,,Bengaluru,Karnataka,evergreencabservices.in,29MSYCE4667Q1ZV,,,,29,USR-214,2026-08-28 21:45:20
ACC-02528,Rural Development Office - Belagavi,Government / PSU,Government,,Mangaluru,Karnataka,,29RHLGR4699K1Z9,,,,71,USR-208,2025-08-16 09:32:32
ACC-02529,Agriculture Department Office - Chikkaballapur,Government / PSU,Government,,Bengaluru,Karnataka,,29FRGGA2155I1ZB,,,,15,USR-207,2023-06-03 23:49:47
ACC-02530,Surya Capital LLP,Corporate (Staff & Executive Cars),Banking & Financial Services,,Bengaluru,Karnataka,suryacapital.co.in,,968435011,,Named,30,USR-206,2021-05-06 07:06:04
ACC-02531,Skyline Travels LLP,Cab Fleet Operator,Transportation Services,,Bengaluru,Karnataka,skylinetravels.co.in,29ZMBFS3021H1Z2,,,,9,USR-208,2018-12-14 06:40:27
ACC-02532,Suvarna Fleet Services,Cab Fleet Operator,Transport,,Mysuru,Karnataka,suvarnafleetservices.in,,,,,19,USR-204,2025-02-11 19:58:19
ACC-02533,Omkar Car Subscription Services Pvt Ltd,Leasing & Subscription,Banking & Financial Services,,Bengaluru,Karnataka,omkarcarsubscriptionse.com,29VKXCO8080U1ZM,185307607,,,444,USR-208,2021-01-01 16:40:54
ACC-02534,Hampi Resorts Pvt Ltd,Hotels & Travel,Hospitality,,Bengaluru,Karnataka,hampiresorts.in,29QHYCH1452G1ZB,,,Named,4,USR-206,2026-08-27 03:58:16
ACC-02535,Sterling Healthcare Products Pvt Ltd,Corporate (Staff & Executive Cars),Pharmaceuticals,,Shivamogga,Karnataka,sterlinghealthcareprod.in,29LCKCS2771P1Z2,,,,14,USR-216,2026-01-04 20:39:25
ACC-02536,Pragati Car Subscription Services LLP,Leasing & Subscription,Banking & Financial Services,,Belagavi,Karnataka,pragaticarsubscription.co.in,29WYHFP6418H1ZZ,534535537,,,459,USR-208,2022-01-01 21:34:10
ACC-02537,Chaitanya Commute Solutions Pvt Ltd,Employee Transport Services,Transportation Services,,Hubballi,Karnataka,chaitanyacommutesoluti.in,29OMKCC8783L1ZT,,,,114,USR-210,2022-03-02 05:07:59
ACC-02538,Shubham Cab Services,Cab Fleet Operator,Transportation Services,,Bengaluru,Karnataka,shubhamcabservices.in,29TXQPS5975C1Z5,,,Named,46,USR-205,2025-04-10 11:51:13
ACC-02539,Navya Holidays Pvt Ltd,Hotels & Travel,Hospitality,,Mysuru,Karnataka,navyaholidays.com,,585133192,,,9,USR-206,2019-04-02 02:38:23
ACC-02540,Chamundi Taxi Services Pvt Ltd,Cab Fleet Operator,Transportation Services,,Bengaluru,Karnataka,chamunditaxiservices.co.in,29TRHCC3526Y1Z5,,,,35,USR-206,2026-09-14 03:20:48
ACC-02541,Pinnacle Fleet Services Pvt Ltd,Cab Fleet Operator,Transportation Services,,Mangaluru,Karnataka,pinnaclefleetservices.co.in,29CAVCP5965N1Z1,,,,37,USR-211,2026-08-07 20:44:18
ACC-02542,Sapphire Cabs Pvt Ltd,Cab Fleet Operator,Transportation Services,,Bengaluru,Karnataka,sapphirecabs.in,29AFPCS4771J1ZA,,,Named,14,USR-204,2020-07-29 21:28:00
ACC-02543,Aadhya Infra Projects Pvt Ltd,Corporate (Staff & Executive Cars),Construction & Real Estate,,Mangaluru,Karnataka,aadhyainfraprojects.in,29VVJCA1106Z1Z5,,,Key,10,USR-197,2025-11-01 07:00:12
ACC-02544,Hampi Capital Pvt Ltd,Corporate (Staff & Executive Cars),Banking & Financial Services,,Bengaluru,Karnataka,hampicapital.in,29ONICH6053U1ZG,754631353,,Named,27,USR-209,2022-12-05 01:26:13
ACC-02545,Maruthi Nagar Travels Pvt Ltd,Cab Fleet Operator,Transportation Services,,Mangaluru,Karnataka,maruthinagartravels.com,29TTBCM5832Q1Z8,,,,15,USR-209,2023-09-14 04:22:50
ACC-02546,Silicon Taxi Services LLP,Cab Fleet Operator,Transportation Services,,Hubballi,Karnataka,silicontaxiservices.co.in,29UURFS1166E1Z7,175271085,,Named,16,USR-202,2026-01-06 07:33:56
ACC-02547,Zenith Hospital,Hospitals & Education,Healthcare,,Belagavi,Karnataka,zenithhospital.com,,281046284,,,13,USR-216,2026-06-21 13:29:48
ACC-02548,Evergreen Technologies Pvt Ltd,Corporate (Staff & Executive Cars),Information Technology,,Bengaluru,Karnataka,evergreentechnologies.co.in,29BNGCE2881O1Z6,835719697,,Key,10,USR-198,2019-03-23 06:04:23
ACC-02549,Rural Development Office - Chikkamagaluru,Government / PSU,Government,,Bengaluru,Karnataka,,29WNWGR8968T1ZU,,,Named,40,USR-209,2020-08-10 01:53:07
ACC-02550,Hampi Finance Pvt Ltd,Corporate (Staff & Executive Cars),Banking & Financial Services,,Bengaluru,Karnataka,hampifinance.co.in,29BDSCH5935O1ZB,232986040,,Named,12,USR-206,2025-03-10 16:10:13
ACC-02551,Unity Traders Ltd,Corporate (Staff & Executive Cars),Retail,,Bengaluru,Karnataka,unitytradersltd.in,29QQVCU5579A1ZA,,,,13,USR-215,2022-10-25 03:23:39
ACC-02552,Bharath Staff Transport Services Ltd,Employee Transport Services,Travels,,Mangaluru,Karnataka,bharathstafftransports.co.in,29KILCB6273X1ZL,541355271,,,50,USR-216,2022-12-14 10:41:32
ACC-02553,Nandi Fleet Services LLP,Cab Fleet Operator,Transportation Services,,Bengaluru,Karnataka,nandifleetservices.in,29YAEFN7162V1ZJ,,,Named,28,USR-209,2018-10-20 06:11:12
ACC-02554,Deccan Tours & Travels Pvt Ltd,Cab Fleet Operator,Transportation Services,,Bengaluru,Karnataka,deccantourstravels.com,29UEECD1162C1ZA,,,,19,USR-216,2022-07-04 23:31:08
ACC-02555,Prime Resorts Pvt Ltd,Hotels & Travel,Hospitality,,Bengaluru,Karnataka,primeresorts.co.in,29CJOCP0511V1Z1,,,Named,1,USR-214,2021-07-09 01:49:51
ACC-02556,Silicon Taxi Services Pvt Ltd,Cab Fleet Operator,Transportation Services,,Tumkur,Karnataka,silicontaxiservices.co.in,29FMVCS0888R1Z2,538390353,,,17,USR-215,2021-02-08 20:27:59
ACC-02557,Aadhya Retail Ltd,Corporate (Staff & Executive Cars),Retail,,Davanagere,Karnataka,aadhyaretailltd.com,,198226600,,Named,15,USR-209,2025-12-20 00:03:51
ACC-02558,Sri Lakshmi Cab Services Pvt Ltd,Cab Fleet Operator,Transportation Services,,Mysuru,Karnataka,srilakshmicabservices.co.in,29YLHCS7540E1ZV,,,Named,37,USR-210,2018-11-22 19:52:21
ACC-02559,Hampi Diagnostics Pvt Ltd,Hospitals & Education,Healthcare,,Bengaluru,Karnataka,hampidiagnostics.in,29NBWCH4250D1ZW,,,,8,USR-209,2024-11-21 14:16:01
ACC-02560,Galaxy Supermarts Ltd,Corporate (Staff & Executive Cars),Retail,,Bengaluru,Karnataka,galaxysupermartsltd.co.in,29VDKCG8316U1ZR,752460852,,Named,21,USR-211,2025-11-28 16:46:12
ACC-02561,City Municipal Office - Dharwad,Government / PSU,Government,,Mangaluru,Karnataka,,29UOGGC6955I1ZK,,,Named,97,USR-207,2018-12-04 19:21:43
ACC-02562,Forest Division Office - Kolar,Government / PSU,Government,,Hubballi,Karnataka,,29PZKGF2006D1ZX,,,,9,USR-208,2021-04-11 10:10:47
ACC-02563,Vasudha Industries Ltd,Corporate (Staff & Executive Cars),Manufacturing,,Mangaluru,Karnataka,vasudhaindustriesltd.in,29WPYCV1503W1ZL,,,,14,USR-211,2026-05-10 09:49:59
ACC-02564,Amrutha Capital Pvt Ltd,Corporate (Staff & Executive Cars),Banking & Financial Services,,Tumakuru,Karnataka,amruthacapital.co.in,,,,,9,USR-216,2022-06-26 22:17:57
ACC-02565,Maruthi Nagar Institute of Technology Pvt Ltd,Hospitals & Education,Education,,Bengaluru,Karnataka,maruthinagarinstituteo.com,29BGBCM2243H1Z9,997189161,,,12,USR-202,2025-08-04 03:39:05
ACC-02566,Evergreen Software Solutions LLP,Corporate (Staff & Executive Cars),Information Technology,,Bengaluru,Karnataka,evergreensoftwaresolut.in,29TSFFE0156Q1ZH,,,,17,USR-216,2026-04-07 09:29:19
ACC-02567,Vega Pharmaceuticals LLP,Corporate (Staff & Executive Cars),Pharmaceuticals,,Bengaluru,Karnataka,vegapharmaceuticals.in,29JQJFV0352Q1ZC,826282562,,,10,USR-211,2025-11-28 09:43:43
ACC-02568,Mahalakshmi Employee Transport Solutions LLP,Employee Transport Services,Transportation,,Bengaluru,Karnataka,mahalakshmiemployeetra.co.in,29KREFM1547Z1ZY,,,,108,USR-202,2026-03-04 22:10:26
ACC-02569,Chamundi Resorts LLP,Hotels & Travel,Hospitality,,Bengaluru,Karnataka,chamundiresorts.in,,,,,11,USR-209,2024-12-06 14:40:24
ACC-02570,Rural Development Office - Chitradurga,Government / PSU,Government,,Bengaluru,Karnataka,,,,,Named,78,USR-215,2021-01-19 17:14:33
ACC-02571,Chandra Resorts,Hotels & Travel,Hotel & Resorts,,Bengaluru,Karnataka,chandraresorts.in,29CCIPC4179G1ZF,,,,11,USR-211,2022-03-02 06:52:59
ACC-02572,Hampi Car Rentals,Car Rental & Self-Drive,Automotive Rental,,Belagavi,Karnataka,hampicarrentals.com,29EZQPH8659V1ZS,,,,37,USR-209,2021-08-15 18:05:17
ACC-02573,Maruthi Nagar Credit Services Pvt Ltd,Corporate (Staff & Executive Cars),Banking & Financial Services,,Bengaluru,Karnataka,maruthinagarcreditserv.co.in,29ZYVCM0670X1Z0,976385455,,,12,USR-202,2021-11-02 12:02:07
ACC-02574,Hampi Rent-a-Car,Car Rental & Self-Drive,Automotive Rental,,Mysuru,Karnataka,hampirentacar.in,29OVFPH1078Y1Z5,,,,29,USR-208,2025-07-02 11:08:07
ACC-02575,Emerald Finance Pvt Ltd,Corporate (Staff & Executive Cars),Banking & Financial Services,,Bengaluru,Karnataka,emeraldfinance.in,29REWCE3062L1Z8,551721724,,,21,USR-205,2022-02-24 01:16:22
ACC-02576,Nandi Hotels & Resorts,Hotels & Travel,Hotel & Resorts,,Mangaluru,Karnataka,nandihotelsresorts.com,29DBTPN3290R1ZD,,,,8,USR-214,2020-02-17 00:59:49
ACC-02577,Kadamba Auto Leasing Ltd,Leasing & Subscription,Banking & Financial Services,,Bengaluru,Karnataka,kadambaautoleasingltd.in,29HQNCK6360P1ZH,455181952,,,144,USR-209,2026-06-10 21:06:58
ACC-02578,Chaitanya Medical Trust,Hospitals & Education,Healthcare,,Tumakuru,Karnataka,chaitanyamedicaltrust.co.in,29RHVTC2338C1ZO,703220423,,,3,USR-206,2023-01-02 23:06:06
ACC-02579,Trishul Taxi Services,Cab Fleet Operator,Transportation Services,,Davanagere,Karnataka,trishultaxiservices.in,29CGFPT1481Y1Z1,,,,24,USR-208,2019-02-09 05:21:32
ACC-02580,Elite Hospital,Hospitals & Education,Healthcare,,Bengaluru,Karnataka,elitehospital.in,29QIRTE7553W1Z8,135931756,,,4,USR-211,2025-08-28 23:11:14
ACC-02581,Vasudha Fleet Leasing Pvt Ltd,Leasing & Subscription,,,Mysuru,Karnataka,vasudhafleetleasing.com,29NMMCV5887H1ZC,,,,529,USR-201,2019-09-03 21:22:59
ACC-02582,Royal Traders Pvt Ltd,Corporate (Staff & Executive Cars),Retail,,Bengaluru,Karnataka,royaltraders.in,29SSNCR5213U1ZV,697422071,,Named,15,USR-208,2019-11-06 15:19:30
ACC-02583,Mahalakshmi Leasing Pvt Ltd,Leasing & Subscription,Banking & Financial Services,,Bengaluru,Karnataka,mahalakshmileasing.com,29KUJCM4370K1ZK,,,,446,USR-202,2019-11-28 10:59:37
ACC-02584,Vishwa Supermarts Pvt Ltd,Corporate (Staff & Executive Cars),Retail,,Bengaluru,Karnataka,vishwasupermarts.in,29OHYCV0750I1ZV,324673579,,,33,USR-204,2020-01-11 01:07:15
ACC-02585,Vasudha Traders Pvt Ltd,Corporate (Staff & Executive Cars),Retail,,Bengaluru,Karnataka,vasudhatraders.com,29JYWCV2647R1ZD,,,,4,USR-208,2020-01-09 00:28:36
ACC-02586,Srinidhi Healthcare Products Pvt Ltd,Corporate (Staff & Executive Cars),Pharmaceuticals,,Bengaluru,Karnataka,srinidhihealthcareprod.com,29COMCS6179L1ZI,210294814,,Named,10,USR-209,2022-12-12 06:00:30
ACC-02587,Anugraha Auto Leasing LLP,Leasing & Subscription,Banking & Financial Services,,Bengaluru,Karnataka,anugrahaautoleasing.co.in,29DRHFA2719W1ZK,692729391,,Named,177,USR-207,2024-03-03 12:24:57
ACC-02588,Yashas Precision Components Pvt Ltd,Corporate (Staff & Executive Cars),Manufacturing,,Bengaluru,Karnataka,yashasprecisioncompone.in,29QUUCY7628S1Z4,795485654,,,16,USR-216,2025-10-26 07:12:58
ACC-02589,Garden City Self Drive Cars LLP,Car Rental & Self-Drive,Automotive Rental,,Udupi,Karnataka,gardencityselfdrivecar.com,29CWAFG4538X1Z5,873990832,,,49,USR-208,2023-01-09 05:50:47
ACC-02590,Crescent Taxi Services LLP,Cab Fleet Operator,Transportation Services,,Bengaluru,Karnataka,crescenttaxiservices.in,29EPRFC2745J1ZZ,,,,62,USR-211,2024-11-16 10:07:13
ACC-02591,Yashas Car Subscription Services Ltd,Leasing & Subscription,Banking & Financial Services,,Mysuru,Karnataka,yashascarsubscriptions.in,29JOXCY8667J1ZT,738691423,,,883,USR-216,2026-07-07 11:15:50
ACC-02592,Ujwal Travels,Cab Fleet Operator,Transportation Services,,Udupi,Karnataka,ujwaltravels.com,29TIFPU9157M1ZP,,,,23,USR-211,2022-07-20 12:29:07
ACC-02593,Hampi Tours & Travels,Cab Fleet Operator,Transportation Services,,Mangaluru,Karnataka,hampitourstravels.in,29TLXPH4716E1Z8,,,,47,USR-204,2020-02-19 19:29:06
ACC-02594,Pinnacle Staff Transport Services LLP,Employee Transport Services,Transportation Services,,Bengaluru,Karnataka,pinnaclestafftransport.com,29EWKFP6762W1ZG,,,,226,USR-202,2025-05-09 07:47:44
ACC-02595,Vishwa Cab Services Pvt Ltd,Cab Fleet Operator,Transportation Services,,Hubballi,Karnataka,vishwacabservices.co.in,29LDBCV3227A1Z8,,,,24,USR-211,2026-06-27 00:45:30
ACC-02596,Bluechip Car Subscription Services Pvt Ltd,Leasing & Subscription,Banking & Financial Services,,Bengaluru,Karnataka,bluechipcarsubscriptio.com,29VJCCB2771E1ZP,505110061,,,423,USR-204,2021-12-20 19:03:18
ACC-02597,Airavata Employee Transport Solutions Ltd,Employee Transport Services,Transportation Services,,Mysuru,Karnataka,airavataemployeetransp.co.in,29XFLCA1005P1ZK,,,,144,USR-203,2018-10-08 19:06:27
ACC-02598,Prime Hospital,Hospitals & Education,Healthcare,,Bengaluru,Karnataka,primehospital.co.in,29GLDTP7735J1Z5,840849906,,,2,USR-214,2019-08-19 15:32:38
ACC-02599,Rapid Cab Services Pvt Ltd,Cab Fleet Operator,Transportation Services,,Bengaluru,Karnataka,rapidcabservices.in,29UJVCR8071A1ZU,,,,31,USR-202,2021-10-02 08:42:55
ACC-02600,Royal Retail LLP,Corporate (Staff & Executive Cars),Retail,,Bengaluru,Karnataka,royalretail.in,29CAYFR9449O1ZL,,,,10,USR-206,2023-09-14 20:11:37
ACC-02601,Hampi Mobility Services Pvt Ltd,Employee Transport Services,Transportation Services,,Bengaluru,Karnataka,hampimobilityservices.co.in,29FEGCH6257Y1ZW,,,,67,USR-209,2024-11-18 11:14:25
ACC-02602,Malnad Builders Ltd,Corporate (Staff & Executive Cars),Construction & Real Estate,,Bengaluru,Karnataka,malnadbuildersltd.com,29KJVCM5183C1Z6,,,,6,USR-216,2020-06-03 03:52:22
ACC-02603,Sai Krupa Corporate Mobility Pvt Ltd,Employee Transport Services,Transportation Services,,Bengaluru,Karnataka,saikrupacorporatemobil.in,29SQFCS4373V1ZT,,,,71,USR-213,2019-04-22 11:01:22
ACC-02604,Elite Employee Transport Solutions LLP,Employee Transport Services,Transportation Services,,Mysuru,Karnataka,eliteemployeetransport.in,29WJLFE7109E1Z8,313812129,,,224,USR-211,2021-01-24 01:22:19
ACC-02605,Heritage Travels LLP,Cab Fleet Operator,Transportation Services,,Bengaluru,Karnataka,heritagetravels.in,29LZHFH3354N1ZD,,,,29,USR-206,2022-11-30 19:55:19
ACC-02606,Heritage Multispeciality Hospital,Hospitals & Education,Healthcare,,Bengaluru,Karnataka,heritagemultispecialit.in,29NSPTH3659S1ZZ,,,,8,USR-204,2025-01-10 04:49:22
ACC-02607,Kaveri Cabs,Cab Fleet Operator,Transportation Services,,Hubballi,Karnataka,kavericabs.co.in,29FRCPK1278E1ZP,,,,71,USR-209,2022-04-06 22:09:15
ACC-02608,Metro Digital Systems Pvt Ltd,Corporate (Staff & Executive Cars),Information Technology,,Bengaluru,Karnataka,metrodigitalsystems.com,29WOJCM5222V1Z5,915334672,,Key,6,USR-197,2021-08-24 09:53:50
ACC-02609,Sapphire Public School Pvt Ltd,Hospitals & Education,Education,,Bangalore,Karnataka,sapphirepublicschool.com,29NCRCS1676G1ZA,232631823,,Named,47,USR-210,2021-05-03 15:57:26
ACC-02610,Karavali Resorts Pvt Ltd,Hotels & Travel,Hospitality,,Bengaluru,Karnataka,karavaliresorts.com,29FVZCK7465P1ZP,471623186,,,16,USR-216,2022-06-15 23:53:44
ACC-02611,Sharada Life Sciences LLP,Corporate (Staff & Executive Cars),Pharmaceuticals,,Bengaluru,Karnataka,sharadalifesciences.in,29RBPFS6078T1Z7,802994118,,,20,USR-211,2019-12-17 09:04:17
ACC-02612,Anugraha Life Sciences Pvt Ltd,Corporate (Staff & Executive Cars),Pharmaceuticals,,Mangaluru,Karnataka,anugrahalifesciences.co.in,29NRACA3707J1ZF,930530054,,Named,6,USR-204,2026-06-02 03:11:46
ACC-02613,Bharath Diagnostics Pvt Ltd,Hospitals & Education,Healthcare,,Bengaluru,Karnataka,bharathdiagnostics.com,29MZSCB2969L1ZZ,,,,11,USR-209,2025-04-22 03:35:50
ACC-02614,Unity Car Subscription Services LLP,Leasing & Subscription,Banking & Financial Services,,Bengaluru,Karnataka,unitycarsubscriptionse.in,29QKSFU0760F1ZS,366623395,,,565,USR-212,2019-02-07 13:03:31
ACC-02615,Tulasi Fleet Services Pvt Ltd,Cab Fleet Operator,Transportation Services,,Bengaluru,Karnataka,tulasifleetservices.in,29BKNCT5559C1ZA,,,,34,USR-216,2019-06-24 10:40:17
ACC-02616,Hampi Staff Transport Services LLP,Employee Transport Services,Transportation Services,,Bengaluru,Karnataka,hampistafftransportser.co.in,29TZAFH6515I1ZE,236624925,,,52,USR-207,2020-03-13 12:27:27
ACC-02617,Lotus Fleet Leasing Pvt Ltd,Leasing & Subscription,Banking & Financial Services,,Hubballi,Karnataka,lotusfleetleasing.co.in,29HZMCL3465Y1ZH,,,,1830,USR-204,2025-01-21 13:16:15
ACC-02618,Garuda Self Drive Cars LLP,Car Rental & Self-Drive,Automotive Rental,,Bengaluru,Karnataka,garudaselfdrivecars.co.in,29WYTFG0711Y1ZD,,,Named,6,USR-208,2026-06-15 10:56:48
ACC-02619,Horizon Resorts,Hotels & Travel,Hospitality,,Bengaluru,Karnataka,horizonresorts.com,29ERQPH8634Y1Z4,,,,8,USR-211,2026-06-22 11:21:53
ACC-02620,Bluechip Medical Trust,Hospitals & Education,Healthcare,,Bengaluru,Karnataka,bluechipmedicaltrust.in,29gkotb1531l1zo,659926586,,,15,USR-204,2023-07-07 04:24:36
ACC-02621,Hoysala Infotech Pvt Ltd,Corporate (Staff & Executive Cars),Information Technology,,Bengaluru,Karnataka,hoysalainfotech.com,29YKBCH7492O1ZI,774311254,,,5,USR-216,2026-09-16 02:26:15
ACC-02622,Netravati Precision Components Pvt Ltd,Corporate (Staff & Executive Cars),Manufacturing,,Tumakuru,Karnataka,netravatiprecisioncomp.in,29IVQCN3353Y1ZN,666628274,,,7,USR-214,2024-11-23 09:27:39
ACC-02623,Sahyadri Travels Pvt Ltd,Cab Fleet Operator,Transportation Services,,Bengaluru ,Karnataka,sahyadritravels.in,,786361789,,,26,USR-206,2026-06-29 09:01:31
ACC-02624,Shree Balaji College Pvt Ltd,Hospitals & Education,Edu,,Shivamogga,Karnataka,shreebalajicollege.com,29EOUCS7987T1ZI,,,,13,USR-208,2025-12-03 06:49:05
ACC-02625,Krishna Cab Services,Cab Fleet Operator,Transportation Services,,Bengaluru,Karnataka,krishnacabservices.co.in,29ZBCPK2983A1Z4,,,,7,USR-214,2025-06-17 11:11:16
ACC-02626,Lotus Commute Solutions LLP,Employee Transport Services,Transportation Services,,Bengaluru,Karnataka,lotuscommutesolutions.com,29ARVFL7912J1ZJ,,,Named,171,USR-209,2026-08-04 21:30:48
ACC-02627,Malnad Car Subscription Services Pvt Ltd,Leasing & Subscription,Banking & Financial Services,,Bengaluru,Karnataka,malnadcarsubscriptions.com,29NAQCM9255Z1ZB,894658569,,,262,USR-209,2021-08-28 18:58:26
ACC-02628,Krishna Credit Services Pvt Ltd,Corporate (Staff & Executive Cars),Banking & Financial Services,,Mysuru,Karnataka,krishnacreditservices.co.in,29KLOCK6240J1Z4,236372368,,,22,USR-204,2025-12-09 06:00:38
ACC-02629,Sai Krupa Builders Pvt Ltd,Corporate (Staff & Executive Cars),Construction & Real Estate,,Bengaluru,Karnataka,saikrupabuilders.co.in,29EEJCS2379U1ZS,240542275,,,33,USR-206,2018-10-25 16:08:32
ACC-02630,Kodagu Corporate Mobility Pvt Ltd,Employee Transport Services,Transportation Services,,Mangaluru,Karnataka,kodagucorporatemobilit.in,,,,,64,USR-204,2026-03-30 16:00:47
ACC-02631,Trishul Cabs LLP,Cab Fleet Operator,Transportation Services,,Bengaluru,Karnataka,trishulcabs.in,29RIPFT5479Q1ZU,,,,30,USR-208,2022-05-26 16:04:17
ACC-02632,Nakshatra Staff Transport Services LLP,Employee Transport Services,Transportation Services,,Bengaluru,Karnataka,nakshatrastafftranspor.in,29WOOFN6484A1ZI,,,,183,USR-209,2022-04-28 18:46:13
ACC-02633,Nakshatra Car Hire Pvt Ltd,Car Rental & Self-Drive,Automotive Rental,,Hubballi,Karnataka,nakshatracarhire.in,29DVNCN6577X1ZH,,,,51,USR-216,2024-04-09 15:51:27
ACC-02634,Namma Supermarts Pvt Ltd,Corporate (Staff & Executive Cars),Retail,,Mangaluru,Karnataka,nammasupermarts.co.in,29KSYCN4512Z1ZM,,,Key,6,USR-198,2026-05-24 04:19:53
ACC-02635,Sharavathi Retail Pvt Ltd,Corporate (Staff & Executive Cars),Retail,,Hubballi,Karnataka,sharavathiretail.co.in,,,,,43,USR-208,2026-06-05 04:24:13
ACC-02636,Yashas Corporate Mobility Pvt Ltd,Employee Transport Services,Transportation Services,,Bengaluru,Karnataka,yashascorporatemobilit.in,29DBFCY3669X1ZO,595872987,,,150,USR-208,2022-05-02 19:45:59
ACC-02637,Skyline Staff Transport Services LLP,Employee Transport Services,Transportation Services,,Bengaluru,Karnataka,skylinestafftransports.co.in,,,,,233,USR-205,2020-12-28 09:10:58
ACC-02638,Vijaya Traders Pvt Ltd,Corporate (Staff & Executive Cars),Retail,,Bengaluru,Karnataka,vijayatraders.co.in,29THRCV9457Y1ZF,506211885,,,12,USR-214,2025-12-25 14:33:33
ACC-02639,Swift Car Hire Pvt Ltd,Car Rental & Self-Drive,Automotive Rental,,Bengaluru,Karnataka,swiftcarhire.co.in,29JJECS6329U1ZJ,904210765,,,25,USR-216,2020-02-01 12:23:30
ACC-02640,Vinayaka Technologies Ltd,Corporate (Staff & Executive Cars),Information Technology,,Bengaluru,Karnataka,vinayakatechnologieslt.com,29ALBCV8507V1ZM,488962212,,,14,USR-208,2019-03-07 22:39:28
ACC-02641,Sapphire Holidays Pvt Ltd,Hotels & Travel,Hospitality,,Bengaluru,Karnataka,sapphireholidays.in,29FTSCS6219K1ZC,631585224,,,29,USR-206,2023-06-14 13:45:32
ACC-02642,Rapid Precision Components Pvt Ltd,Corporate (Staff & Executive Cars),Manufacturing,,Shivamogga,Karnataka,rapidprecisioncomponen.co.in,29HBECR4953X1ZV,,,,12,USR-216,2020-04-04 11:44:41
ACC-02643,Samruddhi Commute Solutions Pvt Ltd,Employee Transport Services,Transportation Services,,Hubballi,Karnataka,samruddhicommutesoluti.in,29GTRCS7269T1ZI,,,,41,USR-202,2025-01-11 00:52:27
ACC-02644,Brindavan Cab Services Pvt Ltd,Cab Fleet Operator,Transportation Services,,Mysuru,Karnataka,brindavancabservices.co.in,29QTVCB9916E1ZI,,,Named,10,USR-208,2022-10-24 17:12:34
ACC-02645,Sanjeevini Self Drive Cars,Car Rental & Self-Drive,Automotive Rental,,Bengaluru,Karnataka,sanjeeviniselfdrivecar.in,29NEKPS6018A1Z4,,,,18,USR-204,2021-07-16 17:56:59
ACC-02646,Annapoorna Builders Pvt Ltd,Corporate (Staff & Executive Cars),Construction & Real Estate,,Belagavi,Karnataka,annapoornabuilders.in,29GCICA3905W1ZJ,815695534,,,21,USR-209,2019-02-12 19:04:28
ACC-02647,Vinayaka Travels,Cab Fleet Operator,Transportation Services,,Bengaluru,Karnataka,vinayakatravels.co.in,29AAAPV0660Y1ZN,,,,9,USR-216,2025-06-26 01:00:23
ACC-02648,Elite Taxi Services,Cab Fleet Operator,Transportation Services,,Hubballi,Karnataka,elitetaxiservices.co.in,29QPMPE2478M1ZT,,,,26,USR-202,2026-06-30 20:10:18
ACC-02649,Agriculture Department Office - Haveri,Government / PSU,Government,,Bengaluru,Karnataka,,,,,,122,USR-206,2024-12-05 23:06:08
ACC-02650,Horizon Fleet Services,Cab Fleet Operator,Transportation Services,,Bengaluru,Karnataka,horizonfleetservices.in,29CVBPH5403U1Z0,363379267,,,12,USR-202,2020-03-12 07:14:34
ACC-02651,Ujwal Healthcare Products Pvt Ltd,Corporate (Staff & Executive Cars),Pharmaceuticals,,Mysuru,Karnataka,ujwalhealthcareproduct.com,29GHPCU0389Z1Z4,470976580,,,16,USR-212,2020-11-15 10:46:47
ACC-02652,Amrutha Cab Services Pvt Ltd,Cab Fleet Operator,Transportation Services,,Bengaluru,Karnataka,amruthacabservices.in,29CBSCA5287Z1ZU,,,,23,USR-204,2022-04-14 10:18:51
ACC-02653,Greenline Traders LLP,Corporate (Staff & Executive Cars),Retail,,Bengaluru,Karnataka,greenlinetraders.co.in,29QOEFG4562D1Z8,,,Named,7,USR-214,2019-10-20 20:50:58
ACC-02654,Skyline Fleet Services LLP,Cab Fleet Operator,Transportation Services,,Bengaluru,Karnataka,skylinefleetservices.in,29JEQFS0052X1ZM,,,Named,68,USR-205,2022-09-02 01:06:02
ACC-02655,Skyline Builders Pvt Ltd,Corporate (Staff & Executive Cars),Construction & Real Estate,,Bengaluru,Karnataka,skylinebuilders.com,29SHJCS7254I1ZW,247463442,,Named,50,USR-202,2022-01-17 03:47:23
ACC-02656,Chamundi Hotels & Resorts,Hotels & Travel,Hospitality,,Hubballi,Karnataka,chamundihotelsresorts.in,29HJJPC1484M1ZN,,,,8,USR-208,2024-07-19 07:00:57
ACC-02657,Bluechip Travels LLP,Cab Fleet Operator,Transportation Services,,Mysuru,Karnataka,bluechiptravels.com,29NOLFB4972U1Z4,,,,21,USR-211,2023-02-14 09:29:18
ACC-02658,Trishul Employee Transport Solutions LLP,Employee Transport Services,Transportation Services,,Mysuru,Karnataka,trishulemployeetranspo.co.in,29QSNFT0321E1ZV,937143398,,Named,218,USR-203,2022-02-17 22:11:02
ACC-02659,Garuda Retail Pvt Ltd,Corporate (Staff & Executive Cars),Retail,,Belagavi,Karnataka,garudaretail.com,29QKJCG6993W1ZZ,551512667,,,22,USR-209,2023-07-31 10:35:17
ACC-02660,Zenith Diagnostics,Hospitals & Education,Healthcare,,Bengaluru,Karnataka,zenithdiagnostics.in,29IJHTZ1491S1ZI,,,Named,12,USR-208,2026-01-19 09:54:09
ACC-02661,Elite Mobility Services LLP,Employee Transport Services,Transportation Services,,Bengaluru,Karnataka,elitemobilityservices.com,29QKTFE7375A1Z0,572546168,,,145,USR-209,2026-01-05 09:07:16
ACC-02662,Ujwal Fleet Services Pvt Ltd,Cab Fleet Operator,Transport,,Bengaluru,Karnataka,ujwalfleetservices.co.in,29TEXCU1076O1ZH,,,Key,12,USR-199,2024-05-20 01:21:42
ACC-02663,Tulasi Self Drive Cars LLP,Car Rental & Self-Drive,Automotive Rental,,Bengaluru,Karnataka,tulasiselfdrivecars.co.in,29RHKFT5449B1Z3,,,,75,USR-208,2025-11-21 08:59:24
ACC-02664,Kaveri Builders LLP,Corporate (Staff & Executive Cars),Construction & Real Estate,,Belgaum,Karnataka,kaveribuilders.com,29SSXFK3090R1ZL,818121179,,,6,USR-216,2026-05-15 22:20:30
ACC-02665,Swift Travels Pvt Ltd,Cab Fleet Operator,Transportation Services,,Shivamogga,Karnataka,swifttravels.in,29SOWCS6578D1Z6,,,,8,USR-204,2026-04-02 22:16:58
ACC-02666,Sunrise Self Drive Cars Pvt Ltd,Car Rental & Self-Drive,,,Bengaluru,Karnataka,sunriseselfdrivecars.co.in,29KRLCS2994O1Z0,,,,37,USR-206,2024-04-06 09:12:35
ACC-02667,Namma Corporate Mobility LLP,Employee Transport Services,Transportation Services,,Mysuru,Karnataka,nammacorporatemobility.in,29RCCFN3161G1ZS,558566096,,,149,USR-204,2025-08-17 18:35:59
ACC-02668,Silicon Employee Transport Solutions LLP,Employee Transport Services,Transport,,Bengaluru,Karnataka,siliconemployeetranspo.com,29JFDFS2992B1ZL,,,,103,USR-208,2023-06-18 11:59:42
ACC-02669,Urbanline Capital Pvt Ltd,Corporate (Staff & Executive Cars),Banking & Financial Services,,Shivamogga,Karnataka,urbanlinecapital.in,29AAUCU9348C1ZL,374355713,,,17,USR-202,2023-08-13 12:32:15
ACC-02670,Mahalakshmi Finance LLP,Corporate (Staff & Executive Cars),Banking & Financial Services,,Bengaluru,Karnataka,mahalakshmifinance.in,29CUBFM9647K1ZG,879844144,,,22,USR-201,2019-03-11 06:03:10
ACC-02671,Zenith Cab Services Pvt Ltd,Cab Fleet Operator,Transportation Services,,Bengaluru,Karnataka,zenithcabservices.com,29mficz5667d1z6,195017604,,,38,USR-206,2026-08-02 16:07:36
ACC-02672,Yashas Self Drive Cars Pvt Ltd,Car Rental & Self-Drive,Automotive Rental,,Mysuru,Karnataka,yashasselfdrivecars.co.in,29SJRCY8200L1ZJ,,,,30,USR-211,2026-08-03 13:42:52
ACC-02673,Sri Lakshmi Employee Transport Solutions LLP,Employee Transport Services,Transportation Services,,Bengaluru,Karnataka,srilakshmiemployeetran.com,29DOVFS0456A1Z5,107351837,,Named,42,USR-211,2022-08-04 14:25:06
ACC-02674,Rapid Taxi Services Pvt Ltd,Cab Fleet Operator,Transportation Services,,Bengaluru,Karnataka,rapidtaxiservices.in,29PABCR3966V1ZT,,,Named,48,USR-209,2026-08-06 16:23:08
ACC-02675,Sharada Self Drive Cars,Car Rental & Self-Drive,Automotive Rental,,Bengaluru,Karnataka,sharadaselfdrivecars.in,29MNWPS5234O1ZH,602571127,,,82,USR-206,2025-12-14 01:07:10
ACC-02676,Royal Cab Services,Cab Fleet Operator,Transportation Services,,Bengaluru,Karnataka,royalcabservices.co.in,,,,,17,USR-215,2020-09-24 22:53:59
ACC-02677,Police Motor Transport Unit - Raichur,Government / PSU,Government,,Bengaluru,Karnataka,,29HKEGP8506K1ZZ,,,,81,USR-208,2026-01-08 23:35:44
ACC-02678,Mahalakshmi Travels,Cab Fleet Operator,Transportation Services,,Bengaluru,Karnataka,mahalakshmitravels.com,,,,,23,USR-209,2020-10-04 14:06:06
ACC-02679,Sterling Engineering Works Pvt Ltd,Corporate (Staff & Executive Cars),Manufacturing,,Mysuru,Karnataka,sterlingengineeringwor.com,29GRICS5473P1Z9,,,,9,USR-209,2018-10-25 09:19:18
ACC-02680,Sri Ganesh Cab Services Pvt Ltd,Cab Fleet Operator,Transportation Services,,Mangaluru,Karnataka,sriganeshcabservices.co.in,29VEHCS3853E1ZD,,,,51,USR-216,2020-09-16 09:40:14
ACC-02681,Mahalakshmi Employee Transport Solutions Pvt Ltd,Employee Transport Services,Transportation Services,,Davanagere,Karnataka,mahalakshmiemployeetra.com,29QGWCM9209T1Z8,295537583,,,525,USR-211,2025-10-16 03:58:08
ACC-02682,Bharath Hotels & Resorts LLP,Hotels & Travel,Hospitality,,Bengaluru,Karnataka,bharathhotelsresorts.in,,,,,10,USR-207,2020-01-29 02:14:51
ACC-02683,Pragati Taxi Services,Cab Fleet Operator,Transportation Services,,Mangaluru,Karnataka,pragatitaxiservices.com,29MNUPP8776C1ZQ,,,,14,USR-214,2024-11-18 01:19:41
ACC-02684,Srinidhi Cab Services Pvt Ltd,Cab Fleet Operator,Transportation Services,,Mangaluru,Karnataka,srinidhicabservices.co.in,29BJPCS3914X1ZH,,,,16,USR-210,2023-02-16 04:23:12
ACC-02685,Namma Infra Projects Pvt Ltd,Corporate (Staff & Executive Cars),Construction & Real Estate,,Mangaluru,Karnataka,nammainfraprojects.co.in,29RZOCN8733N1ZK,691325187,,,9,USR-206,2020-05-06 06:13:32
ACC-02686,Chaitanya Medical Trust Pvt Ltd,Hospitals & Education,Healthcare,,Mysuru,Karnataka,chaitanyamedicaltrust.co.in,29XWWCC3474X1Z7,,,Key,8,USR-200,2023-01-30 21:51:39
ACC-02687,Namma Travels Pvt Ltd,Cab Fleet Operator,Transportation Services,,Hubballi,Karnataka,nammatravels.co.in,29HTMCN0998G1ZK,,,,23,USR-211,2018-12-30 23:27:59
ACC-02688,Crescent Industries LLP,Corporate (Staff & Executive Cars),Manufacturing,,Bengaluru,Karnataka,crescentindustries.in,29CAKFC0205H1ZP,169584168,,,18,USR-214,2022-08-24 11:24:16
ACC-02689,Agriculture Department Office - Chamarajanagar,Government / PSU,Government,,Hubballi,Karnataka,,29ZTLGA1683H1ZE,,,Named,14,USR-205,2019-12-23 19:06:21
ACC-02690,Greenline Corporate Mobility Pvt Ltd,Employee Transport Services,Travels,,Mysuru,Karnataka,greenlinecorporatemobi.com,,,,,51,USR-209,2021-10-23 01:12:22
ACC-02691,Silicon Healthcare Products LLP,Corporate (Staff & Executive Cars),Pharmaceuticals,,Mangaluru,Karnataka,siliconhealthcareprodu.in,29XGBFS8572M1ZG,,,,5,USR-210,2018-11-26 21:56:28
ACC-02692,Police Motor Transport Unit - Bagalkote,Government / PSU,Government,,Bengaluru,Karnataka,,29UBHGP1461G1ZQ,,,,12,USR-213,2020-03-14 01:00:48
ACC-02693,Lotus Employee Transport Solutions LLP,Employee Transport Services,Transportation Services,,Bengaluru,Karnataka,lotusemployeetransport.co.in,29DSNFL7982X1ZG,,,,79,USR-215,2022-09-25 14:21:31
ACC-02694,Swift Technologies LLP,Corporate (Staff & Executive Cars),Information Technology,,Hubballi,Karnataka,swifttechnologies.co.in,29UATFS7115P1ZM,,,,25,USR-209,2019-05-24 22:44:02
ACC-02695,Zilla Panchayat - Tumakuru,Government / PSU,Government,,Belagavi,Karnataka,,29PHFGZ4334G1Z2,,,,16,USR-206,2026-05-07 13:20:14
ACC-02696,Sahyadri Fleet Leasing Pvt Ltd,Leasing & Subscription,Banking & Financial Services,,Bengaluru,Karnataka,sahyadrifleetleasing.com,29NUMCS6965V1Z9,920105715,,,201,USR-208,2022-07-28 07:02:29
ACC-02697,Sunrise Cabs,Cab Fleet Operator,Transportation Services,,Mangaluru,Karnataka,sunrisecabs.in,,,,,10,USR-208,2026-03-12 11:14:08
ACC-02698,Emerald Fleet Services LLP,Cab Fleet Operator,Transportation Services,,Bengaluru,Karnataka,emeraldfleetservices.com,29FHNFE5132W1ZW,,,Named,75,USR-204,2026-02-03 04:24:51
ACC-02699,Kaveri Employee Transport Solutions LLP,Employee Transport Services,Transportation Services,,Shivamogga,Karnataka,kaveriemployeetranspor.com,29KWFFK6909U1ZR,,,,175,USR-203,2020-05-20 06:18:11
ACC-02700,Maruthi Nagar Precision Components Pvt Ltd,Corporate (Staff & Executive Cars),Manufacturing,,Mangaluru,Karnataka,maruthinagarprecisionc.in,29MTUCM7754W1ZB,692842688,,,5,USR-204,2022-12-24 23:31:00
ACC-02701,Srinidhi Cab Services,Cab Fleet Operator,Transportation Services,,Mysuru,Karnataka,srinidhicabservices.in,29XCTPS0235P1Z3,,,,9,USR-209,2021-10-14 12:57:09
ACC-02702,Tunga Fleet Services LLP,Cab Fleet Operator,Transportation,,Bengaluru,Karnataka,tungafleetservices.com,29DFUFT9620W1Z7,,,,19,USR-208,2025-11-10 08:57:47
ACC-02703,Nandi Hospitality Services Pvt Ltd,Hotels & Travel,Hospitality,,Belagavi,Karnataka,nandihospitalityservic.co.in,29ZUMCN3785B1ZB,,,,6,USR-209,2026-04-30 22:38:58
ACC-02704,Anugraha Travels Pvt Ltd,Cab Fleet Operator,Transportation Services,,Mysuru,Karnataka,anugrahatravels.co.in,29AYGCA6079L1ZP,,,,28,USR-202,2019-03-21 13:08:56
ACC-02705,Crescent Cabs LLP,Cab Fleet Operator,Transportation Services,,Bengaluru,Karnataka,crescentcabs.in,29GXYFC0104X1Z1,,,Named,437,USR-214,2026-05-31 07:26:04
ACC-02706,Police Motor Transport Unit - Davanagere,Government / PSU,Government,,Bengaluru,Karnataka,,29OSAGP6979K1ZZ,,,,59,USR-216,2025-07-02 10:54:00
ACC-02707,Crescent Taxi Services Pvt Ltd,Cab Fleet Operator,Transportation Services,,Bengaluru,Karnataka,crescenttaxiservices.com,29UMQCC5765S1Z4,,,Named,61,USR-214,2025-04-28 16:35:11
ACC-02708,Shree Balaji College,Hospitals & Education,Education,,Bengaluru,Karnataka,shreebalajicollege.com,29ADETS2244I1Z4,313119607,,Named,2,USR-211,2026-03-29 01:35:11
ACC-02709,Zenith Tours & Travels Pvt Ltd,Cab Fleet Operator,Transportation Services,,Bangalore,Karnataka,zenithtourstravels.in,29URTCZ5838E1ZZ,,,Named,17,USR-207,2022-09-27 09:24:45
ACC-02710,Elite Cab Services Pvt Ltd,Cab Fleet Operator,Transportation Services,,Bengaluru,Karnataka,elitecabservices.in,29MJMCE1660W1ZQ,,,,11,USR-202,2020-12-18 07:52:00
ACC-02711,Anugraha Travels,Cab Fleet Operator,Transportation Services,,Bengaluru,Karnataka,anugrahatravels.co.in,29EJYPA3526T1Z4,,,Named,40,USR-204,2026-06-19 04:42:34
ACC-02712,Sri Ganesh Holidays,Hotels & Travel,Hospitality,,Shivamogga,Karnataka,sriganeshholidays.com,29HDIPS7947D1ZS,,,Named,2,USR-206,2025-09-12 02:15:45
ACC-02713,Vinayaka Medical Trust,Hospitals & Education,Healthcare,,Belagavi,Karnataka,vinayakamedicaltrust.com,29EKWTV5084E1ZX,,,,27,USR-206,2020-08-27 01:42:43
ACC-02714,Tunga Fleet Leasing Pvt Ltd,Leasing & Subscription,Banking & Financial Services,,Bengaluru,Karnataka,tungafleetleasing.co.in,29APICT1451B1ZP,521171622,,,640,USR-206,2020-07-28 19:03:17
ACC-02715,Sanjeevini Software Solutions Pvt Ltd,Corporate (Staff & Executive Cars),Information Technology,,Hubballi,Karnataka,sanjeevinisoftwaresolu.com,29PWJCS0311P1ZE,,,,6,USR-209,2022-06-02 21:07:21
ACC-02716,Maruthi Nagar Infra Projects LLP,Corporate (Staff & Executive Cars),Construction & Real Estate,,Shimoga,Karnataka,maruthinagarinfraproje.in,29VOMFM6551U1Z,,,,6,USR-208,2021-12-13 23:57:41
ACC-02717,Vinayaka Retail Pvt Ltd,Corporate (Staff & Executive Cars),Retail,,Bengaluru,Karnataka,vinayakaretail.in,29EESCV5044V1ZM,491672556,,,7,USR-216,2022-10-24 21:12:38
ACC-02718,Chaitanya Finance Pvt Ltd,Corporate (Staff & Executive Cars),Banking & Financial Services,,Bengaluru,Karnataka,chaitanyafinance.com,29GVZCC5346P1Z4,,,,27,USR-202,2022-03-15 02:12:03
ACC-02719,Swift Diagnostics Pvt Ltd,Hospitals & Education,Health Care,,Bengaluru,Karnataka,swiftdiagnostics.com,29IHBCS5684M1Z0,,,Named,8,USR-211,2022-02-20 08:32:40
ACC-02720,Namma Taxi Services,Cab Fleet Operator,Transportation Services,,Bengaluru,Karnataka,nammataxiservices.co.in,29SOPPN5082L1ZL,,,,21,USR-204,2025-08-20 15:03:56
ACC-02721,Sunrise Polymers LLP,Corporate (Staff & Executive Cars),Manufacturing,,Belagavi,Karnataka,sunrisepolymers.co.in,29ZKBFS7135A1Z5,674586980,,,9,USR-206,2023-09-06 13:04:38
ACC-02722,Evergreen Constructions Pvt Ltd,Corporate (Staff & Executive Cars),Construction & Real Estate,,Hubballi,Karnataka,evergreenconstructions.co.in,29CWVCE7957K1Z5,403959138,,,12,USR-208,2026-04-14 22:03:52
ACC-02723,Bluechip Digital Systems Pvt Ltd,Corporate (Staff & Executive Cars),Information Technology,,Mysuru,Karnataka,bluechipdigitalsystems.co.in,29HNACB9144N1Z9,,,,14,USR-216,2022-03-10 20:35:36
ACC-02724,Chaitanya Tours & Travels Pvt Ltd,Cab Fleet Operator,Transportation Services,,Bengaluru,Karnataka,chaitanyatourstravels.com,29FDDCC6529W1ZB,971446359,,,19,USR-216,2024-08-20 11:41:16
ACC-02725,Bluechip Staff Transport Services Pvt Ltd,Employee Transport Services,Transportation Services,,Belgaum,Karnataka,bluechipstafftransport.in,29TSOCB0992F1ZS,,,,197,USR-214,2026-03-04 19:39:24
ACC-02726,Kaveri Tours & Travels Pvt Ltd,Cab Fleet Operator,Transportation Services,,Bengaluru,Karnataka,kaveritourstravels.in,,829534419,,,35,USR-202,2026-09-09 19:07:30
ACC-02727,City Municipal Office - Kolar,Government / PSU,Government,,Bengaluru,Karnataka,,29JKSGC5392L1ZO,,,,9,USR-208,2022-09-18 22:42:20
ACC-02728,Skyline Industries Pvt Ltd,Corporate (Staff & Executive Cars),Manufacturing,,Bengaluru,Karnataka,skylineindustries.in,29VTXCS0672Y1Z2,782063129,,,21,USR-214,2025-12-27 20:45:31
ACC-02729,Navya Mobility Services Pvt Ltd,Employee Transport Services,Transportation Services,,Bengaluru,Karnataka,navyamobilityservices.com,29RCBCN3803M1ZP,237788536,,,176,USR-211,2025-12-26 01:09:49
ACC-02730,Pragati Fleet Services Pvt Ltd,Cab Fleet Operator,Transportation Services,,Bengaluru,Karnataka,pragatifleetservices.in,29KEKCP9519P1ZU,,,,48,USR-206,2021-07-11 14:45:55
ACC-02731,Omkar Cabs LLP,Cab Fleet Operator,Transportation Services,,Mangaluru,Karnataka,omkarcabs.com,29KWAFO4023R1ZD,,,,31,USR-202,2024-08-07 02:11:06
ACC-02732,Garden City Credit Services Pvt Ltd,Corporate (Staff & Executive Cars),Banking & Financial Services,,Bengaluru,Karnataka,gardencitycreditservic.in,29PKCCG3281Q1Z0,610429393,,,15,USR-208,2020-12-20 21:16:32
ACC-02733,Airavata Industries Pvt Ltd,Corporate (Staff & Executive Cars),Manufacturer,,Tumakuru,Karnataka,airavataindustries.co.in,29IQWCA5095E1ZY,290547627,,,15,USR-215,2022-10-28 04:37:33
ACC-02734,Hoysala Tours & Travels LLP,Cab Fleet Operator,Travels,,Bengaluru,Karnataka,hoysalatourstravels.com,29DTYFH4744W1ZN,,,,54,USR-206,2026-08-08 06:15:57
ACC-02735,Deccan Resorts LLP,Hotels & Travel,Hospitality,,Bengaluru,Karnataka,deccanresorts.co.in,29LKLFD9953D1Z4,,,,19,USR-204,2019-04-14 04:44:25
ACC-02736,Kodagu Digital Systems Pvt Ltd,Corporate (Staff & Executive Cars),Information Technology,,Shivamogga,Karnataka,kodagudigitalsystems.com,29WZBCK2350S1Z0,696674641,,,10,USR-214,2025-10-03 18:44:47
ACC-02737,Galaxy Builders LLP,Corporate (Staff & Executive Cars),Construction & Real Estate,,Mysuru,Karnataka,galaxybuilders.co.in,29TJZFG5246K1ZG,,,,6,USR-214,2026-01-01 08:11:03
ACC-02738,Pinnacle Fleet Services,Cab Fleet Operator,Transportation Services,,Hubballi,Karnataka,pinnaclefleetservices.co.in,29LXBPP2262I1Z0,,,,17,USR-214,2023-03-03 11:01:54
ACC-02739,Srinidhi Life Sciences LLP,Corporate (Staff & Executive Cars),Pharmaceuticals,,Hubballi,Karnataka,srinidhilifesciences.com,29JLYFS3026G1ZU,293294758,,Named,29,USR-208,2024-09-09 23:09:15
ACC-02740,Deccan Self Drive Cars Pvt Ltd,Car Rental & Self-Drive,Automotive Rental,,Mysuru,Karnataka,deccanselfdrivecars.com,29RIRCD1352D1ZP,,,,45,USR-208,2025-05-13 12:38:17
ACC-02741,Vasudha Cab Services,Cab Fleet Operator,Transportation Services,,Bengaluru,Karnataka,vasudhacabservices.co.in,,,,,61,USR-211,2019-08-08 17:30:18
ACC-02742,Surya Fleet Services,Cab Fleet Operator,Transportation Services,,bengaluru,Karnataka,suryafleetservices.in,29rvgps6789t1zg,,,,23,USR-202,2025-06-11 08:35:29
ACC-02743,Vishwa Traders Pvt Ltd,Corporate (Staff & Executive Cars),Retail,,Mangaluru,Karnataka,vishwatraders.in,29RDBCV7890P1ZM,374315292,,,16,USR-206,2021-01-21 19:29:28
ACC-02744,Public Works Division - Mandya,Government / PSU,Govt,,Bengaluru,Karnataka,,29CBEGP5703Z1Z0,,,,18,USR-202,2026-01-01 16:38:47
ACC-02745,Garden City Car Rentals Pvt Ltd,Car Rental & Self-Drive,Automotive Rental,,Bengaluru,Karnataka,gardencitycarrentals.in,,356087156,,,31,USR-209,2026-05-22 20:09:07
ACC-02746,Urbanline Finance LLP,Corporate (Staff & Executive Cars),,,Bengaluru,Karnataka,urbanlinefinance.com,29TGPFU4796X1ZG,884921640,,,10,USR-215,2020-09-06 22:55:53
ACC-02747,Nandi Tours & Travels Pvt Ltd,Cab Fleet Operator,Transportation Services,,Hubballi,Karnataka,nanditourstravels.com,29HMNCN0349F1ZE,,,,12,USR-209,2025-09-17 06:25:56
ACC-02748,Lotus Staff Transport Services Pvt Ltd,Employee Transport Services,Transportation Services,,Bengaluru,Karnataka,lotusstafftransportser.co.in,29IDUCL3524G1ZQ,,,,206,USR-202,2025-09-20 05:37:14
ACC-02749,Samruddhi Commute Solutions LLP,Employee Transport Services,Transportation Services,,Mangaluru,Karnataka,samruddhicommutesoluti.in,29CPGFS1269F1Z4,388110563,,,79,USR-208,2024-08-10 10:23:56
ACC-02750,Sai Krupa Tours & Travels,Cab Fleet Operator,Transportation Services,,Hubballi,Karnataka,saikrupatourstravels.in,29ZJLPS3491T1Z6,,,Named,7,USR-209,2019-07-02 23:28:50
ACC-02751,Sharada Employee Transport Solutions Pvt Ltd,Employee Transport Services,Transportation Services,,Davanagere,Karnataka,sharadaemployeetranspo.com,29AWICS0889C1ZU,,,,117,USR-208,2020-02-26 17:02:27
ACC-02752,Unity Taxi Services LLP,Cab Fleet Operator,Transportation Services,,Tumkur,Karnataka,unitytaxiservices.co.in,29KKGFU0210A1ZZ,,,,9,USR-208,2019-10-31 09:45:28
ACC-02753,Ujwal Holidays Pvt Ltd,Hotels & Travel,,,Bengaluru,Karnataka,ujwalholidays.co.in,29EYICU5045C1ZU,901127331,,,15,USR-216,2026-08-12 17:37:07
ACC-02754,Sai Krupa Capital Pvt Ltd,Corporate (Staff & Executive Cars),Banking & Financial Services,,Bengaluru,Karnataka,saikrupacapital.co.in,29IRBCS8660H1ZS,,,,15,USR-204,2023-05-07 00:21:39
ACC-02755,Zilla Panchayat - Bagalkote,Government / PSU,Govt,,Bengaluru ,Karnataka,,29IBDGZ5780N1ZW,,,,16,USR-207,2020-10-07 11:46:54
ACC-02756,Sharada Car Hire LLP,Car Rental & Self-Drive,Rental,,Bengaluru,Karnataka,sharadacarhire.co.in,29ECVFS9446Q1ZG,,,,73,USR-205,2020-07-20 03:33:24
ACC-02757,Suvarna Rent-a-Car Pvt Ltd,Car Rental & Self-Drive,Automotive Rental,,Shivamogga,Karnataka,suvarnarentacar.co.in,29JWMCS7622G1ZG,,,Named,16,USR-204,2024-09-10 06:19:10
ACC-02758,Orbit Commute Solutions Pvt Ltd,Employee Transport Services,Transportation Services,,Bengaluru,Karnataka,orbitcommutesolutions.co.in,29ZFOCO3341J1Z2,,,,297,USR-215,2022-07-02 00:42:32
ACC-02759,Zenith Tours & Travels LLP,Cab Fleet Operator,Transportation Services,,Bengaluru,Karnataka,zenithtourstravels.co.in,29AKPFZ5873Y1ZN,,,,14,USR-207,2019-02-08 09:57:27
ACC-02760,Chandra Corporate Mobility Ltd,Employee Transport Services,Transportation Services,,Bengaluru,Karnataka,chandracorporatemobili.co.in,29UFLCC1069A1Z0,756176762,,,140,USR-208,2025-12-04 20:33:47
ACC-02761,Lotus Pharmaceuticals LLP,Corporate (Staff & Executive Cars),Pharmaceuticals,,Bengaluru,Karnataka,lotuspharmaceuticals.in,29FROFL0750M1ZP,492729562,,,15,USR-216,2026-05-01 03:21:01
ACC-02762,Netravati Pharmaceuticals Pvt Ltd,Corporate (Staff & Executive Cars),Pharmaceuticals,,Bengaluru,Karnataka,netravatipharmaceutica.com,29RVBCN2172N1ZG,235098347,,Named,19,USR-206,2018-09-28 06:27:51
ACC-02763,Navya Cab Services LLP,Cab Fleet Operator,Transportation Services,,Bengaluru,Karnataka,navyacabservices.in,29PBNFN8494I1ZU,,,,33,USR-206,2026-08-27 12:24:40
ACC-02764,Brindavan Corporate Mobility Ltd,Employee Transport Services,Transportation Services,,Bengaluru,Karnataka,brindavancorporatemobi.com,29QXOCB0741P1ZD,,,,58,USR-212,2020-12-15 21:27:26
ACC-02765,Kaveri Corporate Mobility Pvt Ltd,Employee Transport Services,Transportation Services,,Udupi,Karnataka,kavericorporatemobilit.in,29VYYCK6848D1ZS,,,,141,USR-206,2026-02-27 01:44:04
ACC-02766,Mahalakshmi Developers Pvt Ltd,Corporate (Staff & Executive Cars),Construction & Real Estate,,Bengaluru,Karnataka,mahalakshmidevelopers.in,29VQACM5985L1Z9,161648314,,,9,USR-208,2023-04-08 20:05:50
ACC-02767,Malnad Hotels & Resorts Pvt Ltd,Hotels & Travel,Hospitality,,Bengaluru,Karnataka,malnadhotelsresorts.co.in,,222520204,,,16,USR-206,2025-11-06 13:02:40
ACC-02768,Brindavan Car Rentals Pvt Ltd,Car Rental & Self-Drive,Automotive Rental,,Mysuru,Karnataka,brindavancarrentals.in,29AGSCB2086F1ZZ,,,,71,USR-206,2022-01-03 13:09:40
ACC-02769,Sahyadri Pharmaceuticals Pvt Ltd,Corporate (Staff & Executive Cars),Pharmaceuticals,,Bangalore,Karnataka,sahyadripharmaceutical.in,29QYWCS9939M1Z2,424398069,,,21,USR-205,2021-06-16 16:59:15
ACC-02770,Vinayaka Resorts Pvt Ltd,Hotels & Travel,Hospitality,,Davanagere,Karnataka,vinayakaresorts.co.in,29NEDCV0038E1ZZ,,,,11,USR-206,2020-11-06 21:03:41
ACC-02771,Public Works Division - Dakshina Kannada,Government / PSU,Government,,Bengaluru,Karnataka,,29HKRGP8991P1ZV,,,Named,9,USR-207,2025-01-20 04:01:51
ACC-02772,District Health Office - Chikkaballapur,Government / PSU,Government,,Mysuru,Karnataka,,29GKYGD4964D1Z1,,,,25,USR-214,2022-09-21 11:21:56
ACC-02773,Horizon Institute of Technology,Hospitals & Education,Education,,Bengaluru,Karnataka,horizoninstituteoftech.co.in,29ZCBTH8141S1Z3,,,,17,USR-206,2026-08-29 09:26:45
ACC-02774,Pragati Life Sciences Ltd,Corporate (Staff & Executive Cars),Pharmaceuticals,,Bengaluru,Karnataka,pragatilifesciencesltd.in,29VNDCP6517J1ZR,,,,48,USR-206,2020-08-28 03:38:57
ACC-02775,Karavali Cab Services,Cab Fleet Operator,Transportation Services,,Bengaluru,Karnataka,karavalicabservices.co.in,29OPVPK8871C1ZS,,,,4,USR-204,2026-08-18 00:40:50
ACC-02776,District Collectorate - Kolar,Government / PSU,Government,,Davanagere,Karnataka,,,,,Named,30,USR-208,2026-07-14 05:48:25
ACC-02777,Deccan Software Solutions Pvt Ltd,Corporate (Staff & Executive Cars),Information Technology,,Bengaluru,Karnataka,deccansoftwaresolution.com,,396513379,,,11,USR-206,2025-10-18 15:53:47
ACC-02778,Sharada Commute Solutions Ltd,Employee Transport Services,Transportation Services,,Bengaluru,Karnataka,sharadacommutesolution.co.in,29PEBCS7208G1ZO,110017626,,,46,USR-208,2026-08-27 22:34:59
ACC-02779,Pinnacle Infotech Ltd,Corporate (Staff & Executive Cars),Information Technology,,Bengaluru,Karnataka,pinnacleinfotechltd.in,29XJUCP0050D1Z9,,,,14,USR-207,2020-07-12 16:53:51
ACC-02780,Agriculture Department Office - Uttara Kannada,Government / PSU,Govt.,,Mysuru,Karnataka,,,,,Named,40,USR-209,2024-10-31 04:21:08
ACC-02781,Krishna Resorts Pvt Ltd,Hotels & Travel,Hospitality,,Bengaluru,Karnataka,krishnaresorts.com,29DXTCK9723X1ZG,,,,10,USR-208,2025-01-04 22:35:59
ACC-02782,Samruddhi Car Rentals Pvt Ltd,Car Rental & Self-Drive,Automotive Rental,,Bengaluru,Karnataka,samruddhicarrentals.co.in,29DPXCS6587Y1ZA,,,,32,USR-204,2026-05-24 16:39:48
ACC-02783,Sterling Technologies Pvt Ltd,Corporate (Staff & Executive Cars),Information Technology,,Bangalore,Karnataka,sterlingtechnologies.com,29UAKCS3438I1ZD,512022885,,,15,USR-211,2026-04-29 01:02:46
ACC-02784,Sharada Life Sciences Pvt Ltd,Corporate (Staff & Executive Cars),Pharmaceuticals,,Bengaluru,Karnataka,sharadalifesciences.in,29DGLCS6036L1ZB,,,Named,18,USR-209,2026-04-09 09:26:42
ACC-02785,Vinayaka Capital Pvt Ltd,Corporate (Staff & Executive Cars),Banking & Financial Services,,Bengaluru,Karnataka,vinayakacapital.co.in,29YPLCV5221U1ZT,543349329,,,9,USR-211,2025-05-01 00:29:48
ACC-02786,Maruthi Nagar Hospital Pvt Ltd,Hospitals & Education,Healthcare,,Belagavi,Karnataka,maruthinagarhospital.in,,,,Named,10,USR-213,2019-09-28 12:50:13
ACC-02787,Emerald Healthcare Products Pvt Ltd,Corporate (Staff & Executive Cars),Pharma,,Mysuru,Karnataka,emeraldhealthcareprodu.co.in,29KZICE2007U1ZD,723894254,,,64,USR-214,2022-07-14 07:16:10
ACC-02788,Swift Infotech LLP,Corporate (Staff & Executive Cars),Information Technology,,Bangalore,Karnataka,swiftinfotech.in,29RLNFS7657P1ZT,757307324,,,23,USR-211,2024-07-11 01:23:47
ACC-02789,Sapphire Fleet Leasing Ltd,Leasing & Subscription,Banking & Financial Services,,Mangaluru,Karnataka,sapphirefleetleasinglt.co.in,29XJWCS0058X1ZR,623010452,,,225,USR-206,2026-01-09 08:53:40
ACC-02790,Malnad Tours & Travels Pvt Ltd,Cab Fleet Operator,Transportation Services,,Bengaluru,Karnataka,malnadtourstravels.in,29APTCM6076O1ZF,,,,9,USR-202,2022-05-09 16:12:58
ACC-02791,Amrutha College,Hospitals & Education,Education,,Shivamogga,Karnataka,amruthacollege.com,29WTSTA9425H1ZF,,,,4,USR-209,2022-05-03 22:13:34
ACC-02792,Navya Tours & Travels,Cab Fleet Operator,Transportation Services,,Bengaluru,Karnataka,navyatourstravels.co.in,29JVHPN1984E1Z0,,,Named,12,USR-204,2024-12-31 23:59:15
ACC-02793,Horizon Cabs Pvt Ltd,Cab Fleet Operator,Transport,,Mangaluru,Karnataka,horizoncabs.in,29UNQCH3938S1Z2,,,,18,USR-204,2021-06-06 19:04:43
ACC-02794,Brindavan Supermarts Pvt Ltd,Corporate (Staff & Executive Cars),,,Bengaluru,Karnataka,brindavansupermarts.co.in,29KQYCB3786Q1Z2,117980456,,,12,USR-211,2019-07-05 01:09:02
ACC-02795,Police Motor Transport Unit - Mysuru,Government / PSU,Government,,Bengaluru,Karnataka,,,,,Named,31,USR-209,2025-07-23 09:56:58
ACC-02796,Maruthi Nagar Taxi Services,Cab Fleet Operator,Transportation Services,,Davanagere,Karnataka,maruthinagartaxiservic.co.in,29RHVPM9307L1ZW,336775255,,,19,USR-203,2023-03-13 21:55:44
ACC-02797,Chaitanya Fleet Services Pvt Ltd,Cab Fleet Operator,Transportation Services,,Bengaluru,Karnataka,chaitanyafleetservices.co.in,29ENBCC9918U1ZQ,,,,22,USR-216,2021-02-26 20:42:20
ACC-02798,Sanjeevini Cabs Pvt Ltd,Cab Fleet Operator,Transportation Services,,Shivamogga,Karnataka,sanjeevinicabs.in,29LTFCS5586C1ZO,,,,12,USR-202,2025-10-11 00:32:03
ACC-02799,Evergreen Industries LLP,Corporate (Staff & Executive Cars),Manufacturing,,Bengaluru,Karnataka,evergreenindustries.co.in,29THKFE5171W1ZE,,,,11,USR-214,2021-11-15 01:23:09
ACC-02800,Karavali Tours & Travels,Cab Fleet Operator,Transportation Services,,Mysuru,Karnataka,karavalitourstravels.co.in,29SRLPK9267V1ZR,,,,60,USR-214,2020-02-14 08:03:25
ACC-02801,Karavali Precision Components Ltd,Corporate (Staff & Executive Cars),Manufacturing,,Bengaluru,Karnataka,karavaliprecisioncompo.in,29TKECK8782L1ZK,231350136,,Named,8,USR-209,2022-10-23 23:16:49
ACC-02802,Yashas Software Solutions Pvt Ltd,Corporate (Staff & Executive Cars),Information Technology,,Bengaluru,Karnataka,yashassoftwaresolution.com,29XCUCY7277S1ZT,,,Named,9,USR-206,2018-12-29 02:03:32
ACC-02803,Bluechip Supermarts Pvt Ltd,Corporate (Staff & Executive Cars),,,Bengaluru,Karnataka,bluechipsupermarts.co.in,29GIACB2165E1ZC,,,,14,USR-206,2026-07-14 20:27:39
ACC-02804,Greenline Rent-a-Car Pvt Ltd,Car Rental & Self-Drive,Automotive Rental,,Mysuru,Karnataka,greenlinerentacar.co.in,29XBECG2353P1ZG,,,Key,23,USR-198,2026-05-12 11:22:52
ACC-02805,Skyline Digital Systems LLP,Corporate (Staff & Executive Cars),Information Technology,,Hubballi,Karnataka,skylinedigitalsystems.in,29WYHFS6816B1Z6,830963476,,,29,USR-204,2021-11-21 01:55:52
ACC-02806,Pinnacle Supermarts LLP,Corporate (Staff & Executive Cars),Retail,,Bengaluru,Karnataka,pinnaclesupermarts.co.in,29JCBFP2053J1ZV,424291483,,,10,USR-213,2019-06-01 11:44:45
ACC-02807,Sri Lakshmi Employee Transport Solutions Ltd,Employee Transport Services,Transportation Services,,Bengaluru,Karnataka,srilakshmiemployeetran.com,29IMHCS0899M1ZK,470620665,,,88,USR-208,2022-12-26 07:50:08
ACC-02808,Surya Life Sciences Pvt Ltd,Corporate (Staff & Executive Cars),Pharmaceuticals,,bengaluru,Karnataka,suryalifesciences.in,29ODKCS4535I1ZD,553202091,,Named,88,USR-209,2025-10-13 18:15:13
ACC-02809,Garden City Car Hire Pvt Ltd,Car Rental & Self-Drive,Automotive Rental,,Udupi,Karnataka,gardencitycarhire.com,,,,,60,USR-208,2021-10-08 18:18:57
ACC-02810,Suvarna Travels,Cab Fleet Operator,Transportation Services,,Bengaluru,Karnataka,suvarnatravels.co.in,29BWRPS0715Z1Z1,,,,6,USR-202,2024-12-16 23:31:00
ACC-02811,Vijaya Finance Pvt Ltd,Corporate (Staff & Executive Cars),Banking & Financial Services,,Bengaluru,Karnataka,vijayafinance.com,29CQZCV0485Z1ZH,420260450,,,13,USR-210,2021-10-21 16:22:53
ACC-02812,Sahyadri Resorts,Hotels & Travel,Hospitality,,Mangaluru,Karnataka,sahyadriresorts.com,29LFBPS7164P1Z9,,,,16,USR-211,2021-09-23 17:08:04
ACC-02813,Maruthi Nagar Tours & Travels Pvt Ltd,Cab Fleet Operator,Transportation Services,,Bengaluru ,Karnataka,maruthinagartourstrave.com,29UOLCM2087H1ZP,,,Key,18,USR-200,2020-05-18 17:45:28
ACC-02814,Garden City Hospitality Services LLP,Hotels & Travel,Hospitality,,Bengaluru,Karnataka,gardencityhospitalitys.in,29KWJFG6392V1ZK,,,,11,USR-206,2022-05-09 16:18:48
ACC-02815,Netravati Fleet Services LLP,Cab Fleet Operator,Transportation Services,,Hubballi,Karnataka,netravatifleetservices.co.in,29MPRFN8290D1ZH,,,,23,USR-202,2020-12-28 23:56:04
ACC-02816,District Collectorate - Chitradurga,Government / PSU,Government,,Bengaluru,Karnataka,,29JASGD2638V1ZX,,,,14,USR-206,2025-06-16 01:24:15
ACC-02817,Greenline Builders Ltd,Corporate (Staff & Executive Cars),Construction & Real Estate,,Bengaluru,Karnataka,greenlinebuildersltd.in,29HMYCG8594E1ZP,,,,14,USR-211,2021-11-19 04:00:44
ACC-02818,Silicon Institute of Technology,Hospitals & Education,Education,,Bengaluru,Karnataka,siliconinstituteoftech.com,29OBMTS5808D1ZP,929079520,,,4,USR-209,2025-03-16 00:20:00
ACC-02819,Maruthi Nagar Holidays Pvt Ltd,Hotels & Travel,Hospitality,,Belagavi,Karnataka,maruthinagarholidays.co.in,29UJGCM0322D1ZU,129140148,,,6,USR-209,2026-04-27 15:19:22
ACC-02820,Ujwal Medical Trust,Hospitals & Education,Healthcare,,Bengaluru,Karnataka,ujwalmedicaltrust.com,29CGOTU3572T1ZP,,,,13,USR-209,2024-05-30 11:08:45
ACC-02821,Sapphire Fleet Services Pvt Ltd,Cab Fleet Operator,Transportation Services,,Shivamogga,Karnataka,sapphirefleetservices.in,29GIXCS5384L1ZI,,,Named,30,USR-206,2025-05-28 23:20:59
ACC-02822,Tulasi Travels LLP,Cab Fleet Operator,Transportation Services,,Bengaluru,Karnataka,tulasitravels.in,29TGPFT8384N1Z1,,,,20,USR-207,2024-09-06 00:31:40
ACC-02823,Zenith Fleet Services LLP,Cab Fleet Operator,Transportation Services,,Davanagere,Karnataka,zenithfleetservices.in,,,,,14,USR-211,2025-08-17 08:41:43
ACC-02824,Swift Polymers Pvt Ltd,Corporate (Staff & Executive Cars),Manufacturing,,Belagavi,Karnataka,swiftpolymers.co.in,29JLJCS5819F1Z4,,,,22,USR-210,2021-05-28 17:34:04
ACC-02825,Aadhya Car Rentals Pvt Ltd,Car Rental & Self-Drive,Rental,,Bengaluru,Karnataka,aadhyacarrentals.co.in,29DZPCA4420X1Z6,308085132,,,39,USR-208,2023-08-27 03:25:28
ACC-02826,Akshaya Pharmaceuticals LLP,Corporate (Staff & Executive Cars),Pharmaceuticals,,Mangaluru,Karnataka,akshayapharmaceuticals.in,29NOHFA9442B1ZD,120769232,,,7,USR-210,2019-11-11 21:00:20
ACC-02827,Sahyadri Mobility Services Pvt Ltd,Employee Transport Services,Transportation Services,,Bengaluru,Karnataka,sahyadrimobilityservic.co.in,29AZQCS4113E1ZV,,,,333,USR-214,2020-01-27 10:16:36
ACC-02828,Sri Lakshmi Fleet Leasing Pvt Ltd,Leasing & Subscription,Banking & Financial Services,,Bengaluru,Karnataka,srilakshmifleetleasing.co.in,29URKCS8354I1Z5,,,,106,USR-207,2024-08-17 11:56:27
ACC-02829,Chaitanya Taxi Services,Cab Fleet Operator,Transportation Services,,Bengaluru,Karnataka,chaitanyataxiservices.in,29OTZPC0976T1ZZ,,,Key,68,USR-198,2022-11-22 12:26:05
ACC-02830,Krishna Tours & Travels,Cab Fleet Operator,Transportation Services,,Bengaluru,Karnataka,krishnatourstravels.in,29vpipk2539f1z7,,,,20,USR-204,2026-09-09 08:16:19
ACC-02831,Heritage Corporate Mobility Pvt Ltd,Employee Transport Services,Transportation Services,,Bengaluru,Karnataka,heritagecorporatemobil.co.in,29IPJCH6916W1Z9,,,,86,USR-211,2026-07-22 13:24:04
ACC-02832,Chamundi Car Rentals,Car Rental & Self-Drive,Automotive Rental,,Belagavi,Karnataka,chamundicarrentals.co.in,29IKXPC7315N1Z6,,,,96,USR-209,2026-09-07 10:52:53
ACC-02833,Emerald Leasing Pvt Ltd,Leasing & Subscription,BFSI,,Shivamogga,Karnataka,emeraldleasing.com,,,,,711,USR-216,2020-09-29 09:14:18
ACC-02834,Tunga Healthcare Products Pvt Ltd,Corporate (Staff & Executive Cars),Pharmaceuticals,,Mysuru,Karnataka,tungahealthcareproduct.in,29FCSCT4075K1Z8,963064140,,Named,18,USR-204,2021-06-01 13:03:53
ACC-02835,Unity Employee Transport Solutions Pvt Ltd,Employee Transport Services,Transportation Services,,Bengaluru,Karnataka,unityemployeetransport.co.in,29UYRCU4004V1ZD,,,,109,USR-202,2019-12-02 16:03:47
ACC-02836,Namma Diagnostics Pvt Ltd,Hospitals & Education,Healthcare,,Bengaluru,Karnataka,nammadiagnostics.com,29YIGCN5383K1ZP,,,Named,6,USR-202,2025-01-21 12:48:27
ACC-02837,Nakshatra Public School Pvt Ltd,Hospitals & Education,Education,,Bengaluru,Karnataka,nakshatrapublicschool.in,29TEZCN2160B1ZI,,,,9,USR-204,2026-01-24 00:16:58
ACC-02838,Krishna Capital Ltd,Corporate (Staff & Executive Cars),Banking & Financial Services,,Mysuru,Karnataka,krishnacapitalltd.com,29NHJCK7689J1ZS,,,,24,USR-209,2019-12-19 04:27:32
ACC-02839,Silicon Commute Solutions Pvt Ltd,Employee Transport Services,Transportation Services,,Bengaluru,Karnataka,siliconcommutesolution.co.in,29YODCS0260E1Z6,,,Named,158,USR-214,2026-08-12 16:32:57
ACC-02840,Aadhya Mobility Services Pvt Ltd,Employee Transport Services,Transportation Services,,bengaluru,Karnataka,aadhyamobilityservices.com,29OAXCA6217Z1ZR,,,,416,USR-212,2023-05-06 08:08:22
ACC-02841,Sunrise Healthcare Products LLP,Corporate (Staff & Executive Cars),Pharmaceuticals,,Bengaluru,Karnataka,sunrisehealthcareprodu.com,29MPMFS5377N1ZY,,,,5,USR-211,2021-12-03 20:16:02
ACC-02842,Zenith Mobility Services Pvt Ltd,Employee Transport Services,,,Bengaluru,Karnataka,zenithmobilityservices.com,29HMHCZ8996O1ZW,748237660,,,74,USR-206,2021-03-31 07:18:40
ACC-02843,Emerald Hotels & Resorts,Hotels & Travel,Hospitality,,Bengaluru,Karnataka,emeraldhotelsresorts.com,29KZJPE2151C1ZH,,,,4,USR-207,2019-09-18 20:38:39
ACC-02844,Sharada Cab Services LLP,Cab Fleet Operator,Transportation,,Bengaluru,Karnataka,sharadacabservices.co.in,29GHAFS6244U1ZR,,,,27,USR-202,2024-12-11 08:11:06
ACC-02845,Deccan Corporate Mobility Pvt Ltd,Employee Transport Services,Transportation Services,,Belagavi,Karnataka,deccancorporatemobilit.com,29PIUCD3438A1ZN,694111991,,Key,307,USR-198,2025-08-25 11:01:35
ACC-02846,Pragati Developers Pvt Ltd,Corporate (Staff & Executive Cars),Construction & Real Estate,,Bengaluru,Karnataka,pragatidevelopers.com,29MUMCP5281C1ZP,132027031,,,14,USR-213,2021-06-08 14:57:18
ACC-02847,Omkar Taxi Services Pvt Ltd,Cab Fleet Operator,Transportation Services,,Bengaluru,Karnataka,omkartaxiservices.in,29BPWCO7996R1ZO,,,,20,USR-204,2025-07-25 21:28:46
ACC-02848,Trishul Employee Transport Solutions Pvt Ltd,Employee Transport Services,Transportation Services,,Bengaluru,Karnataka,trishulemployeetranspo.in,29XEBCT2902H1ZM,964671663,,,40,USR-209,2025-07-07 05:09:14
ACC-02849,Sanjeevini Rent-a-Car Pvt Ltd,Car Rental & Self-Drive,Rental,,Tumkur,Karnataka,sanjeevinirentacar.co.in,29TRZCS4788P1Z7,600930551,,,49,USR-206,2026-05-24 15:13:26
ACC-02850,Orbit Digital Systems Pvt Ltd,Corporate (Staff & Executive Cars),Information Technology,,Bengaluru,Karnataka,orbitdigitalsystems.co.in,29ZQCCO3827A1Z3,,,,12,USR-216,2026-08-21 11:18:15
ACC-02851,Elite Technologies Pvt Ltd,Corporate (Staff & Executive Cars),Information Technology,,Bengaluru,Karnataka,elitetechnologies.co.in,29VGVCE8851O1ZG,628539992,,,11,USR-202,2025-06-19 23:20:42
ACC-02852,Annapoorna Auto Leasing Pvt Ltd,Leasing & Subscription,Finance,,Bengaluru,Karnataka,annapoornaautoleasing.co.in,29IUWCA6683N1Z3,183580003,,,1051,USR-210,2021-06-30 01:41:40
ACC-02853,Sharavathi Healthcare Products Pvt Ltd,Corporate (Staff & Executive Cars),Pharmaceuticals,,Bengaluru,Karnataka,sharavathihealthcarepr.co.in,29WTRCS8749F1ZS,,,,50,USR-201,2020-07-18 00:25:20
ACC-02854,Chaitanya Healthcare Products Pvt Ltd,Corporate (Staff & Executive Cars),Pharmaceuticals,,Bengaluru,Karnataka,chaitanyahealthcarepro.co.in,29OXXCC1012U1Z5,367821098,,,44,USR-208,2025-07-29 20:34:35
ACC-02855,Samruddhi Credit Services LLP,Corporate (Staff & Executive Cars),Banking & Financial Services,,Bengaluru,Karnataka,samruddhicreditservice.co.in,29WZVFS7076Y1Z9,,,,11,USR-211,2021-06-10 00:59:32
ACC-02856,Hampi Hospitality Services,Hotels & Travel,Hospitality,,Mysuru,Karnataka,hampihospitalityservic.in,29VOUPH5982A1ZX,,,,13,USR-208,2023-01-13 05:18:13
ACC-02857,Amrutha Builders Pvt Ltd,Corporate (Staff & Executive Cars),Construction & Real Estate,,Bengaluru,Karnataka,amruthabuilders.co.in,29WKQCA7717H1ZZ,,,,34,USR-209,2026-07-26 13:17:15
ACC-02858,Trishul Builders Pvt Ltd,Corporate (Staff & Executive Cars),Construction & Real Estate,,Bengaluru,Karnataka,trishulbuilders.in,29QTFCT2590E1ZO,572687530,,,5,USR-210,2022-08-07 01:28:47
ACC-02859,Srinidhi Technologies Pvt Ltd,Corporate (Staff & Executive Cars),Information Technology,,Mysuru,Karnataka,srinidhitechnologies.in,29NNLCS6096Q1Z0,216406560,,,9,USR-211,2025-11-20 15:14:16
ACC-02860,Vijaya Infotech LLP,Corporate (Staff & Executive Cars),Information Technology,,Shivamogga,Karnataka,vijayainfotech.in,29DSSFV4475T1ZJ,,,,9,USR-202,2024-09-21 01:52:23
ACC-02861,Sri Lakshmi Cabs,Cab Fleet Operator,Transportation Services,,Bengaluru,Karnataka,srilakshmicabs.co.in,29UQMPS8291L124,,,,75,USR-208,2026-05-21 15:19:53
ACC-02862,Prime Taxi Services LLP,Cab Fleet Operator,Transportation Services,,Bengaluru,Karnataka,primetaxiservices.in,29LVKFP1263K1ZD,,,,25,USR-209,2026-08-03 16:53:28
ACC-02863,Evergreen Self Drive Cars Pvt Ltd,Car Rental & Self-Drive,Automotive Rental,,Shivamogga,Karnataka,evergreenselfdrivecars.in,29XWNCE6066S1ZM,,,,13,USR-214,2024-11-04 16:45:40
ACC-02864,Silicon Commute Solutions LLP,Employee Transport Services,Transportation Services,,Bengaluru,Karnataka,siliconcommutesolution.in,29ETAFS1767F1ZX,939489125,,,157,USR-209,2026-02-16 09:07:32
ACC-02865,Sanjeevini Tours & Travels,Cab Fleet Operator,Transportation Services,,Bengaluru,Karnataka,sanjeevinitourstravels.com,29CAOPS9237A1Z8,,,Key,26,USR-197,2024-04-28 23:47:47
ACC-02866,Galaxy Travels LLP,Cab Fleet Operator,Transportation Services,,Hubballi,Karnataka,galaxytravels.co.in,29SUBFG2259T1Z2,,,,107,USR-214,2026-03-10 15:10:19
ACC-02867,Metro Hotels & Resorts,Hotels & Travel,Hospitality,,Bengaluru,Karnataka,metrohotelsresorts.com,29VRGPM2259Q1ZF,,,,7,USR-206,2025-02-22 14:18:28
ACC-02868,Rapid Tours & Travels,Cab Fleet Operator,Transportation Services,,Bengaluru,Karnataka,rapidtourstravels.in,29BGXPR8197Z1Z1,,,,20,USR-214,2023-05-17 15:19:17
ACC-02869,Garuda Fleet Leasing Pvt Ltd,Leasing & Subscription,Banking & Financial Services,,Bengaluru,Karnataka,garudafleetleasing.in,29IUQCG0371W1Z4,,,,204,USR-209,2021-10-09 06:24:30
ACC-02870,Annapoorna Cab Services,Cab Fleet Operator,Transportation Services,,Bengaluru,Karnataka,annapoornacabservices.in,,,,,15,USR-212,2021-07-16 10:01:05
ACC-02871,Vega Mobility Services Pvt Ltd,Employee Transport Services,Transportation Services,,Bengaluru,Karnataka,vegamobilityservices.com,29MJMCV5193M1ZH,,,,144,USR-209,2025-09-28 07:09:23
ACC-02872,Hoysala Public School,Hospitals & Education,Education,,Bengaluru,Karnataka,hoysalapublicschool.co.in,29XKMTH0847C1ZD,,,,7,USR-214,2025-07-13 01:30:20
ACC-02873,Hoysala Mobility Services LLP,Employee Transport Services,Transportation,,Bengaluru,Karnataka,hoysalamobilityservice.in,29DJZFH5440I1Z3,665741665,,Named,217,USR-211,2021-05-30 05:03:33
ACC-02874,Shree Balaji Tours & Travels,Cab Fleet Operator,Transportation Services,,Bengaluru,Karnataka,shreebalajitourstravel.com,29MVLPS5192K1ZB,,,,51,USR-209,2026-03-21 01:18:50
ACC-02875,Hoysala Capital Pvt Ltd,Corporate (Staff & Executive Cars),Banking & Financial Services,,Mysuru,Karnataka,hoysalacapital.in,29ZISCH0302R1ZV,,,,10,USR-207,2023-08-20 22:39:12
ACC-02876,Tulasi Multispeciality Hospital,Hospitals & Education,Healthcare,,Bengaluru,Karnataka,tulasimultispecialityh.com,29FDYTT7239O1ZP,,,,12,USR-208,2026-06-03 07:47:37
ACC-02877,Deccan College,Hospitals & Education,Education,,Hubballi,Karnataka,deccancollege.co.in,29LPKTD0958S1ZK,,,,10,USR-216,2023-05-31 20:38:09
ACC-02878,Karavali Travels Pvt Ltd,Cab Fleet Operator,Transportation Services,,Bengaluru,Karnataka,karavalitravels.in,29VOLCK7807A1Z,271245191,,,38,USR-209,2025-02-18 05:53:11
ACC-02879,Nakshatra Rent-a-Car Pvt Ltd,Car Rental & Self-Drive,Automotive Rental,,Bengaluru,Karnataka,nakshatrarentacar.in,29TUQCN8700S1ZP,,,,46,USR-208,2020-11-02 21:55:30
ACC-02880,Malnad Car Rentals Pvt Ltd,Car Rental & Self-Drive,Automotive Rental,,Bengaluru,Karnataka,malnadcarrentals.in,,,,Named,25,USR-206,2025-01-23 10:15:51
ACC-02881,Galaxy Developers LLP,Corporate (Staff & Executive Cars),Construction,,Bengaluru,Karnataka,galaxydevelopers.co.in,29HRZFG5728Q1ZX,,,,18,USR-202,2026-07-04 06:21:26
ACC-02882,Vega Software Solutions LLP,Corporate (Staff & Executive Cars),Information Technology,,Bengaluru,Karnataka,vegasoftwaresolutions.co.in,29VVCFV0211R1Z5,630503951,,,12,USR-204,2022-06-25 04:44:31
ACC-02883,Sharada Car Rentals,Car Rental & Self-Drive,Automotive Rental,,Mysuru,Karnataka,sharadacarrentals.co.in,29BYLPS9883B1ZL,,,,33,USR-209,2025-03-19 06:37:49
ACC-02884,Prime Pharmaceuticals Pvt Ltd,Corporate (Staff & Executive Cars),Pharmaceuticals,,Mysuru,Karnataka,primepharmaceuticals.co.in,,368303776,,,8,USR-202,2019-07-07 06:29:26
ACC-02885,Kadamba Self Drive Cars,Car Rental & Self-Drive,Automotive Rental,,Bengaluru,Karnataka,kadambaselfdrivecars.co.in,29PKUPK1197V1ZA,,,,112,USR-213,2019-08-25 00:44:44
ACC-02886,Anugraha Multispeciality Hospital,Hospitals & Education,Healthcare,,Bengaluru,Karnataka,anugrahamultispecialit.in,29UGJTA6415G1ZR,145030000,,,17,USR-206,2019-03-07 12:25:56
ACC-02887,Sunrise Mobility Services Pvt Ltd,Employee Transport Services,Transportation Services,,Mysuru,Karnataka,sunrisemobilityservice.in,29RCMCS4785N1ZO,417289155,,,175,USR-208,2023-09-18 23:08:12
ACC-02888,Zenith Supermarts Ltd,Corporate (Staff & Executive Cars),Retail,,Bengaluru,Karnataka,zenithsupermartsltd.co.in,29IBTCZ0861F1ZH,463307857,,,19,USR-209,2022-01-22 22:27:43
ACC-02889,Silicon Precision Components Pvt Ltd,Corporate (Staff & Executive Cars),Manufacturing,,Mysore,Karnataka,siliconprecisioncompon.in,29IHICS6943W1ZD,768596267,,,38,USR-206,2022-05-24 14:37:49
ACC-02890,Omkar Travels LLP,Cab Fleet Operator,Transportation Services,,Bengaluru,Karnataka,omkartravels.in,29LVFFO3177D1ZP,,,,58,USR-209,2026-05-19 01:54:00
ACC-02891,Surya Holidays Pvt Ltd,Hotels & Travel,Hotel & Resorts,,Mangaluru,Karnataka,suryaholidays.com,29PSZCS4282B1ZD,,,,8,USR-209,2026-03-09 02:02:20
ACC-02892,Vinayaka Precision Components Ltd,Corporate (Staff & Executive Cars),Manufacturing,,Mangaluru,Karnataka,vinayakaprecisioncompo.com,29RWACV5191Q1ZS,317439475,,,54,USR-206,2025-02-21 00:59:58
ACC-02893,Lotus Employee Transport Solutions Pvt Ltd,Employee Transport Services,Transportation Services,,Bengaluru,Karnataka,lotusemployeetransport.com,,638524911,,Key,81,USR-197,2025-12-10 02:57:50
ACC-02894,Royal Staff Transport Services Pvt Ltd,Employee Transport Services,Transportation Services,,Bengaluru,Karnataka,royalstafftransportser.in,29VWTCR2689G1ZP,216794271,,,79,USR-206,2022-11-19 22:15:16
ACC-02895,Krishna Traders Pvt Ltd,Corporate (Staff & Executive Cars),Retail,,Bengaluru,Karnataka,krishnatraders.in,29CAZCK 8039R1ZZ,,,,16,USR-211,2022-04-21 18:50:37
ACC-02896,Trishul Tours & Travels,Cab Fleet Operator,Transportation,,Bengaluru,Karnataka,trishultourstravels.co.in,29PYRPT8533S1ZG,,,,45,USR-201,2018-11-19 10:09:59
ACC-02897,District Collectorate - Bengaluru Rural,Government / PSU,Government,,Hubballi,Karnataka,,29AOOGD0348V1ZM,,,Named,9,USR-208,2026-01-13 03:08:17
ACC-02898,Sunrise Fleet Leasing Pvt Ltd,Leasing & Subscription,Banking & Financial Services,,Hubballi,Karnataka,sunrisefleetleasing.in,29XIACS5632N1ZT,,,,1535,USR-208,2025-12-17 08:00:01
ACC-02899,Sterling Multispeciality Hospital Pvt Ltd,Hospitals & Education,Healthcare,,Bengaluru,Karnataka,sterlingmultispecialit.co.in,29LPQCS4676C1ZO,331934680,,Named,5,USR-208,2021-03-04 18:01:22
ACC-02900,Tunga Tours & Travels LLP,Cab Fleet Operator,Transportation Services,,Bengaluru,Karnataka,tungatourstravels.in,29KBZFT0925Z1Z7,,,,34,USR-213,2021-10-02 02:06:25
ACC-02901,Lotus Fleet Leasing LLP,Leasing & Subscription,Banking & Financial Services,,Hubballi,Karnataka,lotusfleetleasing.com,29OZSFL1692M1ZL,835088161,,Named,267,USR-214,2025-01-24 12:24:59
ACC-02902,Heritage Diagnostics,Hospitals & Education,Healthcare,,Bengaluru,Karnataka,heritagediagnostics.in,29SFNTH6901P1Z2,,,,8,USR-211,2025-01-01 13:17:16
ACC-02903,Annapoorna Hotels & Resorts,Hotels & Travel,Hospitality,,Mangaluru,Karnataka,annapoornahotelsresort.in,29EFVPA7251I1ZW,,,,11,USR-206,2022-01-05 11:12:11
ACC-02904,Lotus Capital Pvt Ltd,Corporate (Staff & Executive Cars),Banking & Financial Services,,Mysuru,Karnataka,lotuscapital.com,29CHECL4643D1Z4,295036047,,Named,10,USR-208,2020-07-21 15:11:28
ACC-02905,Kadamba Leasing Ltd,Leasing & Subscription,Banking & Financial Services,,Mangaluru,Karnataka,kadambaleasingltd.in,29ENTCK0229E1ZJ,,,,356,USR-208,2022-02-08 08:12:57
ACC-02906,Shree Balaji Rent-a-Car LLP,Car Rental & Self-Drive,Automotive Rental,,Bengaluru,Karnataka,shreebalajirentacar.com,29VHZFS8084I1Z1,,,,25,USR-211,2026-03-02 15:45:30
ACC-02907,Kaveri Car Rentals Pvt Ltd,Car Rental & Self-Drive,Automotive Rental,,Bengaluru,Karnataka,kavericarrentals.co.in,,,,,43,USR-211,2025-03-20 07:08:07
ACC-02908,Tulasi Cab Services,Cab Fleet Operator,Transportation Services,,Bengaluru,Karnataka,tulasicabservices.co.in,,,,,22,USR-204,2020-07-02 21:41:15
ACC-02909,Vinayaka Cabs,Cab Fleet Operator,Transportation Services,,Bengaluru,Karnataka,vinayakacabs.com,29EQPPV8988L1Z2,,,,13,USR-208,2023-05-26 16:31:46
ACC-02910,Heritage Fleet Leasing LLP,Leasing & Subscription,Banking,,Bengaluru,Karnataka,heritagefleetleasing.in,29UXSFH5275I1ZS,461384548,,,203,USR-209,2021-04-11 22:06:36
ACC-02911,Swift Infra Projects Pvt Ltd,Corporate (Staff & Executive Cars),Construction & Real Estate,,Bengaluru,Karnataka,swiftinfraprojects.com,29STMCS1112D1Z2,,,,20,USR-208,2026-07-25 08:19:14
ACC-02912,Anugraha Cab Services LLP,Cab Fleet Operator,Transportation Services,,Udupi,Karnataka,anugrahacabservices.com,29WIXFA3498G1ZM,,,,15,USR-202,2025-06-26 00:47:46
ACC-02913,Sapphire Staff Transport Services Ltd,Employee Transport Services,Transportation Services,,Bengaluru,Karnataka,sapphirestafftransport.com,29EUMCS3082N1ZC,,,,83,USR-202,2026-03-22 11:28:07
ACC-02914,Karavali Corporate Mobility Pvt Ltd,Employee Transport Services,Transportation Services,,Shivamogga,Karnataka,karavalicorporatemobil.com,29KJYCK1487M1ZS,126176108,,,290,USR-215,2023-08-28 01:04:44
ACC-02915,Sri Lakshmi Car Subscription Services LLP,Leasing & Subscription,Banking & Financial Services,,Bengaluru,Karnataka,srilakshmicarsubscript.com,,132694628,,,167,USR-209,2019-05-23 14:47:13
ACC-02916,Amrutha Industries LLP,Corporate (Staff & Executive Cars),Manufacturing,,Shimoga,Karnataka,amruthaindustries.co.in,29JXMFA0285R1Z6,666908166,,,8,USR-204,2023-04-04 16:22:09
ACC-02917,Brindavan Infotech LLP,Corporate (Staff & Executive Cars),Information Technology,,Hubballi,Karnataka,brindavaninfotech.in,29VQRFB7797B1ZC,858614100,,,6,USR-215,2020-06-21 19:43:02
ACC-02918,Forest Division Office - Udupi,Government / PSU,Government,,Bengaluru,Karnataka,,29YCQGF1368D1ZE,,,Named,39,USR-216,2019-01-30 19:21:23
ACC-02919,Vinayaka Holidays Pvt Ltd,Hotels & Travel,Hospitality,,Bengaluru,Karnataka,vinayakaholidays.in,,248783642,,,8,USR-214,2025-07-08 04:27:43
ACC-02920,Royal Mobility Services LLP,Employee Transport Services,Transportation Services,,Mangaluru,Karnataka,royalmobilityservices.com,29APCFR4367T1ZD,,,,107,USR-209,2022-08-05 21:53:49
ACC-02921,Tunga Staff Transport Services LLP,Employee Transport Services,Transportation Services,,Bengaluru,Karnataka,tungastafftransportser.co.in,29DKJFT8709S1ZB,193592170,,,51,USR-214,2026-05-02 01:57:02
ACC-02922,Pinnacle Infotech LLP,Corporate (Staff & Executive Cars),Information Technology,,Bengaluru,Karnataka,pinnacleinfotech.com,29NNCFP 4646W1Z2,640623810,,Named,4,USR-216,2019-06-04 14:30:46
ACC-02923,Maruthi Nagar Rent-a-Car Pvt Ltd,Car Rental & Self-Drive,Automotive Rental,,Bengaluru,Karnataka,maruthinagarrentacar.in,29SVACM6529C1ZV,839364905,,,28,USR-208,2019-12-21 01:01:29
ACC-02924,Chandra Credit Services Pvt Ltd,Corporate (Staff & Executive Cars),Banking & Financial Services,,Bengaluru,Karnataka,chandracreditservices.co.in,,874625523,,,29,USR-215,2025-03-31 06:11:29
ACC-02925,Samruddhi Fleet Services Pvt Ltd,Cab Fleet Operator,Transportation Services,,Belagavi,Karnataka,samruddhifleetservices.co.in,29AVMCS3332J1ZT,,,Named,71,USR-214,2024-10-15 08:18:32
ACC-02926,Omkar Rent-a-Car Pvt Ltd,Car Rental & Self-Drive,Automotive Rental,,Bengaluru,Karnataka,omkarrentacar.co.in,29RHQCO8977A1ZV,,,Named,53,USR-211,2019-07-27 04:11:59
ACC-02927,Tulasi Cabs,Cab Fleet Operator,Transportation Services,,Mangaluru,Karnataka,tulasicabs.co.in,29QBYPT 7664R1ZF,,,,13,USR-216,2022-06-04 02:33:09
ACC-02928,District Collectorate - Yadgir,Government / PSU,Government,,Bengaluru,Karnataka,,,,,,18,USR-208,2026-02-02 00:41:33
ACC-02929,Sharada Capital LLP,Corporate (Staff & Executive Cars),Banking & Financial Services,,Mangaluru,Karnataka,sharadacapital.in,29WPVFS5550U1ZA,466612157,,,31,USR-204,2025-03-16 11:21:25
ACC-02930,Royal Corporate Mobility LLP,Employee Transport Services,Transportation Services,,Bengaluru,Karnataka,royalcorporatemobility.co.in,29QCUFR9255P1Z9,315343896,,,164,USR-216,2022-02-17 12:11:08
ACC-02931,Heritage Credit Services LLP,Corporate (Staff & Executive Cars),Banking & Financial Services,,Bengaluru,Karnataka,heritagecreditservices.in,29KHEFH1679S1ZT,,,Named,37,USR-208,2025-07-19 13:59:00
ACC-02932,Vasudha Staff Transport Services Pvt Ltd,Employee Transport Services,Transportation Services,,Mangaluru,Karnataka,vasudhastafftransports.co.in,29OAACV4302R1ZJ,,,,158,USR-211,2026-01-26 02:14:53
ACC-02933,Omkar Medical Trust,Hospitals & Education,Healthcare,,Mysuru,Karnataka,omkarmedicaltrust.co.in,29CHKTO6465J1ZB,,,Named,15,USR-212,2020-03-25 21:34:03
ACC-02934,Brindavan Commute Solutions Pvt Ltd,Employee Transport Services,Transportation Services,,Bengaluru,Karnataka,brindavancommutesoluti.co.in,29ZNDCB6369D1Z4,,,,126,USR-204,2020-10-01 20:31:25
ACC-02935,Heritage Infotech Pvt Ltd,Corporate (Staff & Executive Cars),Information Technology,,Bangalore,Karnataka,heritageinfotech.com,,,,Named,17,USR-214,2026-05-27 21:43:07
ACC-02936,Chandra Taxi Services,Cab Fleet Operator,Transportation Services,,Bengaluru,Karnataka,chandrataxiservices.in,29IHCPC2567F1ZB,,,,17,USR-211,2019-11-05 03:17:11
ACC-02937,Sai Krupa Constructions LLP,Corporate (Staff & Executive Cars),Construction,,Bengaluru,Karnataka,saikrupaconstructions.com,29XPXFS8821E1Z0,357478590,,,12,USR-215,2020-06-08 20:23:41
ACC-02938,Elite Retail Pvt Ltd,Corporate (Staff & Executive Cars),Retail,,Mysuru,Karnataka,eliteretail.co.in,29YFQCE0951I1ZB,222621534,,,2,USR-204,2019-12-02 08:46:01
ACC-02939,Unity Taxi Services Pvt Ltd,Cab Fleet Operator,Transportation,,Mysuru,Karnataka,unitytaxiservices.com,29AJACU3461W1ZV,,,Named,10,USR-216,2021-01-28 23:02:09
ACC-02940,Sri Lakshmi Mobility Services LLP,Employee Transport Services,Transportation Services,,Bengaluru,Karnataka,srilakshmimobilityserv.in,29EGSFS1298Z1ZZ,231064244,,,40,USR-204,2020-03-23 22:23:26
ACC-02941,Kodagu Taxi Services,Cab Fleet Operator,Transportation Services,,Mangaluru,Karnataka,kodagutaxiservices.in,29BYJPK4185U1Z7,,,Key,75,USR-200,2021-06-14 23:00:51
ACC-02942,Sunrise Fleet Services Pvt Ltd,Cab Fleet Operator,Transportation Services,,Bengaluru,Karnataka,sunrisefleetservices.co.in,29DTICS1004I1ZB,,,,16,USR-209,2020-08-04 10:50:25
ACC-02943,Surya Employee Transport Solutions Ltd,Employee Transport Services,Transportation Services,,Bengaluru,Karnataka,suryaemployeetransport.com,29MZNCS8718B1Z9,984281312,,,30,USR-209,2021-01-17 09:10:41
ACC-02944,Greenline Cab Services,Cab Fleet Operator,Transportation Services,,Bengaluru,Karnataka,greenlinecabservices.com,29UWLPG9006W1ZW,,,,16,USR-214,2026-06-03 02:09:22
ACC-02945,Omkar Self Drive Cars Pvt Ltd,Car Rental & Self-Drive,Automotive Rental,,Bengaluru,Karnataka,omkarselfdrivecars.co.in,29NATCO9865D1Z7,,,,22,USR-204,2023-04-16 02:30:52
ACC-02946,Srinidhi Capital Pvt Ltd,Corporate (Staff & Executive Cars),Banking & Financial Services,,Bengaluru,Karnataka,srinidhicapital.co.in,29JPPCS7420M1ZI,454499414,,,10,USR-216,2021-11-26 01:51:35
ACC-02947,Sharada Builders Pvt Ltd,Corporate (Staff & Executive Cars),Construction & Real Estate,,Udupi,Karnataka,sharadabuilders.co.in,29ULLCS1806Z1ZZ,,,,10,USR-209,2025-12-16 14:23:15
ACC-02948,Sahyadri Infra Projects Pvt Ltd,Corporate (Staff & Executive Cars),Construction & Real Estate,,Davanagere,Karnataka,sahyadriinfraprojects.in,29UGGCS5861S1ZE,213712045,,,19,USR-211,2024-05-10 16:11:02
ACC-02949,Greenline Employee Transport Solutions LLP,Employee Transport Services,Transportation Services,,Mysuru,Karnataka,greenlineemployeetrans.co.in,29VXHFG9872D1Z3,,,,121,USR-202,2024-12-06 13:02:11
ACC-02950,Trishul Traders LLP,Corporate (Staff & Executive Cars),Retail,,Bengaluru,Karnataka,trishultraders.in,29ANZFT4887E1ZE,794545690,,,3,USR-204,2022-07-31 10:05:57
ACC-02951,Garuda Digital Systems Ltd,Corporate (Staff & Executive Cars),Information Technology,,Bengaluru,Karnataka,garudadigitalsystemslt.com,29KDECG7356S1Z6,241412229,,,23,USR-208,2019-09-28 10:17:58
ACC-02952,Chaitanya Healthcare Products Ltd,Corporate (Staff & Executive Cars),Pharmaceuticals,,Bengaluru,Karnataka,chaitanyahealthcarepro.com,29MYYCC7201C1ZU,,,,8,USR-209,2025-07-03 03:34:30
ACC-02953,Pinnacle Digital Systems Pvt Ltd,Corporate (Staff & Executive Cars),Information Technology,,Bengaluru,Karnataka,pinnacledigitalsystems.in,29SXJCP3597Y1Z0,316289605,,,54,USR-209,2019-06-19 16:46:31
ACC-02954,Pragati Holidays Pvt Ltd,Hotels & Travel,Hospitality,,Bengaluru,Karnataka,pragatiholidays.co.in,29WQUCP3368K1ZY,493024534,,,18,USR-204,2022-02-25 18:38:55
ACC-02955,Akshaya Capital Pvt Ltd,Corporate (Staff & Executive Cars),Banking & Financial Services,,Bengaluru,Karnataka,akshayacapital.com,29XIBCA3658X1ZK,,,,11,USR-210,2022-05-28 02:30:40
ACC-02956,Shree Balaji Cabs,Cab Fleet Operator,Transportation Services,,Bengaluru,Karnataka,shreebalajicabs.co.in,29ZTBPS9362X1ZI,,,,19,USR-204,2026-04-20 23:56:23
ACC-02957,Malnad Commute Solutions Pvt Ltd,Employee Transport Services,Transportation Services,,Mangaluru,Karnataka,malnadcommutesolutions.in,29VRUCM3843H1ZB,,,,109,USR-204,2019-05-29 14:05:48
ACC-02958,Lotus Institute of Technology,Hospitals & Education,Education,,Bengaluru,Karnataka,lotusinstituteoftechno.in,29VUJTL 9374Y1Z5,,,,4,USR-202,2025-03-02 20:44:44
ACC-02959,Shree Balaji Taxi Services Pvt Ltd,Cab Fleet Operator,Transportation Services,,Bengaluru,Karnataka,shreebalajitaxiservice.co.in,29CXLCS6711T1ZZ,548079291,,,10,USR-216,2023-04-22 21:41:06
ACC-02960,Malnad Resorts Pvt Ltd,Hotels & Travel,Hospitality,,Mangaluru,Karnataka,malnadresorts.in,29ZDYCM0157F1Z7,,,Named,14,USR-211,2022-12-21 05:46:01
ACC-02961,Hampi Infra Projects Ltd,Corporate (Staff & Executive Cars),Construction & Real Estate,,Mysuru,Karnataka,hampiinfraprojectsltd.co.in,29XQVCH8071A1ZN,181153963,,,7,USR-202,2026-01-30 05:48:34
ACC-02962,Orbit Taxi Services Pvt Ltd,Cab Fleet Operator,Transportation Services,,BLR,Karnataka,orbittaxiservices.com,29LMOCO2311Y1ZF,,,,24,USR-204,2024-03-23 05:48:25
ACC-02963,Nakshatra Life Sciences Pvt Ltd,Corporate (Staff & Executive Cars),Pharmaceuticals,,Bengaluru,Karnataka,nakshatralifesciences.com,29UUCCN0622Q1ZH,706882356,,,19,USR-209,2020-11-29 10:24:04
ACC-02964,Nakshatra Mobility Services Pvt Ltd,Employee Transport Services,Transportation Services,,Hubballi,Karnataka,nakshatramobilityservi.co.in,29VEPCN0669L1ZV,,,Named,121,USR-210,2022-03-13 23:21:33
ACC-02965,Namma Car Hire LLP,Car Rental & Self-Drive,Automotive Rental,,Bengaluru,Karnataka,nammacarhire.co.in,29KQCFN3655G1ZZ,418066346,,,33,USR-216,2024-08-05 06:28:33
ACC-02966,Srinidhi Leasing Pvt Ltd,Leasing & Subscription,Finance,,Mysuru,Karnataka,srinidhileasing.in,29OBUCS2530N1Z6,828581906,,,442,USR-216,2020-03-25 17:00:32
ACC-02967,Trishul Technologies Ltd,Corporate (Staff & Executive Cars),Information Technology,,Belagavi,Karnataka,trishultechnologiesltd.in,29BBQCT7787E1ZC,595429229,,,16,USR-214,2019-11-21 17:45:18
ACC-02968,Bluechip Taxi Services,Cab Fleet Operator,Transportation Services,,Bengaluru,Karnataka,bluechiptaxiservices.co.in,29FVHPB7943F1ZB,,,,29,USR-214,2024-05-25 19:15:59
ACC-02969,Sai Krupa Developers Pvt Ltd,Corporate (Staff & Executive Cars),Construction & Real Estate,,Bengaluru ,Karnataka,saikrupadevelopers.co.in,29USVCS5483X1ZY,,,,6,USR-209,2021-07-18 13:09:35
ACC-02970,Vasudha Infotech Pvt Ltd,Corporate (Staff & Executive Cars),Information Technology,,Bengaluru,Karnataka,vasudhainfotech.com,29PUACV3217P1ZD,990725923,,,14,USR-216,2022-02-20 13:40:59
ACC-02971,Vinayaka Life Sciences Pvt Ltd,Corporate (Staff & Executive Cars),Pharmaceuticals,,Udupi,Karnataka,vinayakalifesciences.com,29JQPCV2856I1ZF,487511736,,,14,USR-204,2026-02-16 11:55:05
ACC-02972,Sapphire Medical Trust Pvt Ltd,Hospitals & Education,Healthcare,,Bengaluru,Karnataka,sapphiremedicaltrust.com,29YMDCS4213Q1ZK,207590859,,,3,USR-209,2026-07-12 05:58:47
ACC-02973,Evergreen Public School Pvt Ltd,Hospitals & Education,Education,,Mysuru,Karnataka,evergreenpublicschool.in,29THMCE3974H1Z6,609322887,,,11,USR-202,2024-11-30 20:01:43
ACC-02974,Galaxy Multispeciality Hospital Pvt Ltd,Hospitals & Education,Healthcare,,Bengaluru,Karnataka,galaxymultispecialityh.co.in,,890361577,,,11,USR-214,2026-05-01 16:36:35
ACC-02975,Crescent Cab Services LLP,Cab Fleet Operator,Transportation Services,,Bengaluru,Karnataka,crescentcabservices.in,29MFTFC3709D1ZP,,,,14,USR-211,2026-02-06 07:36:16
ACC-02976,Sunrise Car Subscription Services Pvt Ltd,Leasing & Subscription,Banking & Financial Services,,Bengaluru,Karnataka,sunrisecarsubscription.com,29JOMCS0608O1ZR,661003837,,,196,USR-216,2025-08-22 08:00:03
ACC-02977,City Municipal Office - Bengaluru Urban,Government / PSU,Government,,Davanagere,Karnataka,,29QVYGC7968R1Z3,,,,15,USR-202,2025-05-29 19:31:56
ACC-02978,Suvarna Auto Leasing Pvt Ltd,Leasing & Subscription,Banking & Financial Services,,Bengaluru,Karnataka,suvarnaautoleasing.com,29FOVCS4317Q1ZC,493864239,,,2031,USR-211,2024-05-04 06:04:56
ACC-02979,Vasudha Tours & Travels Pvt Ltd,Cab Fleet Operator,Transportation Services,,Mysuru,Karnataka,vasudhatourstravels.co.in,29IUJCV8243A1ZU,,,,31,USR-202,2019-01-10 06:37:42
ACC-02980,Crescent Taxi Services,Cab Fleet Operator,Transportation Services,,Bengaluru,Karnataka,crescenttaxiservices.co.in,29QTLPC3071M1ZX,,,,32,USR-202,2023-05-18 03:52:52
ACC-02981,Tulasi Fleet Services,Cab Fleet Operator,Transportation Services,,Bengaluru,Karnataka,tulasifleetservices.com,29CCCPT9114B1ZL,,,,187,USR-208,2026-09-17 21:13:19
ACC-02982,Kadamba Cabs LLP,Cab Fleet Operator,Transportation Services,,Bengaluru,Karnataka,kadambacabs.co.in,29TYWFK3488G1ZM,,,,14,USR-216,2026-06-13 16:52:22
ACC-02983,Airavata Leasing LLP,Leasing & Subscription,Banking & Financial Services,,Hubballi,Karnataka,airavataleasing.com,29ZKKFA6400D1ZI,913631731,,,251,USR-204,2025-05-28 02:13:35
ACC-02984,Evergreen Developers LLP,Corporate (Staff & Executive Cars),Construction & Real Estate,,udupi,Karnataka,evergreendevelopers.in,29FANFE3306Q1ZQ,,,Named,54,USR-206,2026-08-24 15:57:54
ACC-02985,Akshaya Corporate Mobility Ltd,Employee Transport Services,Transport,,Mysuru,Karnataka,akshayacorporatemobili.com,29KTVCA8777C1ZK,,,,166,USR-214,2026-01-07 13:03:58
ACC-02986,Garden City Retail Pvt Ltd,Corporate (Staff & Executive Cars),Retail,,Bengaluru,Karnataka,gardencityretail.com,29KIPCG2462Y1ZJ,605362874,,,13,USR-216,2025-11-06 17:07:45
ACC-02987,Suvarna Medical Trust Pvt Ltd,Hospitals & Education,Healthcare,,Bengaluru,Karnataka,suvarnamedicaltrust.in,29QJJCS4022K1Z5,,,,5,USR-209,2024-11-10 23:29:15
ACC-02988,Sahyadri Traders Pvt Ltd,Corporate (Staff & Executive Cars),Retail,,Hubballi,Karnataka,sahyadritraders.in,29SZACS0033E1ZY,138431235,,,35,USR-206,2026-05-24 10:49:58
ACC-02989,Tulasi Constructions Pvt Ltd,Corporate (Staff & Executive Cars),Construction & Real Estate,,bengaluru,Karnataka,tulasiconstructions.in,29YHACT8307N1ZS,425503159,,,30,USR-214,2026-08-25 12:49:37
ACC-02990,Deccan Cabs,Cab Fleet Operator,Transportation Services,,Bengaluru,Karnataka,deccancabs.com,29PJKPD4351Q1Z9,,,,69,USR-209,2019-06-14 01:01:00
ACC-02991,District Collectorate - Chikkamagaluru,Government / PSU,Government,,Mysuru,Karnataka,,29AEMGD7160U1Z3,,,,52,USR-208,2025-04-06 20:23:15
ACC-02992,Heritage Tours & Travels LLP,Cab Fleet Operator,Transportation Services,,Hubballi,Karnataka,heritagetourstravels.com,29EAWFH1594T1ZV,,,Named,13,USR-204,2025-01-04 04:58:24
ACC-02993,City Municipal Office - Chikkamagaluru,Government / PSU,Government,,Bengaluru,Karnataka,,29OYAGC1557J1ZM,,,,19,USR-216,2022-06-19 23:40:54
ACC-02994,Sunrise Hotels & Resorts Pvt Ltd,Hotels & Travel,Hospitality,,Bengaluru,Karnataka,sunrisehotelsresorts.com,29UPDCS4085Z1ZM,841974205,,,12,USR-207,2019-06-07 02:17:12
ACC-02995,Amrutha Hospitality Services Pvt Ltd,Hotels & Travel,Hospitality,,Bengaluru,Karnataka,amruthahospitalityserv.com,29FBCCA9507O1ZY,857706463,,,5,USR-216,2026-08-25 16:50:43
ACC-02996,Royal Travels Pvt Ltd,Cab Fleet Operator,Transportation Services,,Bengaluru,Karnataka,royaltravels.in,29DAYCR3008O1ZF,824517925,,,42,USR-204,2021-08-19 13:23:56
ACC-02997,Vijaya Tours & Travels,Cab Fleet Operator,Transportation Services,,Davanagere,Karnataka,vijayatourstravels.co.in,29ZCJPV1120Z1ZU,,,,58,USR-209,2019-12-27 04:04:59
ACC-02998,Akshaya Life Sciences Pvt Ltd,Corporate (Staff & Executive Cars),Pharmaceuticals,,Bengaluru,Karnataka,akshayalifesciences.co.in,29IYXCA7394Z1Z4,,,Key,12,USR-200,2026-09-16 12:13:53
ACC-02999,Sai Krupa Engineering Works Pvt Ltd,Corporate (Staff & Executive Cars),Manufacturing,,Mangaluru,Karnataka,saikrupaengineeringwor.com,29MZBCS9323X1ZH,,,,58,USR-204,2025-06-15 04:42:31
ACC-03000,Bharath Employee Transport Solutions Ltd,Employee Transport Services,Transportation Services,,Bengaluru,Karnataka,bharathemployeetranspo.in,29SRBCB1680V1ZG,,,,93,USR-215,2018-12-02 11:46:25
ACC-03001,Horizon Precision Components Ltd,Corporate (Staff & Executive Cars),Manufacturing,,Bengaluru,Karnataka,horizonprecisioncompon.co.in,29EQICH2125F1ZQ,299913011,,,34,USR-202,2024-04-27 18:25:07
ACC-03002,Sahyadri Leasing Pvt Ltd,Leasing & Subscription,BFSI,,Shivamogga,Karnataka,sahyadrileasing.in,29FWICS0853Y1ZS,,,,184,USR-202,2025-10-27 07:28:53
ACC-03003,Anugraha Hotels & Resorts Pvt Ltd,Hotels & Travel,Hospitality,,Udupi,Karnataka,anugrahahotelsresorts.in,,,,Named,11,USR-216,2019-09-05 17:42:56
ACC-03004,Pragati Constructions Pvt Ltd,Corporate (Staff & Executive Cars),Construction & Real Estate,,Bengaluru,Karnataka,pragaticonstructions.in,29VTGCP8484M1ZS,109616186,,,14,USR-206,2026-08-30 08:11:38
ACC-03005,Tunga Institute of Technology,Hospitals & Education,Education,,Mangaluru,Karnataka,tungainstituteoftechno.co.in,29ORQTT1189U1ZM,,,,1,USR-209,2021-02-06 02:43:40
ACC-03006,Yashas Rent-a-Car Pvt Ltd,Car Rental & Self-Drive,Automotive Rental,,Shivamogga,Karnataka,yashasrentacar.com,,,,,70,USR-202,2023-09-13 19:52:56
ACC-03007,Mahalakshmi Cab Services Pvt Ltd,Cab Fleet Operator,Transportation Services,,Mysuru,Karnataka,mahalakshmicabservices.co.in,29ZHCCM0826H1ZH,,,,30,USR-203,2021-03-28 00:46:45
ACC-03008,Ujwal Builders Pvt Ltd,Corporate (Staff & Executive Cars),Construction & Real Estate,,Mangaluru,Karnataka,ujwalbuilders.in,29TOQCU6686E1Z6,754378924,,,17,USR-214,2024-04-29 22:32:55
ACC-03009,Galaxy Cab Services Pvt Ltd,Cab Fleet Operator,Transportation,,Bengaluru,Karnataka,galaxycabservices.co.in,29YPLCG8363P1Z1,,,,29,USR-206,2021-04-01 14:55:19
ACC-03010,Tunga Car Hire Pvt Ltd,Car Rental & Self-Drive,Automotive Rental,,Shivamogga,Karnataka,tungacarhire.in,29AKWCT3430L1Z1,,,,38,USR-212,2022-06-27 19:11:43
ACC-03011,Anugraha Tours & Travels Pvt Ltd,Cab Fleet Operator,Transportation Services,,Bengaluru,Karnataka,anugrahatourstravels.com,29RCJCA5714S1ZC,,,,18,USR-216,2026-05-10 10:33:52
ACC-03012,Deccan Polymers Ltd,Corporate (Staff & Executive Cars),Manufacturing,,Mysuru,Karnataka,deccanpolymersltd.co.in,29SOOCD1363P1ZN,853657469,,,7,USR-216,2022-06-04 18:01:49
ACC-03013,Sri Ganesh Developers Pvt Ltd,Corporate (Staff & Executive Cars),Construction & Real Estate,,Mysuru,Karnataka,sriganeshdevelopers.in,29CJOCS5584C1ZA,,,Named,33,USR-216,2026-03-09 10:37:27
ACC-03014,Samruddhi Traders Pvt Ltd,Corporate (Staff & Executive Cars),Retail,,Bengaluru,Karnataka,samruddhitraders.co.in,29CQUCS1111N1ZW,583261539,,,7,USR-208,2023-03-27 03:30:30
ACC-03015,Shubham Supermarts Pvt Ltd,Corporate (Staff & Executive Cars),Retail,,Bengaluru,Karnataka,shubhamsupermarts.com,29twccs6817c1zl,552506141,,,8,USR-204,2021-04-15 10:54:28
ACC-03016,Karavali Credit Services Ltd,Corporate (Staff & Executive Cars),Banking & Financial Services,,Tumakuru,Karnataka,karavalicreditservices.com,29TQGCK3515Y1Z3,749116572,,,9,USR-212,2020-04-05 01:01:48
ACC-03017,Tulasi Infra Projects LLP,Corporate (Staff & Executive Cars),Construction & Real Estate,,Bengaluru,Karnataka,tulasiinfraprojects.in,29YFEFT8003K1ZZ,,,,22,USR-209,2023-01-22 13:47:23
ACC-03018,Zenith Capital Ltd,Corporate (Staff & Executive Cars),Banking & Financial Services,,Hubballi,Karnataka,zenithcapitalltd.in,,121962943,,,37,USR-204,2026-04-20 01:52:31
ACC-03019,Orbit Industries Pvt Ltd,Corporate (Staff & Executive Cars),Manufacturer,,Bengaluru,Karnataka,orbitindustries.com,29BYCCO8697K1Z4,,,,6,USR-214,2025-05-02 04:21:59
ACC-03020,Anugraha Holidays Pvt Ltd,Hotels & Travel,Hospitality,,Shivamogga,Karnataka,anugrahaholidays.co.in,29YKICA1339F1ZJ,344821019,,,14,USR-214,2026-04-21 01:01:19
ACC-03021,Forest Division Office - Mysuru,Government / PSU,Government,,Bengaluru,Karnataka,,29BXCGF0652R1ZM,,,,36,USR-211,2020-08-31 18:06:16
ACC-03022,Sanjeevini Healthcare Products Pvt Ltd,Corporate (Staff & Executive Cars),Pharmaceuticals,,Mysuru,Karnataka,sanjeevinihealthcarepr.co.in,29JAWCS0173N1Z8,781415934,,,20,USR-208,2025-05-19 21:38:05
ACC-03023,Kodagu Fleet Leasing Pvt Ltd,Leasing & Subscription,Banking,,Bengaluru,Karnataka,kodagufleetleasing.in,29UPCCK2467W1Z3,,,,152,USR-211,2022-08-13 09:52:57
ACC-03024,Chamundi Travels,Cab Fleet Operator,Transportation Services,,Bengaluru,Karnataka,chamunditravels.co.in,29NSNPC5746H1Z1,,,,16,USR-204,2023-02-18 01:47:23
ACC-03025,Emerald Rent-a-Car,Car Rental & Self-Drive,Automotive Rental,,Tumakuru,Karnataka,emeraldrentacar.com,29LPYPE8005J1Z1,,,,53,USR-214,2018-10-04 15:14:39
ACC-03026,Chaitanya Leasing Pvt Ltd,Leasing & Subscription,Banking & Financial Services,,Mysuru,Karnataka,chaitanyaleasing.com,29IWLCC3359S1Z7,,,,842,USR-215,2019-07-07 22:27:10
ACC-03027,Mahalakshmi Cabs Pvt Ltd,Cab Fleet Operator,Transportation Services,,Bengaluru,Karnataka,mahalakshmicabs.com,29LEQCM0679X1ZF,,,,44,USR-214,2019-05-23 02:30:40
ACC-03028,Crescent Developers Pvt Ltd,Corporate (Staff & Executive Cars),Construction & Real Estate,,Bengaluru,Karnataka,crescentdevelopers.com,29VDUCC8979Z1ZQ,,,Named,32,USR-208,2022-05-16 08:01:06
ACC-03029,Skyline Fleet Services Pvt Ltd,Cab Fleet Operator,Transportation Services,,Bengaluru,Karnataka,skylinefleetservices.in,29YKNCS3248Q1Z5,,,,78,USR-209,2020-07-26 05:15:10
ACC-03030,Police Motor Transport Unit - Kalaburagi,Government / PSU,Government,,Hubballi,Karnataka,,29GKFGP6506K1Z3,106699984,,,9,USR-202,2026-08-20 10:34:56
ACC-03031,Deccan Healthcare Products Pvt Ltd,Corporate (Staff & Executive Cars),Pharmaceuticals,,Bengaluru,Karnataka,deccanhealthcareproduc.com,29AHICD7931T1Z8,814234934,,,8,USR-208,2019-09-07 19:02:46
ACC-03032,Sri Ganesh Fleet Services Pvt Ltd,Cab Fleet Operator,Transportation Services,,Bengaluru,Karnataka,sriganeshfleetservices.co.in,29ICRCS5233P1Z3,,,Named,166,USR-209,2021-06-08 10:37:38
ACC-03033,Mahalakshmi Car Rentals Pvt Ltd,Car Rental & Self-Drive,Automotive Rental,,Mangaluru,Karnataka,mahalakshmicarrentals.com,29MIXCM6485G1ZP,,,,62,USR-214,2021-11-14 07:36:03
ACC-03034,Namma Finance LLP,Corporate (Staff & Executive Cars),Banking & Financial Services,,Shivamogga,Karnataka,nammafinance.in,29LLGFN6618P1ZK,374312776,,,20,USR-216,2026-04-01 07:26:18
ACC-03035,Kadamba Industries Pvt Ltd,Corporate (Staff & Executive Cars),Manufacturing,,Bengaluru,Karnataka,kadambaindustries.in,29JNKCK4826F1ZA,,,,29,USR-214,2026-07-20 01:03:59
ACC-03036,Deccan Travels LLP,Cab Fleet Operator,Transportation,,Tumakuru,Karnataka,deccantravels.in,29WTTFD6265T1ZF,,,Named,76,USR-204,2025-10-13 18:31:44
ACC-03037,District Health Office - Bagalkote,Government / PSU,Government,,Mangaluru,Karnataka,,29YXNGD1714T1ZP,,,,7,USR-204,2025-12-23 00:45:36
ACC-03038,Sri Lakshmi Software Solutions Pvt Ltd,Corporate (Staff & Executive Cars),Information Technology,,Bengaluru,Karnataka,srilakshmisoftwaresolu.com,29PNKCS0404U1ZJ,,,Named,6,USR-216,2023-03-30 20:28:41
ACC-03039,Horizon Traders LLP,Corporate (Staff & Executive Cars),Retail,,Davanagere,Karnataka,horizontraders.co.in,29WXBFH9372N1ZR,,,,22,USR-209,2024-08-29 02:54:20
ACC-03040,Sai Krupa Hospitality Services,Hotels & Travel,Hospitality,,Bengaluru,Karnataka,saikrupahospitalityser.com,29GDLPS9477B1ZP,,,,8,USR-212,2019-02-24 22:01:29
ACC-03041,Hoysala Staff Transport Services Pvt Ltd,Employee Transport Services,Transportation Services,,Bengaluru,Karnataka,hoysalastafftransports.com,,335540120,,,93,USR-209,2024-08-28 23:52:03
ACC-03042,Amrutha Software Solutions Pvt Ltd,Corporate (Staff & Executive Cars),Information Technology,,Bengaluru,Karnataka,amruthasoftwaresolutio.co.in,29CPPCA7327Q1ZT,,,,10,USR-202,2018-10-23 17:28:26
ACC-03043,Chandra Taxi Services LLP,Cab Fleet Operator,Transportation Services,,Mangaluru,Karnataka,chandrataxiservices.com,,,,,39,USR-216,2023-08-01 20:13:21
ACC-03044,Hampi Car Rentals Pvt Ltd,Car Rental & Self-Drive,Automotive Rental,,Bengaluru,Karnataka,hampicarrentals.co.in,29rwich4688x1zc,,,Named,211,USR-215,2025-01-05 03:09:40
ACC-03045,Maruthi Nagar Builders Pvt Ltd,Corporate (Staff & Executive Cars),Construction & Real Estate,,Bengaluru ,Karnataka,maruthinagarbuilders.co.in,29AUACM8971W1Z0,226807169,,,30,USR-208,2022-08-31 07:58:48
ACC-03046,Zenith Tours & Travels,Cab Fleet Operator,Transportation Services,,Bengaluru,Karnataka,zenithtourstravels.in,,,,,4,USR-206,2019-05-04 05:56:01
ACC-03047,Orbit Technologies LLP,Corporate (Staff & Executive Cars),Information Technology,,Bengaluru,Karnataka,orbittechnologies.in,29YVQFO7889I1Z7,851029883,,Named,8,USR-206,2026-08-13 23:31:32
ACC-03048,Lotus Mobility Services Ltd,Employee Transport Services,Transportation Services,,Bengaluru,Karnataka,lotusmobilityservicesl.co.in,29XVTCL8272S1Z7,,,,117,USR-214,2023-05-10 10:42:32
ACC-03049,Zilla Panchayat - Dharwad,Government / PSU,Government,,Mysuru,Karnataka,,29MVCGZ0850L1Z7,,,Key,20,USR-200,2020-10-27 18:25:58
ACC-03050,Shubham Rent-a-Car Pvt Ltd,Car Rental & Self-Drive,Automotive Rental,,Mangaluru,Karnataka,shubhamrentacar.com,29AUQCS3744N1ZB,,,Named,8,USR-209,2023-03-02 21:30:53
ACC-03051,Karavali Car Subscription Services Pvt Ltd,Leasing & Subscription,Banking & Financial Services,,Mysuru,Karnataka,karavalicarsubscriptio.com,,140424868,,Named,741,USR-216,2026-05-24 21:53:18
ACC-03052,Greenline Staff Transport Services Pvt Ltd,Employee Transport Services,Transportation Services,,Bengaluru,Karnataka,greenlinestafftranspor.in,,,,,100,USR-209,2018-11-02 10:05:28
ACC-03053,Brindavan Technologies Pvt Ltd,Corporate (Staff & Executive Cars),Information Technology,,Bengaluru,Karnataka,brindavantechnologies.com,29BQKCB8257S1ZL,336283469,,,14,USR-209,2018-11-10 06:49:38
ACC-03054,Galaxy Corporate Mobility Pvt Ltd,Employee Transport Services,Transportation Services,,Hubballi,Karnataka,galaxycorporatemobilit.in,29XJOCG6210W1ZF,272338000,,,233,USR-207,2023-08-06 22:19:21
ACC-03055,Forest Division Office - Chikkamagaluru,Government / PSU,Government,,Bengaluru,Karnataka,,29SRJGF1829W1ZV,,,,18,USR-205,2018-11-17 05:32:37
ACC-03056,Orbit Precision Components Pvt Ltd,Corporate (Staff & Executive Cars),Manufacturing,,Tumakuru,Karnataka,orbitprecisioncomponen.com,29XWWCO5572O1ZA,,,Named,16,USR-206,2026-03-04 05:36:08
ACC-03057,Skyline Leasing LLP,Leasing & Subscription,Banking & Financial Services,,bengaluru,Karnataka,skylineleasing.in,29BEOFS6061V1ZN,221123642,,,454,USR-208,2019-05-30 19:10:07
ACC-03058,Kadamba Tours & Travels,Cab Fleet Operator,Transport,,Bengaluru,Karnataka,kadambatourstravels.co.in,29HQNPK7133Z1Z9,,,,24,USR-208,2021-06-20 16:17:21
ACC-03059,Bluechip Travels,Cab Fleet Operator,Transportation Services,,Bengaluru,Karnataka,bluechiptravels.in,29JTWPB7354H1ZV,,,,26,USR-202,2021-02-01 23:32:39
ACC-03060,Crescent Self Drive Cars,Car Rental & Self-Drive,Automotive Rental,,Udupi,Karnataka,crescentselfdrivecars.in,29FNEPC5331X1Z6,,,,32,USR-214,2025-12-12 06:00:35
ACC-03061,Garuda Multispeciality Hospital Pvt Ltd,Hospitals & Education,Healthcare,,Bengaluru,Karnataka,garudamultispecialityh.in,29YCSCG0116B1Z3,,,,41,USR-202,2018-11-13 02:38:41
ACC-03062,Kaveri Mobility Services LLP,Employee Transport Services,,,Bengaluru,Karnataka,kaverimobilityservices.in,29STNFK4633S1ZS,,,,282,USR-204,2020-02-24 10:04:47
ACC-03063,Garuda Traders Pvt Ltd,Corporate (Staff & Executive Cars),Retail,,Mysuru,Karnataka,garudatraders.in,29YTOCG0840Z1ZO,386639001,,,24,USR-206,2025-06-11 05:56:54
ACC-03064,Garuda Hospitality Services Pvt Ltd,Hotels & Travel,Hospitality,,Bengaluru,Karnataka,garudahospitalityservi.co.in,29OMUCG0066T1ZG,,,,17,USR-216,2026-09-03 00:33:02
ACC-03065,Amrutha Car Rentals,Car Rental & Self-Drive,Automotive Rental,,Bengaluru,Karnataka,amruthacarrentals.in,29CCRPA8371L1ZV,,,,42,USR-211,2021-12-23 15:32:51
ACC-03066,Navya Taxi Services LLP,Cab Fleet Operator,Transportation Services,,Bengaluru,Karnataka,navyataxiservices.com,29UXPFN0551U1ZG,,,Named,51,USR-204,2019-01-24 11:47:21
ACC-03067,Shubham Pharmaceuticals Pvt Ltd,Corporate (Staff & Executive Cars),Pharma,,Mangaluru,Karnataka,shubhampharmaceuticals.co.in,29ILCCS3980F1ZA,782374095,,,13,USR-211,2021-02-15 12:56:17
ACC-03068,Nandi Rent-a-Car Pvt Ltd,Car Rental & Self-Drive,Automotive Rental,,Mysuru,Karnataka,nandirentacar.co.in,29WTYCN2408I1Z7,,,Named,57,USR-208,2025-09-01 08:13:14
ACC-03069,Zilla Panchayat - Gadag,Government / PSU,Government,,Bengaluru,Karnataka,,29TYPGZ7637E1ZH,,,,7,USR-202,2020-03-18 21:07:39
ACC-03070,Silicon Infra Projects Pvt Ltd,Corporate (Staff & Executive Cars),Construction & Real Estate,,Bengaluru,Karnataka,siliconinfraprojects.in,29VZKCS6800K1ZX,,,,12,USR-208,2025-08-13 05:48:23
ACC-03071,Greenline Hotels & Resorts,Hotels & Travel,Hospitality,,Bengaluru ,Karnataka,greenlinehotelsresorts.co.in,,,,,13,USR-211,2026-09-20 01:59:34
ACC-03072,Annapoorna Hospitality Services LLP,Hotels & Travel,Hospitality,,Bengaluru,Karnataka,annapoornahospitalitys.co.in,29POHFA4136E1ZG,893752554,,,42,USR-208,2021-10-18 21:45:07
ACC-03073,Vishwa Hospitality Services,Hotels & Travel,Hospitality,,Bengaluru,Karnataka,vishwahospitalityservi.co.in,29WUYPV2943O1ZM,,,,20,USR-212,2020-08-03 07:20:57
ACC-03074,Suvarna Cabs,Cab Fleet Operator,Transportation Services,,Mangaluru,Karnataka,suvarnacabs.co.in,29XHAPS9298X1ZZ,,,,51,USR-216,2025-08-07 02:49:22
ACC-03075,Ujwal Corporate Mobility Ltd,Employee Transport Services,Transport,,Udupi,Karnataka,ujwalcorporatemobility.co.in,,221151363,,,531,USR-204,2025-10-11 13:13:42
ACC-03076,Shree Balaji Commute Solutions Pvt Ltd,Employee Transport Services,Transportation Services,,Belagavi,Karnataka,shreebalajicommutesolu.com,29CFECS3189J1ZH,,,,495,USR-209,2026-02-03 13:19:30
ACC-03077,Sapphire Cabs,Cab Fleet Operator,Transportation Services,,Bengaluru,Karnataka,sapphirecabs.com,29XMCPS5587Z1ZQ,,,,18,USR-204,2020-07-13 03:59:56
ACC-03078,Vega Fleet Services Pvt Ltd,Cab Fleet Operator,Transportation Services,,Mysuru,Karnataka,vegafleetservices.co.in,29VVMCV1489Z1ZV,,,,29,USR-208,2023-08-12 19:52:33
ACC-03079,Garuda Cabs LLP,Cab Fleet Operator,Transportation Services,,Bengaluru,Karnataka,garudacabs.com,29OZGFG4945P1ZU,,,,52,USR-211,2026-07-24 05:13:08
ACC-03080,Navya Cab Services Pvt Ltd,Cab Fleet Operator,Transportation Services,,Mysuru,Karnataka,navyacabservices.in,29QPPCN5199Q1ZS,,,,19,USR-208,2026-05-16 12:38:01
ACC-03081,Vinayaka Infra Projects LLP,Corporate (Staff & Executive Cars),Construction & Real Estate,,Mysuru,Karnataka,vinayakainfraprojects.co.in,29ETIFV4860W1ZN,893355848,,,11,USR-209,2024-01-31 09:36:00
ACC-03082,Netravati Car Hire Pvt Ltd,Car Rental & Self-Drive,Automotive Rental,,Bengaluru,Karnataka,netravaticarhire.in,29SXLCN1375X1ZE,,,,17,USR-208,2020-02-06 14:55:52
ACC-03083,Forest Division Office - Shivamogga,Government / PSU,Government,,Hubballi,Karnataka,,29QUUGF2773V1ZD,,,,4,USR-208,2026-08-11 13:40:36
ACC-03084,Heritage Cab Services Pvt Ltd,Cab Fleet Operator,Transportation Services,,Tumakuru,Karnataka,heritagecabservices.co.in,29RQBCH9379D1ZU,,,,21,USR-211,2022-07-10 16:01:05
ACC-03085,Navya Finance LLP,Corporate (Staff & Executive Cars),Banking & Financial Services,,Hubballi,Karnataka,navyafinance.com,29UUSFN9777I1ZD,442987411,,Named,17,USR-209,2025-05-26 08:09:12
ACC-03086,Zenith Capital Pvt Ltd,Corporate (Staff & Executive Cars),Banking & Financial Services,,Bengaluru,Karnataka,zenithcapital.in,29VBRCZ9796Y1ZB,904082628,,,17,USR-206,2025-07-18 02:15:25
ACC-03087,Swift Commute Solutions Ltd,Employee Transport Services,Travels,,Bengaluru,Karnataka,swiftcommutesolutionsl.in,29QLOCS5130O1ZL,170260305,,,108,USR-214,2022-05-20 01:07:34
ACC-03088,Suvarna Engineering Works LLP,Corporate (Staff & Executive Cars),Manufacturing,,Belagavi,Karnataka,suvarnaengineeringwork.in,29DYYFS2827U1ZA,196635596,,,6,USR-211,2025-06-10 12:48:43
ACC-03089,Sterling Corporate Mobility Pvt Ltd,Employee Transport Services,Transportation Services,,Bengaluru,Karnataka,sterlingcorporatemobil.in,29VUWCS6405P1ZK,681644943,,,339,USR-202,2026-02-26 01:41:11
ACC-03090,Aadhya Public School,Hospitals & Education,Education,,Hubballi,Karnataka,aadhyapublicschool.in,29UENTA4374W1ZO,,,Named,7,USR-211,2023-04-29 12:35:59
ACC-03091,Evergreen Fleet Services Pvt Ltd,Cab Fleet Operator,Transportation Services,,Bengaluru,Karnataka,evergreenfleetservices.in,29PUYCE4526T1ZS,541806331,,,56,USR-209,2019-01-08 11:42:24
ACC-03092,Pinnacle Finance Pvt Ltd,Corporate (Staff & Executive Cars),Banking & Financial Services,,Bengaluru,Karnataka,pinnaclefinance.co.in,29YFECP1242Q1Z2,122970451,,,8,USR-211,2026-01-30 03:15:26
ACC-03093,Urbanline Travels Pvt Ltd,Cab Fleet Operator,Transportation Services,,Tumakuru,Karnataka,urbanlinetravels.com,29DIRCU0085C1ZK,,,,18,USR-206,2024-06-05 02:13:53
ACC-03094,Rapid Corporate Mobility Ltd,Employee Transport Services,Transportation Services,,Bengaluru,Karnataka,rapidcorporatemobility.co.in,,,,,72,USR-202,2026-06-24 14:19:57
ACC-03095,Vega Credit Services Ltd,Corporate (Staff & Executive Cars),Banking & Financial Services,,Bengaluru,Karnataka,vegacreditservicesltd.com,29SYACV1161E1ZQ,673911902,,,15,USR-206,2026-04-27 20:49:55
ACC-03096,Kodagu Car Subscription Services Pvt Ltd,Leasing & Subscription,Banking & Financial Services,,Bengaluru,Karnataka,kodagucarsubscriptions.co.in,29WJHCK6800F1ZE,298674020,,,425,USR-209,2021-05-05 14:46:00
ACC-03097,Sri Ganesh Rent-a-Car,Car Rental & Self-Drive,Automotive Rental,,Mysuru,Karnataka,sriganeshrentacar.in,,,,,62,USR-216,2024-02-20 23:42:41
ACC-03098,Elite Cabs,Cab Fleet Operator,Transportation Services,,Hubballi,Karnataka,elitecabs.com,29FWIPE5514B1ZQ,,,,24,USR-206,2020-02-26 09:38:19
ACC-03099,Bluechip Traders Pvt Ltd,Corporate (Staff & Executive Cars),Retail,,Tumakuru,Karnataka,bluechiptraders.in,29PDPCB3118M1ZN,169344923,,,20,USR-211,2025-12-19 03:12:28
ACC-03100,City Municipal Office - Gadag,Government / PSU,Government,,Bengaluru,Karnataka,,29HIQGC9365I1ZX,,,,57,USR-211,2019-12-09 11:01:51
ACC-03101,Greenline Life Sciences Pvt Ltd,Corporate (Staff & Executive Cars),Pharmaceuticals,,Bengaluru,Karnataka,greenlinelifesciences.co.in,29RHGCG6496D1ZD,639779462,,,8,USR-216,2025-12-31 02:28:29
ACC-03102,Yashas Mobility Services LLP,Employee Transport Services,Transportation Services,,Bengaluru,Karnataka,yashasmobilityservices.com,29WTKFY2709R1ZI,,,,202,USR-212,2019-09-09 05:43:26
ACC-03103,Vijaya Education Trust,Hospitals & Education,Education,,Mangaluru,Karnataka,vijayaeducationtrust.co.in,29MVWTV7072J1ZS,,,,5,USR-206,2018-11-21 08:04:07
ACC-03104,Emerald Life Sciences Pvt Ltd,Corporate (Staff & Executive Cars),Pharmaceuticals,,Bengaluru,Karnataka,emeraldlifesciences.in,29HTGCE7971F1ZY,,,,9,USR-208,2019-08-05 06:36:29
ACC-03105,Hampi College,Hospitals & Education,Education,,Mangaluru,Karnataka,hampicollege.com,29YMNTH1493U1Z2,,,,10,USR-209,2025-02-03 06:29:03
ACC-03106,Yashas Fleet Services,Cab Fleet Operator,Transportation Services,,Mysuru,Karnataka,yashasfleetservices.com,29ACRPY1032V1ZD,,,,10,USR-206,2024-12-16 15:04:41
ACC-03107,Srinidhi Self Drive Cars Pvt Ltd,Car Rental & Self-Drive,Rental,,Bengaluru,Karnataka,srinidhiselfdrivecars.in,29SASCS0312B1Z3,682513280,,,118,USR-204,2024-06-05 08:19:53
ACC-03108,Lotus Car Rentals Pvt Ltd,Car Rental & Self-Drive,Automotive Rental,,Bengaluru,Karnataka,lotuscarrentals.co.in,29GSUCL0402S1ZL,,,Named,68,USR-209,2025-09-27 01:31:02
ACC-03109,Sapphire Corporate Mobility Pvt Ltd,Employee Transport Services,Transportation,,Mysuru,Karnataka,sapphirecorporatemobil.in,29ULXCS3534Q1Z0,708109147,,,48,USR-214,2019-12-22 07:15:39
ACC-03110,Navya Polymers Pvt Ltd,Corporate (Staff & Executive Cars),Manufacturing,,Bengaluru,Karnataka,navyapolymers.co.in,29MQECN3459K1ZQ,,,,26,USR-208,2025-07-05 07:33:02
ACC-03111,Amrutha Finance Pvt Ltd,Corporate (Staff & Executive Cars),Banking & Financial Services,,Belagavi,Karnataka,amruthafinance.in,29CAZCA0183T1ZG,988080178,,Named,25,USR-209,2024-07-29 10:04:49
ACC-03112,Netravati Industries Pvt Ltd,Corporate (Staff & Executive Cars),Manufacturing,,BLR,Karnataka,netravatiindustries.in,29GCXCN0304E1Z5,586743751,,,13,USR-211,2018-10-18 12:42:51
ACC-03113,District Health Office - Gadag,Government / PSU,Government,,Bengaluru,Karnataka,,29PMEGD2428X1ZG,,,,21,USR-216,2019-03-06 04:50:32
ACC-03114,Hoysala Employee Transport Solutions Pvt Ltd,Employee Transport Services,Transportation Services,,Bengaluru,Karnataka,hoysalaemployeetranspo.co.in,29KNDCH9042M1Z2,596868101,,,119,USR-209,2025-08-28 14:30:05
ACC-03115,Chaitanya Employee Transport Solutions Pvt Ltd,Employee Transport Services,Transportation Services,,Bengaluru,Karnataka,chaitanyaemployeetrans.co.in,29ZFICC1831I1ZN,815091665,,,114,USR-210,2022-01-13 14:27:55
ACC-03116,Sai Krupa Healthcare Products Pvt Ltd,Corporate (Staff & Executive Cars),Pharmaceuticals,,Bengaluru,Karnataka,saikrupahealthcareprod.co.in,29DJKCS6763F1Z8,977048555,,,18,USR-216,2024-11-03 02:36:05
ACC-03117,Vijaya Tours & Travels LLP,Cab Fleet Operator,Transportation Services,,Bengaluru,Karnataka,vijayatourstravels.in,29DWHFV0006C1ZA,,,,16,USR-204,2021-06-19 08:34:07
ACC-03118,Chaitanya Taxi Services Pvt Ltd,Cab Fleet Operator,Transportation Services,,Bengaluru,Karnataka,chaitanyataxiservices.in,29NDACC8371G1ZZ,,,,19,USR-204,2025-03-28 19:31:55
ACC-03119,Trishul Self Drive Cars Pvt Ltd,Car Rental & Self-Drive,Automotive Rental,,Mysuru,Karnataka,trishulselfdrivecars.co.in,29PMUCT0268K1ZG,156442147,,,42,USR-209,2024-12-17 01:55:51
ACC-03120,Garden City Polymers Pvt Ltd,Corporate (Staff & Executive Cars),Manufacturing,,Bengaluru,Karnataka,gardencitypolymers.co.in,29WSMCG7806O1Z4,,,,8,USR-214,2020-11-18 23:24:21
ACC-03121,Hampi Life Sciences Pvt Ltd,Corporate (Staff & Executive Cars),Pharmaceuticals,,Mysuru,Karnataka,hampilifesciences.co.in,29UYGCH5549T1ZL,,,,99,USR-216,2023-09-13 23:40:32
ACC-03122,Garuda Fleet Services,Cab Fleet Operator,Transportation Services,,Bengaluru,Karnataka,garudafleetservices.co.in,29HAAPG5951R1ZX,,,,32,USR-207,2022-07-15 22:26:08
ACC-03123,Suvarna Rent-a-Car LLP,Car Rental & Self-Drive,Automotive Rental,,Bengaluru,Karnataka,suvarnarentacar.co.in,29XHRFS9947P1ZN,751655198,,,14,USR-204,2025-09-15 11:58:38
ACC-03124,Public Works Division - Chitradurga,Government / PSU,Government,,Mangaluru,Karnataka,,29HUNGP5669G1Z5,,,Key,46,USR-197,2025-10-21 14:33:44
ACC-03125,Heritage Finance Pvt Ltd,Corporate (Staff & Executive Cars),,,Bengaluru,Karnataka,heritagefinance.co.in,29IQFCH5492T1ZC,309771861,,,13,USR-206,2024-11-30 13:42:53
ACC-03126,Deccan Leasing Pvt Ltd,Leasing & Subscription,BFSI,,Bengaluru,Karnataka,deccanleasing.in,29KTVCD7399Y1Z8,,,,146,USR-204,2025-07-05 10:02:59
ACC-03127,Elite Hospitality Services Pvt Ltd,Hotels & Travel,Hospitality,,Hubballi,Karnataka,elitehospitalityservic.com,29CIOCE2063U1Z5,762847078,,,28,USR-211,2025-09-19 02:58:26
ACC-03128,Hoysala Traders LLP,Corporate (Staff & Executive Cars),Retail,,Hubballi,Karnataka,hoysalatraders.com,29TLVFH1809F1ZX,357788708,,,8,USR-214,2021-11-06 23:09:34
ACC-03129,Crescent Builders Pvt Ltd,Corporate (Staff & Executive Cars),Construction & Real Estate,,Mangaluru,Karnataka,crescentbuilders.com,29LCPCC5229U1Z4,,,,2,USR-209,2021-02-17 16:27:42
ACC-03130,Garuda Cabs Pvt Ltd,Cab Fleet Operator,Transportation Services,,Bengaluru,Karnataka,garudacabs.co.in,29NBPCG2403C1ZF,,,,17,USR-206,2026-06-10 02:20:44
ACC-03131,Netravati Rent-a-Car LLP,Car Rental & Self-Drive,Automotive Rental,,Mysuru,Karnataka,netravatirentacar.co.in,29HUVFN7621Z1ZA,,,,56,USR-204,2026-08-12 07:38:28
ACC-03132,Trishul Capital Pvt Ltd,Corporate (Staff & Executive Cars),Banking & Financial Services,,Bengaluru,Karnataka,trishulcapital.com,29ENKCT1619X1ZC,,,,11,USR-215,2020-03-12 18:57:55
ACC-03133,Maruthi Nagar Commute Solutions LLP,Employee Transport Services,Transportation Services,,Bengaluru,Karnataka,maruthinagarcommutesol.com,29WSCFM7878B1ZD,,,,80,USR-204,2025-01-20 08:38:18
ACC-03134,Omkar Travels,Cab Fleet Operator,Transportation Services,,Bengaluru,Karnataka,omkartravels.in,,,,,10,USR-211,2021-07-29 02:44:27
ACC-03135,District Collectorate - Ramanagara,Government / PSU,Government,,Bengaluru,Karnataka,,29SCTGD5602K1ZB,,,,44,USR-204,2020-04-01 22:08:00
ACC-03136,Orbit Engineering Works Pvt Ltd,Corporate (Staff & Executive Cars),Manufacturer,,Bengaluru,Karnataka,orbitengineeringworks.com,29ICPCO0929F1ZT,333918984,,,88,USR-208,2026-01-16 13:44:04
ACC-03137,Galaxy Engineering Works Pvt Ltd,Corporate (Staff & Executive Cars),Manufacturing,,Bangalore,Karnataka,galaxyengineeringworks.com,29XVYCG6231R1ZM,857175335,,,6,USR-209,2026-03-31 21:47:03
ACC-03138,Vijaya Corporate Mobility Pvt Ltd,Employee Transport Services,Transportation Services,,Bengaluru,Karnataka,vijayacorporatemobilit.com,29PKXCV4963N1ZZ,845600820,,,314,USR-214,2026-01-17 08:05:57
ACC-03139,Annapoorna Employee Transport Solutions LLP,Employee Transport Services,Transportation Services,,Mysuru,Karnataka,annapoornaemployeetran.com,29JGSFA5146B1ZU,,,,300,USR-216,2025-05-17 17:42:48
ACC-03140,Orbit Cabs Pvt Ltd,Cab Fleet Operator,Transportation Services,,Bengaluru,Karnataka,orbitcabs.in,29VADCO0105B1ZK,,,,95,USR-216,2023-07-22 05:33:06
ACC-03141,Krishna Commute Solutions LLP,Employee Transport Services,Transportation Services,,Belagavi,Karnataka,krishnacommutesolution.com,29DXLFK2122Y1Z1,,,Named,100,USR-209,2025-09-09 16:48:57
ACC-03142,Netravati Cabs Pvt Ltd,Cab Fleet Operator,Transportation,,Bengaluru,Karnataka,netravaticabs.com,29ENQCN8120Q1ZO,,,,12,USR-209,2025-12-22 08:47:07
ACC-03143,Silicon Capital Pvt Ltd,Corporate (Staff & Executive Cars),Banking & Financial Services,,Bengaluru,Karnataka,siliconcapital.com,29BHNCS9870D1ZA,520040154,,,15,USR-208,2022-09-08 11:44:21
ACC-03144,Bharath Constructions Pvt Ltd,Corporate (Staff & Executive Cars),Construction & Real Estate,,Bengaluru,Karnataka,bharathconstructions.in,29IJUCB6594A1ZF,677850144,,,3,USR-204,2026-09-10 05:48:11
ACC-03145,Netravati Mobility Services Pvt Ltd,Employee Transport Services,Transportation Services,,Bengaluru,Karnataka,netravatimobilityservi.in,29OFOCN7108W1ZJ,,,,154,USR-204,2024-12-31 12:50:07
ACC-03146,Forest Division Office - Koppal,Government / PSU,Government,,Belagavi,Karnataka,,,,,Named,27,USR-204,2022-10-18 16:28:01
ACC-03147,Tulasi College,Hospitals & Education,Education,,Bengaluru,Karnataka,tulasicollege.com,,500469956,,,2,USR-216,2020-01-24 13:40:41
ACC-03148,Elite Capital LLP,Corporate (Staff & Executive Cars),BFSI,,Bengaluru,Karnataka,elitecapital.in,29PZRFE7614F1Z9,,,Named,8,USR-211,2026-09-22 01:53:01
ACC-03149,Emerald Mobility Services Pvt Ltd,Employee Transport Services,Transportation Services,,Mangaluru,Karnataka,emeraldmobilityservice.in,29MHDCE1977C1ZX,208470075,,Key,86,USR-200,2023-08-10 00:52:47
ACC-03150,Sanjeevini Commute Solutions Ltd,Employee Transport Services,Transportation,,Mysuru,Karnataka,sanjeevinicommutesolut.com,29EOLCS5106J1Z4,218666840,,,85,USR-206,2024-12-12 11:31:26
ACC-03151,Kodagu Hospital Pvt Ltd,Hospitals & Education,Healthcare,,Bengaluru,Karnataka,kodaguhospital.co.in,29GZKCK5526I1ZJ,,,,3,USR-211,2026-05-31 11:49:39
ACC-03152,Airavata Retail LLP,Corporate (Staff & Executive Cars),Retail,,Shivamogga,Karnataka,airavataretail.com,29HJJFA3644W1ZS,,,,5,USR-202,2018-11-23 06:44:33
ACC-03153,Elite Capital Pvt Ltd,Corporate (Staff & Executive Cars),Banking & Financial Services,,BLR,Karnataka,elitecapital.co.in,29JHYCE5798J1ZP,,,,4,USR-209,2022-09-30 16:33:29
ACC-03154,Maruthi Nagar Pharmaceuticals LLP,Corporate (Staff & Executive Cars),Pharmaceuticals,,Bengaluru,Karnataka,maruthinagarpharmaceut.co.in,29EMJFM9390W1ZY,,,,10,USR-208,2024-07-12 15:52:54
ACC-03155,Prime Car Rentals,Car Rental & Self-Drive,Automotive Rental,,Bengaluru,Karnataka,primecarrentals.com,29MEYPP8588S1Z6,,,,84,USR-216,2026-04-07 08:24:06
ACC-03156,Kaveri Taxi Services,Cab Fleet Operator,Transportation Services,,Bengaluru,Karnataka,kaveritaxiservices.com,29EWTPK9595V1ZG,,,,39,USR-208,2024-01-30 06:55:37
ACC-03157,Deccan Car Subscription Services Pvt Ltd,Leasing & Subscription,Banking & Financial Services,,Bengaluru,Karnataka,deccancarsubscriptions.in,29HGVCD7426Q12Y,,,,241,USR-209,2020-09-06 06:13:08
ACC-03158,Lotus Tours & Travels Pvt Ltd,Cab Fleet Operator,Transportation Services,,bengaluru,Karnataka,lotustourstravels.co.in,29KSXCL2273N1Z7,,,Named,27,USR-212,2019-06-05 20:41:21
ACC-03159,Chandra Institute of Technology Pvt Ltd,Hospitals & Education,Education,,Bengaluru,Karnataka,chandrainstituteoftech.com,29QTCCC2799T1Z2,,,,9,USR-206,2024-09-16 07:14:37
ACC-03160,Annapoorna Corporate Mobility Pvt Ltd,Employee Transport Services,Transportation Services,,Bengaluru,Karnataka,annapoornacorporatemob.in,29OKSCA3042D1ZR,723538176,,Named,168,USR-215,2024-04-22 17:15:36
ACC-03161,Nakshatra Travels,Cab Fleet Operator,Transport,,Hubballi,Karnataka,nakshatratravels.com,29JJSPN2605H1ZN,,,,26,USR-204,2022-03-05 10:42:01
ACC-03162,Aadhya Employee Transport Solutions Ltd,Employee Transport Services,Transportation Services,,Bengaluru,Karnataka,aadhyaemployeetranspor.com,29QJSCA2966S1ZH,508086868,,,184,USR-214,2019-10-17 23:17:19
ACC-03163,Sunrise Traders Pvt Ltd,Corporate (Staff & Executive Cars),Retail,,Bengaluru,Karnataka,sunrisetraders.com,29WRXCS1094Z1Z1,644091199,,,31,USR-204,2019-07-01 07:01:22
ACC-03164,Horizon Precision Components Pvt Ltd,Corporate (Staff & Executive Cars),Manufacturing,,Bengaluru,Karnataka,horizonprecisioncompon.co.in,29JFNCH1244G1ZZ,234138202,,,43,USR-209,2025-03-11 04:42:20
ACC-03165,Krishna Fleet Leasing Ltd,Leasing & Subscription,Banking & Financial Services,,Bengaluru,Karnataka,krishnafleetleasingltd.co.in,29XIZCK4463Y1ZN,,,,417,USR-208,2019-10-10 09:43:32
ACC-03166,Kodagu Retail Pvt Ltd,Corporate (Staff & Executive Cars),,,Bengaluru,Karnataka,kodaguretail.in,29MTNCK7902R1Z4,257306481,,Named,7,USR-202,2025-05-04 20:28:12
ACC-03167,Karavali Tours & Travels Pvt Ltd,Cab Fleet Operator,Transportation Services,,Bengaluru,Karnataka,karavalitourstravels.in,29PKWCK1535C1ZC,,,,61,USR-208,2019-09-17 07:34:25
ACC-03168,Crescent Fleet Services Pvt Ltd,Cab Fleet Operator,Transport,,Bengaluru,Karnataka,crescentfleetservices.co.in,29DUKCC1187D1ZE,826981854,,Named,71,USR-202,2025-12-17 06:00:23
ACC-03169,Namma Holidays,Hotels & Travel,Hospitality,,Bengaluru,Karnataka,nammaholidays.com,29YAAPN8492I1ZH,,,Key,12,USR-200,2022-10-16 09:15:00
ACC-03170,Emerald Commute Solutions Pvt Ltd,Employee Transport Services,Transportation Services,,Bengaluru,Karnataka,emeraldcommutesolution.co.in,29IXFCE1332B1ZN,961164449,,Named,100,USR-211,2020-02-18 07:07:54
ACC-03171,Karavali Car Rentals LLP,Car Rental & Self-Drive,Automotive Rental,,Mangalore,Karnataka,karavalicarrentals.com,29QHNFK1018T1ZS,217520205,,,38,USR-209,2024-05-06 22:42:48
ACC-03172,Emerald Employee Transport Solutions LLP,Employee Transport Services,Transportation Services,,Bangalore,Karnataka,emeraldemployeetranspo.in,29PXRFE3523A1ZV,653949358,,,81,USR-211,2024-07-31 01:06:15
ACC-03173,Chaitanya Supermarts LLP,Corporate (Staff & Executive Cars),Retail,,Bengaluru,Karnataka,chaitanyasupermarts.in,29DXZFC2607W1ZT,266617179,,,13,USR-211,2024-06-16 08:57:16
ACC-03174,Navya Infotech Pvt Ltd,Corporate (Staff & Executive Cars),Information Technology,,Tumakuru,Karnataka,navyainfotech.in,29OIICN8435B1ZH,,,,6,USR-211,2023-08-10 18:55:55
ACC-03175,Suvarna Education Trust Pvt Ltd,Hospitals & Education,Education,,Mysore,Karnataka,suvarnaeducationtrust.co.in,29HVYCS0356T1ZO,,,,23,USR-209,2019-12-15 08:04:25
ACC-03176,Prime Fleet Leasing LLP,Leasing & Subscription,Banking & Financial Services,,Davanagere,Karnataka,primefleetleasing.com,29SJVFP3246V1ZU,729980511,,,303,USR-209,2024-02-11 15:59:09
ACC-03177,Tulasi Travels,Cab Fleet Operator,Transportation Services,,Davanagere,Karnataka,tulasitravels.in,29EGMPT8622G1ZO,,,,57,USR-214,2026-08-29 21:06:57
ACC-03178,Sterling Medical Trust,Hospitals & Education,Healthcare,,Bengaluru,Karnataka,sterlingmedicaltrust.com,29JGATS5346O1Z8,,,,8,USR-216,2022-04-24 18:42:59
ACC-03179,Kodagu Commute Solutions LLP,Employee Transport Services,Transportation Services,,Hubballi,Karnataka,kodagucommutesolutions.co.in,29PTDFK6008Z1ZU,,,,264,USR-214,2021-09-13 11:15:38
ACC-03180,Orbit Supermarts Pvt Ltd,Corporate (Staff & Executive Cars),Retail,,Bengaluru,Karnataka,orbitsupermarts.in,29TDYCO8888V1ZK,,,,2,USR-208,2025-06-24 13:42:31
ACC-03181,Vijaya Technologies Pvt Ltd,Corporate (Staff & Executive Cars),IT Services,,Tumkur,Karnataka,vijayatechnologies.in,29NGDCV9129H1Z7,512263238,,,7,USR-203,2023-06-23 13:21:06
ACC-03182,Trishul Cabs,Cab Fleet Operator,Transportation Services,,Bengaluru,Karnataka,trishulcabs.in,29BRHPT3054A12T,,,,23,USR-205,2021-06-28 23:49:38
ACC-03183,Nakshatra Public School,Hospitals & Education,Education,,Mysuru,Karnataka,nakshatrapublicschool.com,29UTBTN2417L1ZQ,,,,3,USR-216,2022-08-19 02:35:15
ACC-03184,Chaitanya Technologies Ltd,Corporate (Staff & Executive Cars),Information Technology,,Mangaluru,Karnataka,chaitanyatechnologiesl.co.in,29TNGCC9530E1ZB,429354711,,,22,USR-211,2025-02-06 09:31:05
ACC-03185,Chaitanya College,Hospitals & Education,Education,,Mangaluru,Karnataka,chaitanyacollege.com,29BCJTC8711A1Z,,,,4,USR-204,2025-08-05 17:06:35
ACC-03186,Navya Software Solutions Pvt Ltd,Corporate (Staff & Executive Cars),Software,,Bengaluru,Karnataka,navyasoftwaresolutions.com,29GEXCN5816Q1ZT,,,,12,USR-205,2020-10-05 00:24:25
ACC-03187,Namma Taxi Services Pvt Ltd,Cab Fleet Operator,Transportation Services,,Davanagere,Karnataka,nammataxiservices.in,29VYGCN5606N1Z0,,,,27,USR-211,2018-09-28 01:39:56
ACC-03188,Pragati Engineering Works Pvt Ltd,Corporate (Staff & Executive Cars),Manufacturing,,Bengaluru,Karnataka,pragatiengineeringwork.com,29NVICP2245P1Z9,309175440,,,20,USR-216,2020-01-10 22:21:04
ACC-03189,Mahalakshmi Retail Pvt Ltd,Corporate (Staff & Executive Cars),Retail,,Hubballi,Karnataka,mahalakshmiretail.co.in,29MYBCM0776R1Z2,133798186,,,18,USR-209,2022-09-21 07:21:37
ACC-03190,Royal Rent-a-Car LLP,Car Rental & Self-Drive,Automotive Rental,,Bengaluru,Karnataka,royalrentacar.co.in,29WRSFR1522W1ZI,,,,83,USR-216,2025-12-13 04:05:14
ACC-03191,Police Motor Transport Unit - Shivamogga,Government / PSU,Government,,Bengaluru,Karnataka,,29KTCGP5069V1ZQ,,,Named,51,USR-209,2020-06-06 23:54:22
ACC-03192,Brindavan Employee Transport Solutions Pvt Ltd,Employee Transport Services,Transportation Services,,Bengaluru,Karnataka,brindavanemployeetrans.in,29UCBCB4069N1ZK,,,Named,226,USR-214,2025-09-20 19:38:20
ACC-03193,City Municipal Office - Mandya,Government / PSU,Government,,Belagavi,Karnataka,,29FTJGC9407Y1ZX,,,Named,24,USR-216,2024-05-08 15:16:42
ACC-03194,Forest Division Office - Haveri,Government / PSU,Government,,Bengaluru,Karnataka,,29UBPGF8815Y1Z8,,,,15,USR-209,2025-02-21 10:23:03
ACC-03195,Orbit Fleet Services,Cab Fleet Operator,Transportation Services,,Bengaluru,Karnataka,orbitfleetservices.co.in,29HPIPO6288D1Z7,,,,23,USR-213,2021-03-22 00:16:39
ACC-03196,Maruthi Nagar Education Trust,Hospitals & Education,Educational Institution,,Bengaluru,Karnataka,maruthinagareducationt.in,29GXZTM2995B1ZB,,,,6,USR-204,2026-04-04 21:47:55
ACC-03197,Yashas Cab Services,Cab Fleet Operator,Transportation Services,,Bengaluru,Karnataka,yashascabservices.in,,,,,49,USR-202,2023-09-04 19:51:37
ACC-03198,Deccan Digital Systems Pvt Ltd,Corporate (Staff & Executive Cars),Information Technology,,Bengaluru ,Karnataka,deccandigitalsystems.co.in,29MEOCD0542F1Z4,,,,6,USR-208,2021-11-18 02:04:16
ACC-03199,Annapoorna Cab Services Pvt Ltd,Cab Fleet Operator,Transportation Services,,Mysuru,Karnataka,annapoornacabservices.com,29CGACA9495B1Z5,412977330,,,26,USR-211,2021-12-25 01:36:37
ACC-03200,Karavali Fleet Services Pvt Ltd,Cab Fleet Operator,Transportation Services,,Bengaluru,Karnataka,karavalifleetservices.com,29XSBCK3491P1Z7,,,,14,USR-206,2026-06-06 13:28:33
ACC-03201,Maruthi Nagar Retail Pvt Ltd,Corporate (Staff & Executive Cars),Retail,,Mangaluru,Karnataka,maruthinagarretail.in,29GMLCM8787L1ZF,,,,12,USR-208,2022-11-20 22:14:53
ACC-03202,Emerald Industries Pvt Ltd,Corporate (Staff & Executive Cars),Manufacturing,,Bengaluru,Karnataka,emeraldindustries.co.in,29SYUCE5117X1ZG,,,,15,USR-208,2025-07-31 09:30:34
ACC-03203,Crescent Staff Transport Services Pvt Ltd,Employee Transport Services,Travels,,Bengaluru,Karnataka,crescentstafftransport.in,29LZKCC8123C1Z0,,,Named,177,USR-208,2024-02-04 07:47:17
ACC-03204,Ujwal Fleet Leasing Pvt Ltd,Leasing & Subscription,Banking & Financial Services,,Bengaluru,Karnataka,ujwalfleetleasing.in,29XTSCU5863E1ZX,287448531,,Named,743,USR-212,2022-05-18 15:26:54
ACC-03205,Vishwa Car Rentals,Car Rental & Self-Drive,Automotive Rental,,Bengaluru,Karnataka,vishwacarrentals.co.in,29IHRPV9273P1ZJ,,,,20,USR-202,2020-09-19 22:58:42
ACC-03206,Garden City Pharmaceuticals LLP,Corporate (Staff & Executive Cars),Pharmaceuticals,,Udupi,Karnataka,gardencitypharmaceutic.co.in,29GVBFG5005W1ZG,,,,13,USR-204,2024-05-05 10:54:03
ACC-03207,Swift Car Rentals Pvt Ltd,Car Rental & Self-Drive,Automotive Rental,,Bengaluru,Karnataka,swiftcarrentals.co.in,29SXGCS6894Y1ZU,,,,73,USR-216,2019-09-05 17:00:06
ACC-03208,Shubham Capital Pvt Ltd,Corporate (Staff & Executive Cars),Banking & Financial Services,,Bengaluru,Karnataka,shubhamcapital.com,29JLPCS3995D1ZT,,,,20,USR-216,2022-06-19 17:44:30
ACC-03209,Prime Fleet Leasing Pvt Ltd,Leasing & Subscription,Banking & Financial Services,,Bengaluru,Karnataka,primefleetleasing.com,,905571469,,,316,USR-206,2026-03-02 16:56:59
ACC-03210,Evergreen Employee Transport Solutions Ltd,Employee Transport Services,Transportation Services,,Bengaluru,Karnataka,evergreenemployeetrans.com,29BRLCE1920R1Z1,235532480,,,170,USR-208,2026-01-30 04:29:34
ACC-03211,Silicon College,Hospitals & Education,Education,,Davanagere,Karnataka,siliconcollege.in,29BJMTS2864H1ZB,,,,11,USR-216,2021-10-26 10:42:29
ACC-03212,Sharada Rent-a-Car Pvt Ltd,Car Rental & Self-Drive,Automotive Rental,,Mysuru,Karnataka,sharadarentacar.in,29YPGCS0042Y1Z0,647096917,,,84,USR-207,2018-11-17 20:20:28
ACC-03213,Garuda Resorts Pvt Ltd,Hotels & Travel,Hospitality,,Mysuru,Karnataka,garudaresorts.in,29YYWCG6148O1ZF,,,Named,9,USR-214,2025-10-01 06:18:04
ACC-03214,Pragati Public School,Hospitals & Education,Education,,Bengaluru,Karnataka,pragatipublicschool.com,,,,,6,USR-202,2025-10-02 07:12:34
ACC-03215,Zenith Mobility Services Ltd,Employee Transport Services,Transportation Services,,Mangaluru,Karnataka,zenithmobilityservices.com,29BRXCZ2824Z1ZJ,,,Named,230,USR-214,2021-01-22 18:17:39
ACC-03216,Nandi Resorts Pvt Ltd,Hotels & Travel,Hospitality,,Tumakuru,Karnataka,nandiresorts.co.in,29KJOCN6898A1Z0,,,Named,9,USR-209,2025-08-28 17:15:16
ACC-03217,Nandi Commute Solutions Pvt Ltd,Employee Transport Services,Transportation Services,,Bengaluru,Karnataka,nandicommutesolutions.in,29XSWCN9778V1ZP,486576872,,,57,USR-209,2019-04-03 06:31:00
ACC-03218,Suvarna Hotels & Resorts Pvt Ltd,Hotels & Travel,Hospitality,,Belagavi,Karnataka,suvarnahotelsresorts.co.in,29YBLCS5778H1ZU,,,,17,USR-206,2024-10-24 19:54:20
ACC-03219,Chandra Car Subscription Services Pvt Ltd,Leasing & Subscription,Banking & Financial Services,,Bengaluru,Karnataka,chandracarsubscription.co.in,29GOWCC0593K1ZW,558739387,,,260,USR-214,2023-01-06 21:21:51
ACC-03220,Amrutha Supermarts Pvt Ltd,Corporate (Staff & Executive Cars),Retail,,Bengaluru,Karnataka,amruthasupermarts.in,29RHACA3633X1Z3,,,,12,USR-206,2025-04-22 03:43:50
ACC-03221,Bharath Hospitality Services Pvt Ltd,Hotels & Travel,Hospitality,,Bengaluru,Karnataka,bharathhospitalityserv.co.in,29SGNCB1850C1ZY,,,,4,USR-206,2023-03-17 03:59:37
ACC-03222,Aadhya Education Trust Pvt Ltd,Hospitals & Education,Education,,Bengaluru,Karnataka,aadhyaeducationtrust.in,29CSRCA7802E1ZE,,,,5,USR-208,2022-09-15 02:28:28
ACC-03223,Sanjeevini Constructions Pvt Ltd,Corporate (Staff & Executive Cars),Construction & Real Estate,,Mysuru,Karnataka,sanjeeviniconstruction.in,29OTMCS4649A1ZO,188165000,,,28,USR-209,2022-03-26 02:31:17
ACC-03224,Airavata Constructions Pvt Ltd,Corporate (Staff & Executive Cars),Construction,,Bengaluru,Karnataka,airavataconstructions.in,29MMRCA0247S1ZU,755924840,,,14,USR-202,2026-03-28 10:42:00
ACC-03225,Sunrise Fleet Services,Cab Fleet Operator,,,Bengaluru,Karnataka,sunrisefleetservices.co.in,29BFFPS4411R1ZR,,,,33,USR-209,2025-12-25 13:51:06
ACC-03226,Greenline Constructions Ltd,Corporate (Staff & Executive Cars),Construction & Real Estate,,Bengaluru,Karnataka,greenlineconstructions.com,,,,,3,USR-206,2023-09-03 01:58:23
ACC-03227,Mahalakshmi Mobility Services Ltd,Employee Transport Services,Transportation Services,,Bengaluru,Karnataka,mahalakshmimobilityser.in,29OOQCM1183M1ZK,,,,65,USR-208,2025-12-08 13:35:38
ACC-03228,Aadhya Finance Pvt Ltd,Corporate (Staff & Executive Cars),Banking & Financial Services,,Bengaluru,Karnataka,aadhyafinance.com,29DVICA3281R1ZO,,,,15,USR-204,2025-06-03 10:36:29
ACC-03229,Elite Fleet Services Pvt Ltd,Cab Fleet Operator,Transportation Services,,Shivamogga,Karnataka,elitefleetservices.in,29HEZCE4704G1ZR,,,,82,USR-209,2020-09-21 16:03:40
ACC-03230,Police Motor Transport Unit - Udupi,Government / PSU,Government,,Bengaluru,Karnataka,,,,,,19,USR-201,2019-03-26 16:05:33
ACC-03231,Shubham Commute Solutions Pvt Ltd,Employee Transport Services,Transportation Services,,Bengaluru,Karnataka,shubhamcommutesolution.co.in,29NDXCS9632T1Z7,,,Named,75,USR-214,2019-07-10 09:47:26
ACC-03232,Malnad Polymers Pvt Ltd,Corporate (Staff & Executive Cars),Manufacturing,,Bengaluru,Karnataka,malnadpolymers.co.in,29HUSCM4076Z1ZH,,,,36,USR-204,2019-12-11 15:25:59
ACC-03233,Nandi Capital Pvt Ltd,Corporate (Staff & Executive Cars),BFSI,,Davanagere,Karnataka,nandicapital.com,29yxhcn1596p1zl,,,Named,15,USR-204,2025-06-03 15:48:46
ACC-03234,Deccan Tours & Travels LLP,Cab Fleet Operator,Transportation Services,,Mangaluru,Karnataka,deccantourstravels.in,29YIFFD0854F1ZF,,,,29,USR-202,2019-03-20 12:09:05
ACC-03235,Public Works Division - Gadag,Government / PSU,Government,,Bengaluru,Karnataka,,29DPVGP9626X1ZF,,,Named,9,USR-216,2021-08-26 02:10:00
ACC-03236,Lotus Fleet Services Pvt Ltd,Cab Fleet Operator,Transportation Services,,Bengaluru,Karnataka,lotusfleetservices.in,29CUACL5266B1ZG,,,,44,USR-211,2025-04-09 02:02:44
ACC-03237,Tunga Cabs Pvt Ltd,Cab Fleet Operator,Travels,,Mysuru,Karnataka,tungacabs.com,29JICCT3496D1ZF,,,,21,USR-208,2026-01-23 22:23:25
ACC-03238,Bharath Institute of Technology Pvt Ltd,Hospitals & Education,Education,,Bengaluru,Karnataka,bharathinstituteoftech.com,29ARVCB0971A1ZL,,,,10,USR-206,2026-06-25 14:34:30
ACC-03239,Airavata Car Subscription Services Pvt Ltd,Leasing & Subscription,Banking & Financial Services,,BLR,Karnataka,airavatacarsubscriptio.in,29PBTCA 4838Y1ZN,,,,205,USR-211,2019-02-06 17:20:16
ACC-03240,Sharada Capital Pvt Ltd,Corporate (Staff & Executive Cars),Banking & Financial Services,,Bengaluru,Karnataka,sharadacapital.in,29OQLCS2973W1ZN,864022535,,,31,USR-208,2026-01-31 03:58:22
ACC-03241,Amrutha Travels Pvt Ltd,Cab Fleet Operator,Transportation Services,,bengaluru,Karnataka,amruthatravels.co.in,29AYXCA1915Q1ZF,,,,61,USR-216,2026-07-29 03:19:06
ACC-03242,Airavata Hospitality Services,Hotels & Travel,Hospitality,,bengaluru,Karnataka,airavatahospitalityser.co.in,29DCEPA9712H1ZL,465296108,,,15,USR-211,2023-12-20 13:54:27
ACC-03243,Unity Auto Leasing LLP,Leasing & Subscription,Banking & Financial Services,,Bengaluru,Karnataka,unityautoleasing.in,29TLEFU0244R1ZH,631720521,,,553,USR-216,2026-05-01 15:24:52
ACC-03244,Galaxy Corporate Mobility LLP,Employee Transport Services,Transportation Services,,Hubballi,Karnataka,galaxycorporatemobilit.co.in,29NILFG0430U1ZY,861552011,,,167,USR-214,2026-02-18 09:36:05
ACC-03245,Samruddhi Infra Projects Pvt Ltd,Corporate (Staff & Executive Cars),Construction & Real Estate,,Belagavi,Karnataka,samruddhiinfraprojects.com,29ZQSCS1047J1Z8,314480093,,,5,USR-209,2020-08-07 09:27:04
ACC-03246,Amrutha Cabs,Cab Fleet Operator,Transportation Services,,Bengaluru,Karnataka,amruthacabs.in,29XJHPA8706X1ZM,,,,11,USR-201,2020-08-11 16:56:29
ACC-03247,Airavata Employee Transport Solutions Pvt Ltd,Employee Transport Services,Transportation Services,,Bengaluru,Karnataka,airavataemployeetransp.in,29ZVDCA2296U1ZW,459285509,,,42,USR-216,2026-04-10 06:06:17
ACC-03248,Maruthi Nagar Digital Systems Pvt Ltd,Corporate (Staff & Executive Cars),Information Technology,,Bengaluru,Karnataka,maruthinagardigitalsys.co.in,29LZACM3711O1ZJ,,,,11,USR-203,2022-12-25 05:54:18
ACC-03249,Navya Developers Pvt Ltd,Corporate (Staff & Executive Cars),Construction & Real Estate,,Bengaluru,Karnataka,navyadevelopers.in,29AYFCN8048V1ZW,283938785,,,17,USR-209,2022-03-15 20:28:40
ACC-03250,Urbanline Credit Services Pvt Ltd,Corporate (Staff & Executive Cars),Banking & Financial Services,,Bengaluru,Karnataka,urbanlinecreditservice.com,,251651177,,Named,45,USR-213,2020-02-29 03:19:27
ACC-03251,Galaxy Software Solutions Pvt Ltd,Corporate (Staff & Executive Cars),Information Technology,,Bengaluru,Karnataka,galaxysoftwaresolution.com,29djkcg9194i1z6,392342145,,,53,USR-206,2025-10-26 08:57:30
ACC-03252,Skyline Travels,Cab Fleet Operator,Transportation Services,,Tumakuru,Karnataka,skylinetravels.co.in,29YQNPS2003W1Z7,,,,38,USR-214,2025-07-04 17:21:53
ACC-03253,Samruddhi Taxi Services,Cab Fleet Operator,Transportation Services,,Bengaluru,Karnataka,samruddhitaxiservices.com,29UUSPS6587T1Z7,,,,16,USR-209,2025-09-11 04:24:55
ACC-03254,Namma Staff Transport Services LLP,Employee Transport Services,Transportation Services,,Bengaluru,Karnataka,nammastafftransportser.in,,,,,289,USR-215,2022-02-02 01:57:19
ACC-03255,Navya Tours & Travels Pvt Ltd,Cab Fleet Operator,Transportation Services,,Bengaluru,Karnataka,navyatourstravels.com,29RXKCN0506A1Z4,,,,5,USR-202,2026-08-26 13:39:21
ACC-03256,Netravati Infotech LLP,Corporate (Staff & Executive Cars),Information Technology,,Tumakuru,Karnataka,netravatiinfotech.in,29NXFFN5421M1ZA,792698948,,Named,24,USR-206,2023-11-25 13:58:35
ACC-03257,Garden City Digital Systems Ltd,Corporate (Staff & Executive Cars),Information Technology,,Tumakuru,Karnataka,gardencitydigitalsyste.in,29WCNCG7328T1ZP,,,Key,37,USR-197,2026-04-26 00:22:38
ACC-03258,Zenith Staff Transport Services Pvt Ltd,Employee Transport Services,Transportation Services,,Hubli,Karnataka,zenithstafftransportse.com,29VDRCZ3430T1ZE,558063336,,Named,42,USR-215,2025-04-08 18:21:06
ACC-03259,Lotus Tours & Travels LLP,Cab Fleet Operator,Transportation Services,,Bengaluru,Karnataka,lotustourstravels.in,29CPUFL0125U1ZH,,,,27,USR-203,2022-08-15 14:52:07
ACC-03260,Hoysala Multispeciality Hospital Pvt Ltd,Hospitals & Education,Healthcare,,Bengaluru,Karnataka,hoysalamultispeciality.in,29ZAXCH9279Y1ZR,,,,6,USR-211,2026-08-20 22:36:18
ACC-03261,Navya Travels,Cab Fleet Operator,Transportation Services,,Davanagere,Karnataka,navyatravels.com,29XYMPN1769O1ZR,,,Named,20,USR-208,2026-03-14 18:30:46
ACC-03262,Sri Lakshmi Car Rentals Pvt Ltd,Car Rental & Self-Drive,Car Rental,,Mangaluru,Karnataka,srilakshmicarrentals.com,29HGWCS5433S1ZJ,,,,168,USR-214,2026-06-11 11:34:04
ACC-03263,Shubham Resorts Pvt Ltd,Hotels & Travel,Hospitality,,Bengaluru,Karnataka,shubhamresorts.co.in,29STRCS8900F1ZB,,,,15,USR-208,2026-07-31 23:38:16
ACC-03264,Airavata Technologies LLP,Corporate (Staff & Executive Cars),Information Technology,,Mysuru,Karnataka,airavatatechnologies.co.in,29NWDFA7276P1Z4,493711080,,,21,USR-216,2025-12-09 21:05:21
ACC-03265,Zenith Developers Pvt Ltd,Corporate (Staff & Executive Cars),Construction & Real Estate,,Bengaluru,Karnataka,zenithdevelopers.in,29FWCCZ8228K1ZA,121081661,,Named,23,USR-204,2022-09-14 19:36:27
ACC-03266,Heritage Medical Trust Pvt Ltd,Hospitals & Education,Healthcare,,Bengaluru,Karnataka,heritagemedicaltrust.in,29HXNCH8925C1ZQ,,,,8,USR-216,2020-10-21 06:18:17
ACC-03267,Krishna Corporate Mobility Pvt Ltd,Employee Transport Services,Transportation Services,,Bengaluru,Karnataka,krishnacorporatemobili.in,29SCJCK9468J1Z0,,,,136,USR-211,2023-08-01 09:11:23
ACC-03268,Skyline Staff Transport Services Pvt Ltd,Employee Transport Services,Transportation Services,,Belagavi,Karnataka,skylinestafftransports.in,29CYUCS0958K1Z1,,,,252,USR-204,2025-12-14 04:28:50
ACC-03269,Netravati Hospital,Hospitals & Education,Health Care,,Shivamogga,Karnataka,netravatihospital.in,29OPSTN2508T1Z7,,,,8,USR-206,2023-01-05 04:15:41
ACC-03270,Mahalakshmi Resorts Pvt Ltd,Hotels & Travel,Hospitality,,Shivamogga,Karnataka,mahalakshmiresorts.in,,,,,12,USR-202,2020-08-14 12:52:39
ACC-03271,Shubham Technologies Pvt Ltd,Corporate (Staff & Executive Cars),Information Technology,,Davanagere,Karnataka,shubhamtechnologies.com,29BENCS1067I1ZO,,,,12,USR-216,2018-11-19 13:34:43
ACC-03272,Horizon Healthcare Products Pvt Ltd,Corporate (Staff & Executive Cars),Pharmaceuticals,,Bangalore,Karnataka,horizonhealthcareprodu.in,29LLUCH8084U1Z0,,,,30,USR-203,2022-09-18 21:29:54
ACC-03273,Hampi Fleet Services LLP,Cab Fleet Operator,Transportation Services,,Mysuru,Karnataka,hampifleetservices.com,29KZLFH4052P1Z2,114848586,,,18,USR-202,2025-07-28 09:29:10
ACC-03274,Sanjeevini Taxi Services Pvt Ltd,Cab Fleet Operator,Transportation Services,,Bengaluru,Karnataka,sanjeevinitaxiservices.co.in,29ZNMCS8137E1ZI,,,,21,USR-209,2022-05-23 00:08:47
ACC-03275,Deccan Staff Transport Services Pvt Ltd,Employee Transport Services,Transportation Services,,Shivamogga,Karnataka,deccanstafftransportse.in,29FYMCD3191S1Z6,,,,182,USR-207,2020-12-08 15:47:35
ACC-03276,Kaveri Car Rentals,Car Rental & Self-Drive,Automotive Rental,,Davanagere,Karnataka,kavericarrentals.com,29JKDPK8889H1Z5,,,,31,USR-211,2019-06-21 21:18:23
ACC-03277,Sharavathi Diagnostics,Hospitals & Education,Healthcare,,Bengaluru,Karnataka,sharavathidiagnostics.co.in,29XCDTS2751H1ZJ,871502241,,,5,USR-208,2026-04-22 21:25:11
ACC-03278,Urbanline Digital Systems Pvt Ltd,Corporate (Staff & Executive Cars),Information Technology,,Belagavi,Karnataka,urbanlinedigitalsystem.co.in,,517864519,,,8,USR-203,2019-03-26 20:28:00
ACC-03279,Urbanline Finance Ltd,Corporate (Staff & Executive Cars),Banking & Financial Services,,Bengaluru,Karnataka,urbanlinefinanceltd.in,29AAKCU8617C1Z1,,,,24,USR-209,2021-09-18 14:30:23
ACC-03280,Omkar College Pvt Ltd,Hospitals & Education,Education,,Bengaluru,Karnataka,omkarcollege.in,29SUHCO8927G1ZA,680093746,,,5,USR-214,2026-02-17 20:46:38
ACC-03281,Srinidhi Supermarts Pvt Ltd,Corporate (Staff & Executive Cars),,,Tumakuru,Karnataka,srinidhisupermarts.in,29NUYCS6099I1ZM,689496611,,,6,USR-201,2020-03-29 07:34:25
ACC-03282,Unity Mobility Services Pvt Ltd,Employee Transport Services,Transportation Services,,Shivamogga,Karnataka,unitymobilityservices.in,29ATWCU0798Q1ZR,151021637,,Named,72,USR-206,2021-11-26 17:27:30
ACC-03283,Suvarna Fleet Services Pvt Ltd,Cab Fleet Operator,,,Bengaluru,Karnataka,suvarnafleetservices.com,29EEUCS5647R1ZM,,,,14,USR-214,2022-10-01 22:17:08
ACC-03284,Heritage Commute Solutions Pvt Ltd,Employee Transport Services,Transportation Services,,Bengaluru,Karnataka,heritagecommutesolutio.com,29WZXCH3949I1ZM,,,,172,USR-215,2020-12-05 06:02:05
ACC-03285,Sri Lakshmi Travels,Cab Fleet Operator,Transportation Services,,Hubballi,Karnataka,srilakshmitravels.co.in,29EPPPS4014D1ZN,,,Named,30,USR-204,2025-11-06 22:37:01
ACC-03286,Unity Hospitality Services,Hotels & Travel,Hospitality,,Mangaluru,Karnataka,unityhospitalityservic.in,29AIGPU2384T1Z2,988468151,,,6,USR-214,2021-05-10 18:27:17
ACC-03287,Sunrise Rent-a-Car LLP,Car Rental & Self-Drive,Automotive Rental,,Bengaluru,Karnataka,sunriserentacar.co.in,29NPOFS3181U1ZR,,,,17,USR-208,2025-12-07 23:22:52
ACC-03288,Nandi Travels Pvt Ltd,Cab Fleet Operator,Transportation Services,,Bengaluru,Karnataka,nanditravels.co.in,29PPQCN4978R1ZP,,,,22,USR-210,2023-03-15 10:37:37
ACC-03289,Public Works Division - Bidar,Government / PSU,Govt,,Mysuru,Karnataka,,29GIVGP9256Q1Z2,,,,39,USR-209,2019-01-23 21:41:02
ACC-03290,Akshaya Travels LLP,Cab Fleet Operator,Transportation Services,,bengaluru,Karnataka,akshayatravels.co.in,29URIFA9703H1ZR,,,,12,USR-208,2020-01-11 15:43:16
ACC-03291,Aadhya Fleet Services,Cab Fleet Operator,Transportation Services,,Mysuru,Karnataka,aadhyafleetservices.co.in,,,,,17,USR-201,2021-09-29 14:29:50
ACC-03292,Evergreen Constructions LLP,Corporate (Staff & Executive Cars),Construction & Real Estate,,Tumakuru,Karnataka,evergreenconstructions.in,29DNUFE3444V1ZD,356299854,,,27,USR-206,2026-04-20 23:35:40
ACC-03293,Skyline Engineering Works Pvt Ltd,Corporate (Staff & Executive Cars),Manufacturing,,Belagavi,Karnataka,skylineengineeringwork.in,29BSWCS7391J1Z5,,,,5,USR-209,2026-07-24 15:26:11
ACC-03294,Anugraha Corporate Mobility LLP,Employee Transport Services,Transportation Services,,Udupi,Karnataka,anugrahacorporatemobil.in,29STRFA5804C1ZW,,,,52,USR-214,2025-12-09 18:08:49
ACC-03295,Deccan Cab Services Pvt Ltd,Cab Fleet Operator,Transportation Services,,Mangalore,Karnataka,deccancabservices.co.in,29KSHCD8176T1Z5,,,,24,USR-204,2026-05-01 07:33:59
ACC-03296,Garuda Fleet Services Pvt Ltd,Cab Fleet Operator,Transportation Services,,Bengaluru,Karnataka,garudafleetservices.in,29OMICG3614G1ZJ,,,Key,24,USR-198,2025-08-17 07:20:06
ACC-03297,Heritage Leasing Pvt Ltd,Leasing & Subscription,Banking & Financial Services,,Bengaluru,Karnataka,heritageleasing.com,29XKLCH9949G1ZK,996786246,,,584,USR-213,2022-06-10 01:16:21
ACC-03298,Vega Developers Pvt Ltd,Corporate (Staff & Executive Cars),Construction & Real Estate,,Bengaluru,Karnataka,vegadevelopers.com,29ZIVCV7644W1ZD,396902462,,Named,13,USR-203,2019-12-20 20:32:26
ACC-03299,Sterling Hospital Pvt Ltd,Hospitals & Education,Healthcare,,Tumakuru,Karnataka,sterlinghospital.in,29JRFCS5880C1ZX,999508497,,,6,USR-206,2021-05-08 14:15:33
ACC-03300,Swift Cabs LLP,Cab Fleet Operator,Travels,,Hubballi,Karnataka,swiftcabs.in,29MIUFS2413A1ZG,,,,94,USR-208,2019-08-23 16:34:02
ACC-03301,Vishwa Precision Components Pvt Ltd,Corporate (Staff & Executive Cars),Manufacturing,,Belagavi,Karnataka,vishwaprecisioncompone.in,,,,,14,USR-209,2024-12-31 08:19:53
ACC-03302,Royal Software Solutions Ltd,Corporate (Staff & Executive Cars),Information Technology,,Bengaluru,Karnataka,royalsoftwaresolutions.in,29UURCR7668U1ZY,211292237,,,38,USR-205,2022-07-01 13:59:46
ACC-03303,Sanjeevini Employee Transport Solutions Pvt Ltd,Employee Transport Services,Transportation Services,,Bengaluru,Karnataka,sanjeeviniemployeetran.in,29LGFCS3562D1ZP,540757425,,,157,USR-207,2025-03-09 16:41:50
ACC-03304,Vega Travels,Cab Fleet Operator,Transportation Services,,Bengaluru,Karnataka,vegatravels.com,29BCKPV4942C1Z8,,,,23,USR-216,2022-11-20 16:26:32
ACC-03305,Sharada Auto Leasing Pvt Ltd,Leasing & Subscription,Banking & Financial Services,,Bengaluru,Karnataka,sharadaautoleasing.in,29QJRCS6766Q1ZY,101595578,,,315,USR-216,2022-02-20 14:37:49
ACC-03306,Airavata Software Solutions Pvt Ltd,Corporate (Staff & Executive Cars),Information Technology,,Bengaluru,Karnataka,airavatasoftwaresoluti.com,29BJMCA6339Y1ZR,,,,38,USR-208,2026-08-11 18:56:14
ACC-03307,Netravati Pharmaceuticals LLP,Corporate (Staff & Executive Cars),Pharmaceuticals,,Bengaluru,Karnataka,netravatipharmaceutica.in,29GLWFN2110Z1ZA,348456784,,Named,35,USR-206,2025-11-11 17:55:12
ACC-03308,Orbit Cabs,Cab Fleet Operator,Transportation Services,,Mysuru,Karnataka,orbitcabs.com,29YJNPO6043V1ZB,,,,22,USR-208,2026-01-06 00:00:27
ACC-03309,Bharath Staff Transport Services Pvt Ltd,Employee Transport Services,Transport,,Mangaluru,Karnataka,bharathstafftransports.co.in,29KAVCB4548R1Z6,,,,210,USR-209,2023-10-31 17:17:35
ACC-03310,Ujwal Fleet Services LLP,Cab Fleet Operator,Transportation Services,,Hubballi,Karnataka,ujwalfleetservices.in,29BVYFU1824Y1ZD,,,Named,44,USR-208,2019-01-21 06:10:10
ACC-03311,Urbanline Cabs Pvt Ltd,Cab Fleet Operator,Transportation Services,,Mangaluru,Karnataka,urbanlinecabs.com,29NOUCU9205X1ZK,,,,22,USR-209,2026-08-05 08:41:16
ACC-03312,Greenline Tours & Travels LLP,Cab Fleet Operator,Transportation Services,,Bengaluru,Karnataka,greenlinetourstravels.co.in,29TMIFG2540I1Z4,,,Named,48,USR-209,2023-05-06 22:23:55
ACC-03313,Srinidhi Infra Projects Pvt Ltd,Corporate (Staff & Executive Cars),Construction,,Bengaluru,Karnataka,srinidhiinfraprojects.com,29KEMCS4631M1Z8,,,,23,USR-201,2019-11-27 04:50:09
ACC-03314,Shubham Engineering Works Pvt Ltd,Corporate (Staff & Executive Cars),Manufacturing,,Bengaluru,Karnataka,shubhamengineeringwork.co.in,29COBCS0965S1ZP,731708376,,,9,USR-209,2025-10-03 01:47:40
ACC-03315,Agriculture Department Office - Davanagere,Government / PSU,Government,,Mangaluru,Karnataka,,29ZIYGA2781A1Z0,,,,50,USR-209,2022-07-19 01:16:10
ACC-03316,Srinidhi Leasing LLP,Leasing & Subscription,BFSI,,Tumakuru,Karnataka,srinidhileasing.in,29JMRFS5120C1Z8,156117845,,,313,USR-216,2019-10-08 08:24:02
ACC-03317,Vasudha Hotels & Resorts Pvt Ltd,Hotels & Travel,Hospitality,,Mysuru,Karnataka,vasudhahotelsresorts.com,29LKOCV3780U1Z1,,,,4,USR-208,2025-01-09 03:25:58
ACC-03318,Lotus Cabs LLP,Cab Fleet Operator,Transportation Services,,Davangere,Karnataka,lotuscabs.in,29VFCFL1248F1ZM,,,Named,51,USR-208,2023-06-12 05:26:29
ACC-03319,Karavali Rent-a-Car Pvt Ltd,Car Rental & Self-Drive,Automotive Rental,,Bengaluru,Karnataka,karavalirentacar.in,29XOMCK6247V1ZS,,,,34,USR-204,2020-12-07 01:52:18
ACC-03320,Kaveri Hospitality Services,Hotels & Travel,Hotel & Resorts,,Hubballi,Karnataka,kaverihospitalityservi.co.in,,,,,12,USR-203,2020-11-02 20:39:47
ACC-03321,Garden City Precision Components Pvt Ltd,Corporate (Staff & Executive Cars),Manufacturing,,Bengaluru,Karnataka,gardencityprecisioncom.in,29BFMCG8278O1Z4,,,,7,USR-209,2025-09-25 14:43:26
ACC-03322,Shubham Employee Transport Solutions Ltd,Employee Transport Services,Transportation Services,,Bengaluru,Karnataka,shubhamemployeetranspo.in,29HWECS7248L1Z9,,,Named,79,USR-208,2019-10-13 17:47:19
ACC-03323,Kodagu Commute Solutions Pvt Ltd,Employee Transport Services,Transportation Services,,Hubballi,Karnataka,kodagucommutesolutions.in,29HHKCK1864A1ZZ,,,,77,USR-209,2020-05-19 09:48:56
ACC-03324,Airavata Rent-a-Car Pvt Ltd,Car Rental & Self-Drive,Automotive Rental,,Bengaluru,Karnataka,airavatarentacar.in,29FIRCA5889O1ZR,174584887,,,41,USR-206,2026-04-21 21:35:03
ACC-03325,Krishna Constructions LLP,Corporate (Staff & Executive Cars),Construction & Real Estate,,Bengaluru,Karnataka,krishnaconstructions.com,29OMYFK2010J1ZY,,,,4,USR-204,2025-06-23 19:53:46
ACC-03326,Bluechip Rent-a-Car Pvt Ltd,Car Rental & Self-Drive,Automotive Rental,,Hubballi,Karnataka,bluechiprentacar.com,29YOJCB4677K1ZJ,344203224,,,101,USR-216,2020-12-08 20:27:31
ACC-03327,Evergreen Polymers Pvt Ltd,Corporate (Staff & Executive Cars),Manufacturing,,Bangalore,Karnataka,evergreenpolymers.in,29PCSCE1959C1ZR,,,Named,8,USR-211,2021-12-11 05:46:00
ACC-03328,Ujwal Car Subscription Services Pvt Ltd,Leasing & Subscription,Banking & Financial Services,,Hubballi,Karnataka,ujwalcarsubscriptionse.co.in,29GZZCU0099K1ZO,,,,261,USR-209,2019-05-02 20:29:02
ACC-03329,Chandra Corporate Mobility Pvt Ltd,Employee Transport Services,Transportation Services,,Mysuru,Karnataka,chandracorporatemobili.in,29NRLCC6000J1ZA,,,,172,USR-208,2026-02-16 14:42:05
ACC-03330,Greenline Healthcare Products LLP,Corporate (Staff & Executive Cars),Pharmaceuticals,,Bengaluru,Karnataka,greenlinehealthcarepro.in,29LHXFG3181H1Z4,,,,22,USR-202,2025-08-29 23:05:31
ACC-03331,Heritage Taxi Services Pvt Ltd,Cab Fleet Operator,Transportation Services,,Bengaluru,Karnataka,heritagetaxiservices.com,29RHMCH7355N1ZT,,,,11,USR-216,2022-09-09 04:08:08
ACC-03332,Unity Self Drive Cars LLP,Car Rental & Self-Drive,Automotive Rental,,Mysore,Karnataka,unityselfdrivecars.in,29YDYFU2835N1Z8,,,,60,USR-209,2024-08-16 21:46:30
ACC-03333,Sri Lakshmi Precision Components Pvt Ltd,Corporate (Staff & Executive Cars),Manufacturing,,Bengaluru,Karnataka,srilakshmiprecisioncom.com,29VETCS6802U1Z9,383423712,,,6,USR-209,2026-04-04 23:22:39
ACC-03334,Royal Resorts,Hotels & Travel,Hospitality,,Bengaluru,Karnataka,royalresorts.com,29SJFPR8091L1ZU,,,Key,20,USR-198,2025-12-18 03:10:22
ACC-03335,Sharavathi Tours & Travels,Cab Fleet Operator,Transportation Services,,Tumakuru,Karnataka,sharavathitourstravels.com,29OGGPS7670G1ZF,,,,25,USR-203,2019-05-16 10:55:18
ACC-03336,Vijaya Travels Pvt Ltd,Cab Fleet Operator,Transportation Services,,Bengaluru,Karnataka,vijayatravels.co.in,29PABCV2505G1Z3,,,,74,USR-204,2020-02-13 19:59:54
ACC-03337,Maruthi Nagar Hospitality Services LLP,Hotels & Travel,Hospitality,,Mysuru,Karnataka,maruthinagarhospitalit.com,29ZLSFM6441P1ZY,839575035,,,9,USR-210,2022-12-01 22:37:27
ACC-03338,Hoysala Travels,Cab Fleet Operator,Transportation Services,,Bengaluru,Karnataka,hoysalatravels.in,29PIHPH0881V1ZX,,,Key,8,USR-197,2023-08-02 08:39:52
ACC-03339,Prime Cabs,Cab Fleet Operator,Transportation Services,,Mysuru,Karnataka,primecabs.co.in,29MMUPP3270L1ZU,,,,10,USR-208,2022-03-21 21:57:54
ACC-03340,Garden City Hospitality Services,Hotels & Travel,Hospitality,,Bengaluru,Karnataka,gardencityhospitalitys.com,29NCYPG3414Y1ZZ,,,,3,USR-204,2023-05-05 03:21:51
ACC-03341,Nakshatra Mobility Services Ltd,Employee Transport Services,Transportation Services,,Bengaluru,Karnataka,nakshatramobilityservi.co.in,29UJDCN1398U1ZB,628566579,,,25,USR-212,2022-06-06 20:38:39
ACC-03342,Navya Public School,Hospitals & Education,Education,,Belagavi,Karnataka,navyapublicschool.com,29NWOTN9475J1ZU,769298375,,,9,USR-204,2019-08-21 01:28:50
ACC-03343,District Health Office - Ramanagara,Government / PSU,Government,,Bengaluru,Karnataka,,29ZBDGD2337V12Y,,,,27,USR-208,2025-10-03 23:50:31
ACC-03344,Emerald Employee Transport Solutions Pvt Ltd,Employee Transport Services,Transport,,Shivamogga,Karnataka,emeraldemployeetranspo.in,,,,,385,USR-208,2025-06-07 19:23:40
ACC-03345,Sharavathi Car Hire LLP,Car Rental & Self-Drive,Automotive Rental,,Bengaluru,Karnataka,sharavathicarhire.com,29FIGFS7043X1ZE,,,,25,USR-204,2025-08-08 22:16:08
ACC-03346,Navya Fleet Services,Cab Fleet Operator,Transportation Services,,Bengaluru,Karnataka,navyafleetservices.com,29WEMPN9409T1ZM,,,,7,USR-216,2025-08-08 18:29:01
ACC-03347,Sri Lakshmi Medical Trust,Hospitals & Education,Healthcare,,Bangalore,Karnataka,srilakshmimedicaltrust.in,29KDMTS0813H1ZU,,,,7,USR-208,2026-01-28 11:30:49
ACC-03348,Suvarna Hospitality Services,Hotels & Travel,Hospitality,,Davanagere,Karnataka,suvarnahospitalityserv.in,29XLLPS8444J1ZL,309881908,,,18,USR-209,2019-05-19 17:58:28
ACC-03349,Garuda Infra Projects Pvt Ltd,Corporate (Staff & Executive Cars),Construction & Real Estate,,Bengaluru,Karnataka,garudainfraprojects.com,29NNHCG1384Y1ZB,701811721,,,7,USR-202,2020-12-06 19:19:05
ACC-03350,Ujwal Industries Ltd,Corporate (Staff & Executive Cars),Manufacturing,,Bengaluru,Karnataka,ujwalindustriesltd.co.in,29IEFCU2024Z1ZY,369139017,,,14,USR-214,2024-06-15 17:00:35
ACC-03351,Airavata Resorts Pvt Ltd,Hotels & Travel,Hospitality,,Bengaluru,Karnataka,airavataresorts.co.in,29MGICA7125D1Z4,156102124,,Key,26,USR-197,2020-04-09 03:59:59
ACC-03352,Annapoorna Tours & Travels LLP,Cab Fleet Operator,Transportation Services,,Bengaluru,Karnataka,annapoornatourstravels.co.in,29ZMFFA1040S1ZU,,,,16,USR-202,2026-08-26 23:18:09
ACC-03353,Aadhya Auto Leasing Pvt Ltd,Leasing & Subscription,Banking,,Bengaluru,Karnataka,aadhyaautoleasing.co.in,,542753851,,,1067,USR-209,2019-05-30 04:46:05
ACC-03354,Greenline Polymers Pvt Ltd,Corporate (Staff & Executive Cars),Manufacturing,,Bengaluru,Karnataka,greenlinepolymers.com,29IENCG1836Q1ZC,,,,28,USR-209,2022-06-16 05:56:17
ACC-03355,Anugraha Corporate Mobility Pvt Ltd,Employee Transport Services,Travels,,Hubballi,Karnataka,anugrahacorporatemobil.in,29ZRQCA4737K1ZD,559150070,,Named,100,USR-209,2025-03-21 17:09:50
ACC-03356,Deccan Capital Pvt Ltd,Corporate (Staff & Executive Cars),Banking & Financial Services,,Bengaluru,Karnataka,deccancapital.in,29LRYCD9333E1ZR,,,,52,USR-214,2025-08-12 06:33:49
ACC-03357,Hampi Precision Components Pvt Ltd,Corporate (Staff & Executive Cars),Manufacturing,,Bengaluru,Karnataka,hampiprecisioncomponen.co.in,29ZHRCH4124Y1Z9,759781538,,,17,USR-207,2021-06-13 16:45:19
ACC-03358,Elite Developers Pvt Ltd,Corporate (Staff & Executive Cars),Construction & Real Estate,,Bengaluru,Karnataka,elitedevelopers.in,29BTPCE3153H1Z9,212174420,,,13,USR-205,2024-11-18 10:26:14
ACC-03359,Anugraha College,Hospitals & Education,Education,,Bengaluru,Karnataka,anugrahacollege.in,29JKCTA5645Q1Z9,578361910,,,12,USR-204,2025-11-02 05:57:53
ACC-03360,Pinnacle Institute of Technology,Hospitals & Education,Education,,Mysuru,Karnataka,pinnacleinstituteoftec.com,29XZFTP2455U1ZH,,,Named,11,USR-216,2026-09-07 03:39:12
ACC-03361,Kadamba Infotech Pvt Ltd,Corporate (Staff & Executive Cars),Information Technology,,Tumakuru,Karnataka,kadambainfotech.com,29QRACK9954F1ZQ,,,Key,26,USR-198,2026-04-26 08:16:31
ACC-03362,Crescent Auto Leasing Pvt Ltd,Leasing & Subscription,Banking & Financial Services,,Belagavi,Karnataka,crescentautoleasing.co.in,29LMRCC3699P1ZD,481241257,,,324,USR-216,2018-11-24 04:16:05
ACC-03363,Brindavan Cabs LLP,Cab Fleet Operator,Transportation Services,,Bengaluru,Karnataka,brindavancabs.co.in,29PNSFB5873V1ZT,,,,38,USR-209,2023-05-13 14:50:54
ACC-03364,Vasudha Developers Pvt Ltd,Corporate (Staff & Executive Cars),Construction & Real Estate,,Bengaluru,Karnataka,vasudhadevelopers.com,29ASHCV5974M1ZB,976715937,,,27,USR-215,2019-06-02 10:59:41
ACC-03365,Crescent Tours & Travels LLP,Cab Fleet Operator,Transportation Services,,Mangaluru,Karnataka,crescenttourstravels.com,29ZRHFC8631C1ZU,,,,22,USR-209,2025-12-29 13:27:57
ACC-03366,Airavata Digital Systems Ltd,Corporate (Staff & Executive Cars),Information Technology,,Bengaluru,Karnataka,airavatadigitalsystems.in,29RMWCA1789O1ZB,,,,14,USR-216,2025-12-06 19:52:48
ACC-03367,Sri Ganesh Multispeciality Hospital,Hospitals & Education,Healthcare,,Mangaluru,Karnataka,sriganeshmultispeciali.co.in,29AFUTS0769N1Z0,,,Named,8,USR-214,2026-01-11 13:34:22
ACC-03368,Horizon Resorts Pvt Ltd,Hotels & Travel,Hospitality,,Bangalore,Karnataka,horizonresorts.co.in,29DFOCH2625P1ZI,875105595,,Named,5,USR-202,2018-12-25 18:29:15
ACC-03369,Vega Retail Ltd,Corporate (Staff & Executive Cars),Retail,,Hubballi,Karnataka,vegaretailltd.in,29NBCCV1399T1ZT,,,Named,31,USR-202,2019-10-05 18:26:53
ACC-03370,Shubham Car Rentals,Car Rental & Self-Drive,Automotive Rental,,Bengaluru,Karnataka,shubhamcarrentals.co.in,,,,,24,USR-204,2024-01-05 06:28:01
ACC-03371,Sri Ganesh Mobility Services Pvt Ltd,Employee Transport Services,Transportation Services,,Mangaluru,Karnataka,sriganeshmobilityservi.co.in,29VVACS8789T1Z5,186286294,,,253,USR-209,2022-12-08 03:38:50
ACC-03372,Orbit Tours & Travels,Cab Fleet Operator,Transportation Services,,Bengaluru,Karnataka,orbittourstravels.com,29IMPPO5812U1ZM,,,,7,USR-204,2025-03-28 09:23:51
ACC-03373,Swift Resorts,Hotels & Travel,Hospitality,,Bengaluru,Karnataka,swiftresorts.in,29DYHPS9459J1ZA,,,,12,USR-204,2026-01-17 23:48:38
ACC-03374,Yashas Car Hire Pvt Ltd,Car Rental & Self-Drive,Automotive Rental,,Mysuru,Karnataka,yashascarhire.in,29LBYCY6999S1ZS,,,,38,USR-204,2026-03-21 01:15:27
ACC-03375,Chamundi Infotech Pvt Ltd,Corporate (Staff & Executive Cars),Information Technology,,Bengaluru,Karnataka,chamundiinfotech.com,29HUICC5502B1ZP,760040255,,,10,USR-216,2024-06-25 10:13:37
ACC-03376,Tulasi Employee Transport Solutions Pvt Ltd,Employee Transport Services,Transportation Services,,Mangaluru,Karnataka,tulasiemployeetranspor.co.in,29OFVCT6587G1ZM,921939514,,,96,USR-206,2019-12-01 04:22:09
ACC-03377,Trishul Travels Pvt Ltd,Cab Fleet Operator,Transportation Services,,Mangaluru,Karnataka,trishultravels.com,,809988850,,,9,USR-211,2022-01-14 07:12:15
ACC-03378,Sapphire Precision Components Pvt Ltd,Corporate (Staff & Executive Cars),Manufacturing,,BLR,Karnataka,sapphireprecisioncompo.in,29XYSCS6634N1ZB,535743157,,,8,USR-206,2020-07-12 23:22:36
ACC-03379,Shree Balaji Developers LLP,Corporate (Staff & Executive Cars),Construction & Real Estate,,Bengaluru,Karnataka,shreebalajidevelopers.co.in,29TEMFS0248L1ZY,274190510,,,24,USR-206,2019-08-24 00:07:51
ACC-03380,Greenline Tours & Travels,Cab Fleet Operator,,,Bengaluru,Karnataka,greenlinetourstravels.com,,,,,10,USR-204,2025-08-25 10:39:18
ACC-03381,Zilla Panchayat - Kolar,Government / PSU,Government,,Bengaluru,Karnataka,,29QNYGZ8604M1ZN,,,,22,USR-209,2020-07-19 04:25:01
ACC-03382,Kadamba Mobility Services LLP,Employee Transport Services,Travels,,Bengaluru,Karnataka,kadambamobilityservice.com,29JVWFK4779Z1ZV,,,Named,202,USR-209,2020-12-26 10:50:54
ACC-03383,Vinayaka Car Subscription Services Pvt Ltd,Leasing & Subscription,Banking & Financial Services,,Bengaluru,Karnataka,vinayakacarsubscriptio.com,29ZPCCV9949M1ZQ,920662540,,,466,USR-214,2020-04-13 08:37:56
ACC-03384,Orbit Fleet Leasing Pvt Ltd,Leasing & Subscription,Banking & Financial Services,,Belagavi,Karnataka,orbitfleetleasing.co.in,29GJPCO2065E1ZJ,533279860,,,725,USR-214,2026-09-18 07:22:51
ACC-03385,Skyline Credit Services LLP,Corporate (Staff & Executive Cars),Banking & Financial Services,,Bengaluru,Karnataka,skylinecreditservices.in,29QGVFS7317U1ZY,739622131,,Key,12,USR-200,2024-12-22 20:54:50
ACC-03386,Omkar Fleet Services,Cab Fleet Operator,Transportation Services,,Mangalore,Karnataka,omkarfleetservices.com,29ZDFPO5878N1ZU,,,,18,USR-209,2023-05-10 03:25:41
ACC-03387,Urbanline Constructions LLP,Corporate (Staff & Executive Cars),Construction & Real Estate,,BLR,Karnataka,urbanlineconstructions.com,29BQXFU9253R1ZN,,,,14,USR-206,2025-10-23 09:02:38
ACC-03388,Lotus Commute Solutions Ltd,Employee Transport Services,Transportation Services,,Bengaluru,Karnataka,lotuscommutesolutionsl.in,,480334581,,Named,100,USR-209,2022-10-19 07:23:04
ACC-03389,Nakshatra Credit Services Pvt Ltd,Corporate (Staff & Executive Cars),Banking & Financial Services,,Bengaluru,Karnataka,nakshatracreditservice.in,29UYLCN2799K1ZM,430366301,,,7,USR-208,2018-12-15 05:44:14
ACC-03390,Chamundi Staff Transport Services Pvt Ltd,Employee Transport Services,Transportation Services,,Tumakuru,Karnataka,chamundistafftransport.com,29KFFCC8068S1Z2,606093510,,Named,134,USR-209,2025-08-09 14:25:06
ACC-03391,Sai Krupa Holidays,Hotels & Travel,Hospitality,,Bengaluru,Karnataka,saikrupaholidays.in,29XHHPS8416T1ZI,,,,27,USR-204,2024-10-11 09:03:02
ACC-03392,Hampi Commute Solutions Pvt Ltd,Employee Transport Services,Transportation Services,,Bengaluru,Karnataka,hampicommutesolutions.co.in,29SUACH7123K1ZT,,,,67,USR-208,2026-01-15 18:02:15
ACC-03393,Ujwal Life Sciences Pvt Ltd,Corporate (Staff & Executive Cars),Pharmaceuticals,,Bangalore,Karnataka,ujwallifesciences.in,29KDECU0799P1ZX,,,Named,13,USR-204,2025-05-19 14:49:44
ACC-03394,Prime Staff Transport Services LLP,Employee Transport Services,Transportation Services,,Bengaluru,Karnataka,primestafftransportser.co.in,29LENFP 9797N1Z8,904439716,,Named,265,USR-208,2026-01-11 03:38:15
ACC-03395,Shree Balaji Capital LLP,Corporate (Staff & Executive Cars),Banking & Financial Services,,Bengaluru,Karnataka,shreebalajicapital.co.in,,,,Named,6,USR-204,2025-04-14 17:04:53
ACC-03396,Trishul Fleet Services Pvt Ltd,Cab Fleet Operator,Transportation Services,,Bengaluru,Karnataka,trishulfleetservices.co.in,29GCPCT9687G1ZZ,,,,19,USR-204,2025-08-31 11:13:33
ACC-03397,Samruddhi Cab Services,Cab Fleet Operator,Transportation Services,,Bengaluru,Karnataka,samruddhicabservices.com,29UMCPS4617Q1ZQ,,,,6,USR-206,2026-08-07 06:27:22
ACC-03398,Bluechip Auto Leasing Pvt Ltd,Leasing & Subscription,Banking & Financial Services,,Bengaluru,Karnataka,bluechipautoleasing.co.in,29PQKCB6364Q1ZF,979785548,,Named,517,USR-214,2026-08-17 03:31:42
ACC-03399,Metro Life Sciences Ltd,Corporate (Staff & Executive Cars),Pharmaceuticals,,Bangalore,Karnataka,metrolifesciencesltd.com,,733224735,,,35,USR-214,2025-11-08 20:11:29
ACC-03400,Samruddhi Corporate Mobility Pvt Ltd,Employee Transport Services,Transportation Services,,Hubballi,Karnataka,samruddhicorporatemobi.com,29LZLCS3020H1ZN,,,,564,USR-216,2025-01-13 04:37:10
ACC-03401,Shree Balaji Hospitality Services Pvt Ltd,Hotels & Travel,Hospitality,,Bangalore,Karnataka,shreebalajihospitality.com,29JWZCS6310U1ZJ,,,,21,USR-216,2026-06-27 22:42:58
ACC-03402,Shree Balaji Car Rentals LLP,Car Rental & Self-Drive,Automotive Rental,,Bengaluru,Karnataka,shreebalajicarrentals.com,29SMYFS8344B1ZE,,,Key,74,USR-200,2025-06-27 16:04:51
ACC-03403,Rural Development Office - Chamarajanagar,Government / PSU,Government,,Bengaluru,Karnataka,,29PPPGR8844W1Z7,,,,27,USR-204,2026-09-17 18:05:00
ACC-03404,Surya Cab Services Pvt Ltd,Cab Fleet Operator,Transportation Services,,Bengaluru,Karnataka,suryacabservices.com,29OIJCS4077K1ZU,,,,22,USR-216,2020-07-26 19:30:19
ACC-03405,Hoysala Self Drive Cars Pvt Ltd,Car Rental & Self-Drive,Automotive Rental,,Davanagere,Karnataka,hoysalaselfdrivecars.co.in,29YKSCH2836O1ZF,,,,40,USR-213,2020-03-23 00:47:45
ACC-03406,Urbanline Fleet Leasing Pvt Ltd,Leasing & Subscription,Banking & Financial Services,,Bengaluru,Karnataka,urbanlinefleetleasing.in,29ADTCU4737O1Z0,775440706,,,170,USR-211,2019-04-02 12:30:36
ACC-03407,Unity Cabs Pvt Ltd,Cab Fleet Operator,Transportation Services,,Shivamogga,Karnataka,unitycabs.co.in,,,,,129,USR-208,2022-04-08 16:21:11
ACC-03408,Emerald Credit Services Pvt Ltd,Corporate (Staff & Executive Cars),Banking & Financial Services,,Bengaluru,Karnataka,emeraldcreditservices.com,,903513171,,,12,USR-205,2024-08-13 19:44:21
ACC-03409,Swift Retail Pvt Ltd,Corporate (Staff & Executive Cars),Retail,,Bengaluru,Karnataka,swiftretail.com,29FSCCS5060H1Z4,130776787,,,16,USR-202,2023-03-19 06:20:42
ACC-03410,Sterling Car Hire LLP,Car Rental & Self-Drive,Automotive Rental,,Bengaluru,Karnataka,sterlingcarhire.com,29DHFFS0772D1ZR,,,,52,USR-216,2026-03-23 04:54:17
ACC-03411,Galaxy Precision Components Pvt Ltd,Corporate (Staff & Executive Cars),Manufacturing,,Bengaluru,Karnataka,galaxyprecisioncompone.co.in,29MDECG9979E1ZG,164498319,,,16,USR-209,2019-02-19 14:33:19
ACC-03412,Greenline Mobility Services LLP,Employee Transport Services,Transportation Services,,Bengaluru ,Karnataka,greenlinemobilityservi.com,29MOGFG3497Z1ZT,932356832,,,94,USR-202,2025-11-16 04:43:42
ACC-03413,Rural Development Office - Raichur,Government / PSU,Government,,Bengaluru,Karnataka,,29DEQGR7278G1Z0,,,Named,40,USR-207,2018-12-26 09:39:26
ACC-03414,Heritage Constructions Pvt Ltd,Corporate (Staff & Executive Cars),Construction & Real Estate,,Bengaluru,Karnataka,heritageconstructions.com,29DLMCH6238V1ZM,291085756,,,13,USR-214,2024-03-18 05:36:37
ACC-03415,Kodagu Finance Pvt Ltd,Corporate (Staff & Executive Cars),Banking & Financial Services,,Belagavi,Karnataka,kodagufinance.co.in,29IKLCK4636I1Z9,,,,26,USR-205,2024-12-17 14:40:37
ACC-03416,Evergreen Hotels & Resorts Pvt Ltd,Hotels & Travel,Hospitality,,Bengaluru,Karnataka,evergreenhotelsresorts.com,29WBICE8568A1ZP,,,,9,USR-216,2024-12-15 19:19:43
ACC-03417,Sri Ganesh Cabs Pvt Ltd,Cab Fleet Operator,Transportation Services,,Bengaluru,Karnataka,sriganeshcabs.com,29GZUCS7367L1ZK,,,,7,USR-206,2024-12-24 10:44:48
ACC-03418,Hoysala Leasing LLP,Leasing & Subscription,Banking & Financial Services,,Mysuru,Karnataka,hoysalaleasing.in,29JVPFH7657V1ZE,912796741,,,397,USR-214,2025-01-26 06:53:45
ACC-03419,Orbit Builders Pvt Ltd,Corporate (Staff & Executive Cars),Construction & Real Estate,,Bengaluru,Karnataka,orbitbuilders.com,29EIRCO6850C1ZG,,,Named,22,USR-209,2023-02-25 05:22:13
ACC-03420,Netravati Resorts,Hotels & Travel,Hospitality,,Davanagere,Karnataka,netravatiresorts.in,29TFHPN6796G1Z7,,,,5,USR-212,2022-04-12 01:22:16
ACC-03421,Sri Ganesh Capital Pvt Ltd,Corporate (Staff & Executive Cars),Banking & Financial Services,,Belagavi,Karnataka,sriganeshcapital.com,29HJMCS6161W1ZB,635353090,,,19,USR-208,2026-02-21 13:26:18
ACC-03422,Ujwal Cab Services Pvt Ltd,Cab Fleet Operator,Transportation Services,,Bengaluru,Karnataka,ujwalcabservices.com,29HSACU1633Z1Z6,,,,49,USR-211,2026-08-28 00:00:30
ACC-03423,Garuda Capital Ltd,Corporate (Staff & Executive Cars),Banking & Financial Services,,Bengaluru,Karnataka,garudacapitalltd.in,29VUFCG4825Y1ZR,,,,25,USR-207,2024-10-14 17:56:30
ACC-03424,Bluechip Fleet Services,Cab Fleet Operator,,,Belagavi,Karnataka,bluechipfleetservices.co.in,,,,Named,19,USR-204,2019-01-26 05:18:51
ACC-03425,Pragati Car Subscription Services Pvt Ltd,Leasing & Subscription,Banking & Financial Services,,Davanagere,Karnataka,pragaticarsubscription.in,29DFUCP2701K1ZL,,,,398,USR-202,2022-10-26 16:18:18
ACC-03426,Crescent Precision Components Ltd,Corporate (Staff & Executive Cars),Manufacturing,,Bengaluru,Karnataka,crescentprecisioncompo.com,,613609066,,,5,USR-208,2025-08-23 07:10:38
ACC-03427,Vinayaka Corporate Mobility Pvt Ltd,Employee Transport Services,Transportation Services,,BLR,Karnataka,vinayakacorporatemobil.in,29EJGCV5088N1ZR,,,,138,USR-209,2022-08-06 14:01:34
ACC-03428,Vasudha Travels Pvt Ltd,Cab Fleet Operator,Transportation Services,,Hubballi,Karnataka,vasudhatravels.co.in,29LHSCV0821F1ZF,,,,32,USR-211,2025-01-18 05:38:55
ACC-03429,Amrutha Healthcare Products Pvt Ltd,Corporate (Staff & Executive Cars),Pharmaceuticals,,Mangaluru,Karnataka,amruthahealthcareprodu.in,29ERACA5037G1ZS,,,,8,USR-215,2020-05-06 04:44:53
ACC-03430,Sharavathi Corporate Mobility Pvt Ltd,Employee Transport Services,Transportation Services,,Mysuru,Karnataka,sharavathicorporatemob.in,29CTACS3104G1ZK,245759714,,,231,USR-216,2020-10-15 18:02:07
ACC-03431,City Municipal Office - Ramanagara,Government / PSU,Government,,Bengaluru,Karnataka,,29TXEGC7053O1Z2,,,,17,USR-208,2019-09-06 08:27:57
ACC-03432,Anugraha Resorts,Hotels & Travel,Hospitality,,Bengaluru ,Karnataka,anugraharesorts.com,29GMGPA1953N1ZN,,,,43,USR-202,2024-10-14 05:04:00
ACC-03433,Srinidhi Corporate Mobility Ltd,Employee Transport Services,Transportation Services,,Hubballi,Karnataka,srinidhicorporatemobil.com,29GDICS8442X1ZN,171276238,,,48,USR-209,2023-11-24 17:25:21
ACC-03434,Crescent Resorts Pvt Ltd,Hotels & Travel,Hospitality,,Bengaluru,Karnataka,crescentresorts.co.in,29LWVCC6220V1ZY,,,,31,USR-216,2019-10-29 05:09:57
ACC-03435,Chandra Staff Transport Services LLP,Employee Transport Services,Transportation Services,,BLR,Karnataka,chandrastafftransports.in,29BKDFC1731P1ZM,,,,455,USR-211,2022-01-17 11:44:31
ACC-03436,Vasudha Corporate Mobility LLP,Employee Transport Services,Transportation Services,,Bengaluru,Karnataka,vasudhacorporatemobili.co.in,29HITFV6766K1ZA,,,,41,USR-209,2025-04-05 15:49:05
ACC-03437,Kaveri Leasing LLP,Leasing & Subscription,Banking & Financial Services,,Hubballi,Karnataka,kaverileasing.in,29VHWFK6093E1ZV,656114110,,,289,USR-208,2026-01-11 18:28:24
ACC-03438,Chandra Infotech Pvt Ltd,Corporate (Staff & Executive Cars),Information Technology,,Bengaluru,Karnataka,chandrainfotech.co.in,,,,,29,USR-215,2021-04-10 07:31:37
ACC-03439,Sunrise Tours & Travels,Cab Fleet Operator,Transportation Services,,Hubballi,Karnataka,sunrisetourstravels.com,29MOXPS5898W1ZC,,,,18,USR-214,2019-12-02 05:00:09
ACC-03440,Kodagu Auto Leasing Pvt Ltd,Leasing & Subscription,Banking & Financial Services,,Bengaluru,Karnataka,kodaguautoleasing.in,29PSQCK2067D1ZV,429939701,,,430,USR-214,2021-05-04 13:40:04
ACC-03441,Sri Ganesh Healthcare Products Pvt Ltd,Corporate (Staff & Executive Cars),Pharmaceuticals,,Belagavi,Karnataka,sriganeshhealthcarepro.co.in,29RTQCS8969E1ZU,741917713,,Named,22,USR-202,2024-10-06 22:23:32
ACC-03442,Tulasi Auto Leasing Pvt Ltd,Leasing & Subscription,Banking & Financial Services,,Mangaluru,Karnataka,tulasiautoleasing.in,29LWECT3239K1ZF,,,,443,USR-205,2020-03-14 19:37:05
ACC-03443,Metro Precision Components Pvt Ltd,Corporate (Staff & Executive Cars),Manufacturing,,Mangaluru,Karnataka,metroprecisioncomponen.in,29MUTCM2333H1ZO,490858898,,,17,USR-202,2021-05-09 03:19:24
ACC-03444,Navya Resorts LLP,Hotels & Travel,Hospitality,,Belagavi,Karnataka,navyaresorts.com,29ECEFN6449K1ZH,,,Key,12,USR-199,2018-10-13 20:44:13
ACC-03445,Hampi Cabs,Cab Fleet Operator,Transportation Services,,Mangaluru,Karnataka,hampicabs.in,29GWFPH1570P1ZW,,,Named,11,USR-202,2026-04-12 04:23:24
ACC-03446,Namma Diagnostics,Hospitals & Education,Healthcare,,Bengaluru,Karnataka,nammadiagnostics.com,29RUHTN4178Q1ZX,,,Key,5,USR-197,2026-02-13 08:05:10
ACC-03447,Hampi College Pvt Ltd,Hospitals & Education,Education,,Bengaluru,Karnataka,hampicollege.in,29WAECH9180M1Z9,,,Named,15,USR-216,2026-01-27 06:46:08
ACC-03448,Chaitanya Fleet Leasing Pvt Ltd,Leasing & Subscription,Banking & Financial Services,,Bengaluru,Karnataka,chaitanyafleetleasing.com,29QLPCC1178O1ZS,620657627,,,767,USR-214,2025-12-14 21:57:32
ACC-03449,Shree Balaji Commute Solutions LLP,Employee Transport Services,Transportation Services,,Bengaluru,Karnataka,shreebalajicommutesolu.com,29PDFFS7508R1ZQ,120158740,,,80,USR-201,2021-08-04 12:32:48
ACC-03450,Airavata Mobility Services Pvt Ltd,Employee Transport Services,Transportation Services,,Bengaluru,Karnataka,airavatamobilityservic.in,29FLLCA8327L1ZA,143238236,,,233,USR-209,2026-07-05 00:09:58
ACC-03451,Zenith Healthcare Products Pvt Ltd,Corporate (Staff & Executive Cars),Pharmaceuticals,,Bengaluru,Karnataka,zenithhealthcareproduc.in,29SCKCZ8675L1ZH,489091734,,,15,USR-214,2024-08-27 23:01:50
ACC-03452,Chandra Mobility Services Pvt Ltd,Employee Transport Services,Transportation Services,,Mangaluru,Karnataka,chandramobilityservice.co.in,29YPOCC3711W1Z6,,,,307,USR-208,2020-02-19 11:48:27
ACC-03453,Ujwal Hotels & Resorts LLP,Hotels & Travel,Hospitality,,Bengaluru,Karnataka,ujwalhotelsresorts.co.in,29TNDFU2851U1ZZ,530329843,,,10,USR-202,2026-06-29 13:05:44
ACC-03454,Garden City Industries Pvt Ltd,Corporate (Staff & Executive Cars),Manufacturing,,Mangaluru,Karnataka,gardencityindustries.com,29FWGCG0765Z1Z1,,,Named,22,USR-214,2026-07-06 08:10:33
ACC-03455,Shree Balaji Self Drive Cars Pvt Ltd,Car Rental & Self-Drive,Automotive Rental,,Mangaluru,Karnataka,shreebalajiselfdriveca.co.in,29IQECS2181T1ZE,,,Named,38,USR-208,2020-01-06 11:09:20
ACC-03456,Annapoorna Diagnostics,Hospitals & Education,Healthcare,,Mysuru,Karnataka,annapoornadiagnostics.co.in,29ZXGTA9484K1ZY,,,Named,15,USR-214,2026-05-29 02:29:34
ACC-03457,Vijaya Fleet Services LLP,Cab Fleet Operator,Transportation Services,,Mysuru,Karnataka,vijayafleetservices.co.in,29ADZFV3508E1ZH,,,Named,12,USR-209,2020-09-27 12:01:16
ACC-03458,Ujwal Capital Ltd,Corporate (Staff & Executive Cars),Banking & Financial Services,,Bengaluru,Karnataka,ujwalcapitalltd.co.in,29JKLCU0161M1Z2,488858749,,Named,9,USR-206,2021-01-12 02:26:22
ACC-03459,Garden City Infotech LLP,Corporate (Staff & Executive Cars),Software,,Bengaluru,Karnataka,gardencityinfotech.com,29OZKFG3691T1ZH,100442252,,,16,USR-214,2026-02-01 03:46:15
ACC-03460,Netravati Capital Pvt Ltd,Corporate (Staff & Executive Cars),Banking,,Bengaluru,Karnataka,netravaticapital.co.in,29GRRCN0223G1ZA,497440824,,,10,USR-212,2018-10-04 09:57:01
ACC-03461,Hoysala Traders Pvt Ltd,Corporate (Staff & Executive Cars),Retail,,Bengaluru,Karnataka,hoysalatraders.com,29DYHCH8268K1ZD,360727450,,,21,USR-204,2022-07-07 06:50:10
ACC-03462,Ujwal Car Subscription Services LLP,Leasing & Subscription,Banking & Financial Services,,Bengaluru,Karnataka,ujwalcarsubscriptionse.co.in,29SBXFU9210J1ZS,493264884,,,665,USR-206,2025-07-12 01:02:57
ACC-03463,Anugraha Capital Pvt Ltd,Corporate (Staff & Executive Cars),Banking & Financial Services,,Bengaluru,Karnataka,anugrahacapital.in,29WIQCA2125S1ZW,,,,17,USR-211,2025-11-08 21:20:50
ACC-03464,Prime Medical Trust,Hospitals & Education,Healthcare,,Bengaluru,Karnataka,primemedicaltrust.in,29TVSTP6148R1ZG,,,,8,USR-216,2026-06-02 09:26:03
ACC-03465,Kaveri Holidays,Hotels & Travel,Hospitality,,Tumakuru,Karnataka,kaveriholidays.co.in,29BYOPK7510H1Z2,,,,14,USR-214,2021-04-17 06:03:29
ACC-03466,Kadamba Life Sciences Pvt Ltd,Corporate (Staff & Executive Cars),Pharmaceuticals,,Mangaluru,Karnataka,kadambalifesciences.in,29BDHCK6436L1ZR,134165143,,,20,USR-203,2022-03-16 06:25:39
ACC-03467,Nakshatra Hospital,Hospitals & Education,Healthcare,,Hubballi,Karnataka,nakshatrahospital.in,29NHJTN0574R1ZW,812227762,,,10,USR-215,2021-05-20 17:08:02
ACC-03468,Suvarna College,Hospitals & Education,Education,,Bengaluru,Karnataka,suvarnacollege.co.in,29ASNTS7559J1ZE,474514652,,Named,5,USR-208,2026-07-12 01:56:55
ACC-03469,Prime Infotech Pvt Ltd,Corporate (Staff & Executive Cars),Information Technology,,Mysuru,Karnataka,primeinfotech.com,29NGTCP8175Y1ZU,480984406,,,18,USR-216,2026-04-01 16:43:40
ACC-03470,Sahyadri Corporate Mobility Pvt Ltd,Employee Transport Services,Transportation Services,,Bengaluru,Karnataka,sahyadricorporatemobil.co.in,29JZKCS7165A1ZI,,,,328,USR-204,2025-02-08 11:05:40
ACC-03471,Galaxy Travels,Cab Fleet Operator,Transportation Services,,BLR,Karnataka,galaxytravels.in,29QYIPG0079L1ZM,392508832,,,15,USR-216,2024-04-15 06:51:39
ACC-03472,Pragati College Pvt Ltd,Hospitals & Education,Educational Institution,,Bengaluru,Karnataka,pragaticollege.co.in,29ITHCP1607H1Z4,,,,10,USR-209,2024-06-08 07:38:57
ACC-03473,Lotus Life Sciences LLP,Corporate (Staff & Executive Cars),Pharmaceuticals,,Bengaluru,Karnataka,lotuslifesciences.in,,721647809,,,10,USR-206,2020-10-17 13:45:01
ACC-03474,Mahalakshmi Travels Pvt Ltd,Cab Fleet Operator,Transportation Services,,Davanagere,Karnataka,mahalakshmitravels.in,29MJRCM3953E1Z6,,,,15,USR-206,2025-07-08 21:17:05
ACC-03475,Royal Industries Pvt Ltd,Corporate (Staff & Executive Cars),Manufacturing,,Bengaluru,Karnataka,royalindustries.co.in,,495614340,,,19,USR-204,2026-07-05 00:50:29
ACC-03476,Nandi Infotech Pvt Ltd,Corporate (Staff & Executive Cars),Information Technology,,Mysuru,Karnataka,nandiinfotech.com,29HOHCN8337L1ZR,,,Named,29,USR-216,2022-11-18 23:00:01
ACC-03477,Sanjeevini Polymers Ltd,Corporate (Staff & Executive Cars),Manufacturing,,Hubballi,Karnataka,sanjeevinipolymersltd.in,29YNOCS6912D1ZO,,,,22,USR-208,2020-03-17 16:56:15
ACC-03478,Heritage Software Solutions Pvt Ltd,Corporate (Staff & Executive Cars),Information Technology,,Bengaluru,Karnataka,heritagesoftwaresoluti.co.in,29VSDCH4843V1Z0,445152312,,Named,65,USR-210,2021-08-25 09:39:10
ACC-03479,Galaxy Cab Services,Cab Fleet Operator,Transportation Services,,Mangaluru,Karnataka,galaxycabservices.co.in,29HYZPG8443I1ZC,,,,14,USR-203,2024-09-03 05:49:54
ACC-03480,Emerald Retail Pvt Ltd,Corporate (Staff & Executive Cars),Retail,,Bengaluru,Karnataka,emeraldretail.co.in,29QIGCE0616H1ZV,740834522,,Named,10,USR-206,2022-11-26 15:11:10
ACC-03481,Sri Ganesh Retail Pvt Ltd,Corporate (Staff & Executive Cars),Retail,,Bengaluru,Karnataka,sriganeshretail.in,29NIICS9076I1ZR,,,,28,USR-216,2024-12-13 01:23:21
ACC-03482,Police Motor Transport Unit - Hassan,Government / PSU,Govt.,,Bengaluru,Karnataka,,29KCDGP6843D1ZP,,,,13,USR-202,2023-11-18 20:09:56
ACC-03483,Vishwa Car Rentals Pvt Ltd,Car Rental & Self-Drive,Automotive Rental,,Bengaluru,Karnataka,vishwacarrentals.co.in,29EDOCV4421G1ZS,,,,40,USR-207,2020-05-02 16:00:25
ACC-03484,Shree Balaji Staff Transport Services Ltd,Employee Transport Services,,,Mangaluru,Karnataka,shreebalajistafftransp.com,29CAFCS9678J1ZC,192516744,,,31,USR-209,2021-04-15 17:10:54
ACC-03485,Rapid Car Subscription Services Pvt Ltd,Leasing & Subscription,Banking & Financial Services,,Bengaluru,Karnataka,rapidcarsubscriptionse.com,,884806108,,,597,USR-206,2022-10-23 02:17:16
ACC-03486,Sai Krupa Car Subscription Services Pvt Ltd,Leasing & Subscription,Banking & Financial Services,,Bengaluru,Karnataka,saikrupacarsubscriptio.co.in,29XTPCS0348D1ZI,670250824,,,351,USR-209,2022-03-16 10:09:54
ACC-03487,Mahalakshmi Mobility Services Pvt Ltd,Employee Transport Services,Transportation Services,,Tumakuru,Karnataka,mahalakshmimobilityser.com,29OUFCM9593Z1Z7,,,Named,71,USR-215,2024-07-11 18:57:44
ACC-03488,Sri Lakshmi Staff Transport Services LLP,Employee Transport Services,Transportation Services,,Bengaluru,Karnataka,srilakshmistafftranspo.com,29NBWFS2593G1ZZ,,,Named,112,USR-206,2026-05-17 22:02:44
ACC-03489,Netravati Self Drive Cars LLP,Car Rental & Self-Drive,Automotive Rental,,Bengaluru,Karnataka,netravatiselfdrivecars.in,29HLSFN2906R1ZH,,,,43,USR-206,2026-06-14 02:50:27
ACC-03490,Pinnacle Diagnostics,Hospitals & Education,Healthcare,,Tumakuru,Karnataka,pinnaclediagnostics.in,29UOUTP8826C1ZH,,,,3,USR-203,2020-06-09 18:37:06
ACC-03491,Sahyadri Commute Solutions Pvt Ltd,Employee Transport Services,Transportation Services,,Mangalore,Karnataka,sahyadricommutesolutio.in,29QTBCS8996P1ZK,,,,192,USR-208,2021-08-13 14:26:57
ACC-03492,Malnad Supermarts Pvt Ltd,Corporate (Staff & Executive Cars),Retail,,Belagavi,Karnataka,malnadsupermarts.co.in,29GZFCM8058Z1ZF,326937453,,,38,USR-216,2025-03-31 07:43:36
ACC-03493,Agriculture Department Office - Bidar,Government / PSU,Government,,Bengaluru,Karnataka,,29FCAGA9529H1ZZ,,,,20,USR-208,2019-09-08 12:54:48
ACC-03494,Nakshatra Supermarts Pvt Ltd,Corporate (Staff & Executive Cars),Retail,,Bengaluru,Karnataka,nakshatrasupermarts.com,,420635258,,,7,USR-211,2024-05-26 23:09:26
ACC-03495,Sterling Self Drive Cars Pvt Ltd,Car Rental & Self-Drive,Automotive Rental,,Bengaluru,Karnataka,sterlingselfdrivecars.in,29ASMCS9304J1ZR,,,,206,USR-212,2022-06-24 10:06:44
ACC-03496,Samruddhi Constructions LLP,Corporate (Staff & Executive Cars),Construction & Real Estate,,Hubballi,Karnataka,samruddhiconstructions.in,29LROFS1838B1ZS,504761244,,,38,USR-202,2019-12-11 15:18:28
ACC-03497,Rapid Holidays Pvt Ltd,Hotels & Travel,Hospitality,,BLR,Karnataka,rapidholidays.co.in,29KGXCR9946B1ZX,941070699,,,2,USR-208,2025-07-11 15:03:27
ACC-03498,Maruthi Nagar Car Rentals,Car Rental & Self-Drive,Automotive Rental,,Bengaluru,Karnataka,maruthinagarcarrentals.in,29UERPM1003X1Z2,,,,98,USR-216,2024-06-09 07:17:54
ACC-03499,Elite Staff Transport Services Pvt Ltd,Employee Transport Services,Transportation Services,,Mangaluru,Karnataka,elitestafftransportser.in,29GNLCE4967C1ZE,827942378,,Named,103,USR-206,2019-10-04 22:40:54
ACC-03500,Zenith College,Hospitals & Education,Education,,Bengaluru,Karnataka,zenithcollege.com,29OVWTZ7146M1ZH,,,,14,USR-205,2025-05-23 06:37:50
ACC-03501,Unity Constructions Pvt Ltd,Corporate (Staff & Executive Cars),Construction & Real Estate,,Bengaluru,Karnataka,unityconstructions.in,29SINCU7256A1Z2,,,,54,USR-202,2026-05-31 02:43:16
ACC-03502,Chandra Healthcare Products Ltd,Corporate (Staff & Executive Cars),Pharmaceuticals,,Mysuru,Karnataka,chandrahealthcareprodu.com,29DBCCC4665W1ZH,963563097,,,18,USR-203,2023-08-21 20:24:00
ACC-03503,Vijaya Engineering Works Pvt Ltd,Corporate (Staff & Executive Cars),Manufacturing,,Tumkur,Karnataka,vijayaengineeringworks.co.in,29YWICV4302M1Z2,235625594,,Named,4,USR-209,2020-05-07 06:04:48
ACC-03504,Netravati Life Sciences Ltd,Corporate (Staff & Executive Cars),Pharmaceuticals,,Mangaluru,Karnataka,netravatilifesciencesl.in,29FAYCN6300K1ZO,,,Key,20,USR-198,2021-07-07 16:23:40
ACC-03505,Bluechip Public School,Hospitals & Education,Education,,Bengaluru,Karnataka,bluechippublicschool.com,29PVTTB1931E1ZZ,,,,5,USR-211,2019-07-06 03:36:28
ACC-03506,Heritage Credit Services Ltd,Corporate (Staff & Executive Cars),Banking & Financial Services,,Bengaluru,Karnataka,heritagecreditservices.in,29YVSCH7498H1ZO,,,,27,USR-209,2021-07-13 04:19:37
ACC-03507,Amrutha Corporate Mobility Pvt Ltd,Employee Transport Services,Transportation Services,,Bengaluru,Karnataka,amruthacorporatemobili.co.in,29AWMCA3256G1Z9,153338273,,,51,USR-206,2026-02-04 06:52:47
ACC-03508,Kodagu Mobility Services Pvt Ltd,Employee Transport Services,Transportation Services,,Bengaluru,Karnataka,kodagumobilityservices.in,29ZGMCK9871L1ZF,838540816,,,142,USR-209,2019-07-18 19:54:42
ACC-03509,Nakshatra Digital Systems Pvt Ltd,Corporate (Staff & Executive Cars),Information Technology,,Bengaluru,Karnataka,nakshatradigitalsystem.co.in,29GHRCN8750P1ZO,943522748,,,7,USR-211,2026-03-18 17:32:01
ACC-03510,Royal Life Sciences Ltd,Corporate (Staff & Executive Cars),Pharmaceuticals,,Bengaluru,Karnataka,royallifesciencesltd.co.in,29PGHCR2232D1ZV,367551286,,,20,USR-204,2025-06-26 03:06:51
ACC-03511,Hampi Infra Projects Pvt Ltd,Corporate (Staff & Executive Cars),Construction & Real Estate,,Hubballi,Karnataka,hampiinfraprojects.in,29SSACH6706I1ZY,,,,11,USR-208,2023-03-25 02:44:34
ACC-03512,District Collectorate - Raichur,Government / PSU,Government,,Shivamogga,Karnataka,,29TSAGD7899D1ZG,,,,140,USR-209,2026-02-28 11:50:02
ACC-03513,Trishul Finance Pvt Ltd,Corporate (Staff & Executive Cars),Banking & Financial Services,,Bengaluru,Karnataka,trishulfinance.in,29XGICT2587B1Z6,873462499,,,37,USR-202,2023-06-23 02:25:06
ACC-03514,Vasudha Infra Projects Pvt Ltd,Corporate (Staff & Executive Cars),Construction & Real Estate,,Shivamogga,Karnataka,vasudhainfraprojects.com,29GZKCV3202F1ZU,,,,11,USR-211,2025-11-12 13:24:01
ACC-03515,Forest Division Office - Chitradurga,Government / PSU,Government,,Bengaluru,Karnataka,,29GXFGF3615L1ZP,,,,12,USR-202,2026-09-02 21:31:54
ACC-03516,District Health Office - Hassan,Government / PSU,Government,,Bengaluru,Karnataka,,29FEKGD0365U1Z7,613801704,,,21,USR-208,2021-09-14 03:01:45
ACC-03517,Shubham Tours & Travels LLP,Cab Fleet Operator,Transportation Services,,Tumakuru,Karnataka,shubhamtourstravels.co.in,,,,,47,USR-202,2025-07-29 04:50:30
ACC-03518,Annapoorna Technologies Pvt Ltd,Corporate (Staff & Executive Cars),Information Technology,,Mysuru,Karnataka,annapoornatechnologies.co.in,29LBJCA6849N1ZG,327155275,,Named,30,USR-206,2023-02-20 21:34:06
ACC-03519,Tunga Credit Services LLP,Corporate (Staff & Executive Cars),Banking & Financial Services,,Davanagere,Karnataka,tungacreditservices.in,29JCUFT6565F1Z0,,,,17,USR-208,2021-02-23 00:50:11
ACC-03520,Horizon Finance Pvt Ltd,Corporate (Staff & Executive Cars),Finance,,Mangaluru,Karnataka,horizonfinance.com,29LQACH1439F1ZK,226366962,,,20,USR-204,2026-04-10 19:05:15
ACC-03521,Vega Public School,Hospitals & Education,Education,,Bengaluru,Karnataka,vegapublicschool.com,29NAKTV9142J1ZB,,,,8,USR-214,2025-10-17 21:24:34
ACC-03522,Akshaya Taxi Services LLP,Cab Fleet Operator,Transportation Services,,Bengaluru,Karnataka,akshayataxiservices.com,29AAVFA2337M1ZU,,,,23,USR-216,2025-04-21 00:42:15
ACC-03523,Sri Ganesh Digital Systems Pvt Ltd,Corporate (Staff & Executive Cars),Information Technology,,Bengaluru,Karnataka,sriganeshdigitalsystem.in,29CIOCS9585W1ZY,,,,52,USR-206,2021-05-18 01:18:43
ACC-03524,Deccan Infra Projects Pvt Ltd,Corporate (Staff & Executive Cars),Construction & Real Estate,,Bengaluru,Karnataka,deccaninfraprojects.co.in,29HXDCD9540T1Z8,313459048,,Named,21,USR-209,2022-11-03 05:50:12
ACC-03525,Sahyadri Self Drive Cars,Car Rental & Self-Drive,Automotive Rental,,Bengaluru,Karnataka,sahyadriselfdrivecars.co.in,29WRDPS1951R1ZC,,,,23,USR-211,2025-07-18 15:24:59
ACC-03526,Aadhya Travels LLP,Cab Fleet Operator,Transportation Services,,Mangaluru,Karnataka,aadhyatravels.com,29PIQFA5694L1ZN,,,,23,USR-208,2022-10-30 17:47:17
ACC-03527,Vega Industries Pvt Ltd,Corporate (Staff & Executive Cars),Manufacturing,,Bengaluru,Karnataka,vegaindustries.com,29WFHCV2355T1ZH,796825689,,,26,USR-214,2025-06-29 03:50:24
ACC-03528,Skyline Software Solutions Pvt Ltd,Corporate (Staff & Executive Cars),Information Technology,,bengaluru,Karnataka,skylinesoftwaresolutio.com,29MHJCS4312L1ZB,287468468,,,11,USR-214,2025-11-10 01:22:45
ACC-03529,Shubham Resorts,Hotels & Travel,Hotels,,Bengaluru,Karnataka,shubhamresorts.com,29EGTPS5494M1ZX,,,,25,USR-209,2026-08-26 21:03:04
ACC-03530,Aadhya Fleet Services LLP,Cab Fleet Operator,Transportation Services,,Belagavi,Karnataka,aadhyafleetservices.in,29FGLFA6854U1ZT,,,,12,USR-210,2023-03-16 01:18:21
ACC-03531,Tunga Mobility Services Pvt Ltd,Employee Transport Services,Transportation Services,,Bengaluru,Karnataka,tungamobilityservices.com,29JYWCT9187W1ZO,368083680,,,80,USR-215,2018-12-16 10:51:22
ACC-03532,Police Motor Transport Unit - Vijayapura,Government / PSU,Government,,Bengaluru,Karnataka,,29AYPGP6715W1ZG,,,,32,USR-214,2021-04-30 22:12:36
ACC-03533,Forest Division Office - Raichur,Government / PSU,Government,,Bengaluru,Karnataka,,29WKEGF7348G1ZX,,,,16,USR-206,2021-08-18 17:22:27
ACC-03534,Garuda Taxi Services Pvt Ltd,Cab Fleet Operator,Transportation Services,,Bengaluru,Karnataka,garudataxiservices.in,29NGWCG5468N1ZO,,,,22,USR-216,2018-09-30 15:03:20
ACC-03535,Silicon Car Hire,Car Rental & Self-Drive,Automotive Rental,,Bengaluru,Karnataka,siliconcarhire.com,29EYVPS9114Y1ZH,,,,23,USR-209,2022-03-18 04:01:48
ACC-03536,Sai Krupa Cabs LLP,Cab Fleet Operator,Transportation Services,,Belagavi,Karnataka,saikrupacabs.in,29GLSFS2042T1ZE,,,Named,31,USR-216,2020-10-18 00:34:16
ACC-03537,Urbanline Commute Solutions LLP,Employee Transport Services,,,Mangaluru,Karnataka,urbanlinecommutesoluti.co.in,29SVQFU2188P1ZB,,,,76,USR-209,2021-08-27 03:19:31
ACC-03538,Heritage Cabs Pvt Ltd,Cab Fleet Operator,Transportation Services,,Bengaluru,Karnataka,heritagecabs.co.in,29TKSCH0258X1Z6,229085020,,,69,USR-215,2018-11-04 22:15:40
ACC-03539,Garuda Industries Pvt Ltd,Corporate (Staff & Executive Cars),Manufacturing,,Belagavi,Karnataka,garudaindustries.co.in,29XNXCG8288R1ZI,477075424,,,17,USR-203,2019-04-05 03:40:36
ACC-03540,Sanjeevini Traders Ltd,Corporate (Staff & Executive Cars),,,Bengaluru,Karnataka,sanjeevinitradersltd.in,29XTICS9567R1Z9,652934792,,,19,USR-214,2026-06-13 22:49:24
ACC-03541,Swift Industries LLP,Corporate (Staff & Executive Cars),Manufacturing,,Bengaluru,Karnataka,swiftindustries.co.in,29BVRFS8787F1ZX,255497864,,Named,14,USR-208,2025-01-21 15:05:53
ACC-03542,Krishna Car Hire,Car Rental & Self-Drive,Automotive Rental,,Hubballi,Karnataka,krishnacarhire.co.in,29MEEPK2844C1ZD,164444017,,Key,29,USR-197,2021-08-19 21:36:15
ACC-03543,Bluechip Education Trust,Hospitals & Education,Edu,,Mangaluru,Karnataka,bluechipeducationtrust.co.in,,456214811,,Named,13,USR-211,2021-10-24 02:13:06
ACC-03544,Annapoorna Infra Projects Ltd,Corporate (Staff & Executive Cars),Construction & Real Estate,,Mangaluru,Karnataka,annapoornainfraproject.com,29WNMCA5210U1ZM,543886659,,,15,USR-209,2026-01-27 09:43:13
ACC-03545,Samruddhi Fleet Services,Cab Fleet Operator,Transportation Services,,Bengaluru,Karnataka,samruddhifleetservices.com,,,,,17,USR-202,2023-03-20 05:46:09
ACC-03546,Bharath Fleet Leasing Pvt Ltd,Leasing & Subscription,Banking & Financial Services,,Hubballi,Karnataka,bharathfleetleasing.com,,778887525,,,341,USR-204,2022-06-28 08:11:24
ACC-03547,Samruddhi Car Rentals,Car Rental & Self-Drive,Automotive Rental,,Bengaluru,Karnataka,samruddhicarrentals.co.in,29YNCPS9464O1Z9,,,,36,USR-211,2023-04-21 01:29:56
ACC-03548,Suvarna Tours & Travels Pvt Ltd,Cab Fleet Operator,Transportation Services,,Bengaluru,Karnataka,suvarnatourstravels.co.in,,,,,11,USR-215,2023-01-04 15:57:53
ACC-03549,Lotus Commute Solutions Pvt Ltd,Employee Transport Services,Transportation Services,,Bengaluru,Karnataka,lotuscommutesolutions.in,29LETCL6987Y1ZW,249137827,,Named,141,USR-209,2026-03-26 00:03:43
ACC-03550,Vasudha Auto Leasing Pvt Ltd,Leasing & Subscription,Finance,,Mangaluru,Karnataka,vasudhaautoleasing.com,29EWZCV2624H1ZB,447370811,,,307,USR-207,2024-07-11 18:19:59
ACC-03551,Forest Division Office - Bagalkote,Government / PSU,Government,,Mangaluru,Karnataka,,29YMMGF5287N1Z2,369667559,,,43,USR-206,2026-09-06 20:27:09
ACC-03552,Kaveri Cab Services Pvt Ltd,Cab Fleet Operator,Transportation Services,,Mysuru,Karnataka,kavericabservices.com,29YTTCK0852I1Z9,,,,24,USR-211,2020-05-13 03:14:53
ACC-03553,Garuda Diagnostics,Hospitals & Education,Healthcare,,Bengaluru,Karnataka,garudadiagnostics.co.in,,,,,17,USR-208,2026-08-08 12:29:39
ACC-03554,Metro Tours & Travels Pvt Ltd,Cab Fleet Operator,Transportation Services,,Bengaluru,Karnataka,metrotourstravels.co.in,29GXVCM9349T1ZB,,,,14,USR-209,2020-05-03 21:39:04
ACC-03555,Trishul Pharmaceuticals LLP,Corporate (Staff & Executive Cars),Pharmaceuticals,,Bengaluru,Karnataka,trishulpharmaceuticals.co.in,29RYBFT0585E1ZC,696097189,,,20,USR-214,2019-05-31 07:28:55
ACC-03556,Pragati Employee Transport Solutions LLP,Employee Transport Services,Transportation Services,,Bengaluru,Karnataka,pragatiemployeetranspo.in,29TAMFP9329C1ZC,872320475,,Named,145,USR-214,2021-06-17 05:26:37
ACC-03557,Vasudha Medical Trust Pvt Ltd,Hospitals & Education,Healthcare,,Bengaluru,Karnataka,vasudhamedicaltrust.com,29RXJCV0337U1ZN,,,,8,USR-216,2020-06-30 22:11:44
ACC-03558,Unity Institute of Technology Pvt Ltd,Hospitals & Education,Education,,Bengaluru,Karnataka,unityinstituteoftechno.in,29ENOCU4986I1ZH,,,,5,USR-210,2019-12-07 01:41:51
ACC-03559,District Collectorate - Chikkaballapur,Government / PSU,Government,,Bengaluru,Karnataka,,29BOZGD3337J1ZV,,,Named,14,USR-206,2025-10-05 15:30:02
ACC-03560,Deccan Multispeciality Hospital,Hospitals & Education,Healthcare,,Bengaluru,Karnataka,deccanmultispecialityh.in,29ERXTD3411W1ZG,,,,7,USR-202,2026-03-06 02:45:48
ACC-03561,Annapoorna Cabs,Cab Fleet Operator,Transportation Services,,Bengaluru,Karnataka,annapoornacabs.com,29JTIPA7132I1ZF,141207849,,,25,USR-208,2021-09-08 10:29:42
ACC-03562,Shubham Cabs Pvt Ltd,Cab Fleet Operator,Transportation Services,,Bengaluru,Karnataka,shubhamcabs.in,29RXFCS5456Y1Z8,,,,52,USR-206,2026-08-01 18:02:20
ACC-03563,Metro Rent-a-Car Pvt Ltd,Car Rental & Self-Drive,Automotive Rental,,Hubballi,Karnataka,metrorentacar.co.in,29PWGCM3805G1ZT,,,Named,185,USR-208,2019-09-11 20:12:59
ACC-03564,Samruddhi Diagnostics Pvt Ltd,Hospitals & Education,Healthcare,,Shivamogga,Karnataka,samruddhidiagnostics.co.in,29RZWCS2797E1ZM,664707054,,,4,USR-216,2026-07-03 10:41:31
ACC-03565,Skyline Healthcare Products Pvt Ltd,Corporate (Staff & Executive Cars),Pharmaceuticals,,Bengaluru,Karnataka,skylinehealthcareprodu.co.in,29ZDWCS2070R1ZE,,,,32,USR-211,2023-02-08 05:42:42
ACC-03566,Pinnacle Cab Services Pvt Ltd,Cab Fleet Operator,Transportation Services,,Bengaluru,Karnataka,pinnaclecabservices.in,,,,,17,USR-204,2025-08-16 07:11:42
ACC-03567,Vega Institute of Technology,Hospitals & Education,Education,,Bangalore,Karnataka,vegainstituteoftechnol.in,29EFJTV8806I1ZC,,,,16,USR-204,2025-01-18 10:56:24
ACC-03568,Krishna Engineering Works Pvt Ltd,Corporate (Staff & Executive Cars),Manufacturing,,Hubballi,Karnataka,krishnaengineeringwork.in,29CPXCK9749Q1ZX,673593898,,,32,USR-204,2026-07-07 01:58:29
ACC-03569,Sharavathi Life Sciences Ltd,Corporate (Staff & Executive Cars),,,Bengaluru,Karnataka,sharavathilifesciences.com,29NGBCS9431A1ZT,,,,14,USR-206,2024-06-17 01:22:07
ACC-03570,Tulasi Finance LLP,Corporate (Staff & Executive Cars),Banking & Financial Services,,Mysuru,Karnataka,tulasifinance.co.in,29MYMFT1485I1ZW,240137974,,,18,USR-216,2022-10-14 02:21:28
ACC-03571,Chandra Commute Solutions Pvt Ltd,Employee Transport Services,Transportation,,Bengaluru,Karnataka,chandracommutesolution.in,29BGNCC8749G1ZM,510852187,,,173,USR-203,2019-04-14 15:00:58
ACC-03572,City Municipal Office - Tumakuru,Government / PSU,Government,,Mangaluru,Karnataka,,29IBCGC7933S1ZB,,,,36,USR-211,2019-12-30 17:43:03
ACC-03573,Skyline Commute Solutions Pvt Ltd,Employee Transport Services,Transportation Services,,Hubballi,Karnataka,skylinecommutesolution.co.in,29KGTCS5929F1Z1,675834527,,,154,USR-202,2022-06-18 19:28:16
ACC-03574,Kadamba Car Hire Pvt Ltd,Car Rental & Self-Drive,Automotive Rental,,Bengaluru,Karnataka,kadambacarhire.com,29YUSCK6630I1Z4,,,,10,USR-202,2021-06-15 18:35:59
ACC-03575,Shubham Mobility Services LLP,Employee Transport Services,Transportation Services,,Mangalore,Karnataka,shubhammobilityservice.com,29VAJFS5830C1ZK,,,,434,USR-204,2025-12-25 05:39:48
ACC-03576,Malnad Taxi Services Pvt Ltd,Cab Fleet Operator,Transportation,,Bengaluru,Karnataka,malnadtaxiservices.in,29MBECM9310Z1ZY,,,,39,USR-207,2021-09-24 02:44:23
ACC-03577,Silicon Hospitality Services LLP,Hotels & Travel,Hospitality,,Bengaluru,Karnataka,siliconhospitalityserv.in,29LCAFS7439O1Z1,813862390,,,14,USR-202,2022-11-02 01:31:25
ACC-03578,Akshaya Supermarts Pvt Ltd,Corporate (Staff & Executive Cars),Retail,,Hubballi,Karnataka,akshayasupermarts.co.in,29DIQCA5412B1ZA,,,,9,USR-201,2021-09-05 18:29:16
ACC-03579,Ujwal Developers LLP,Corporate (Staff & Executive Cars),Construction & Real Estate,,Mysuru,Karnataka,ujwaldevelopers.co.in,,406770968,,,13,USR-204,2026-06-19 14:56:11
ACC-03580,Galaxy Rent-a-Car Pvt Ltd,Car Rental & Self-Drive,Automotive Rental,,Bengaluru,Karnataka,galaxyrentacar.in,29ZFLCG5629D1ZF,,,,16,USR-213,2020-09-24 19:44:34
ACC-03581,Annapoorna Constructions Pvt Ltd,Corporate (Staff & Executive Cars),Construction & Real Estate,,Bengaluru,Karnataka,annapoornaconstruction.com,29ONACA7399R1ZI,829972411,,,11,USR-205,2021-12-21 03:27:09
ACC-03582,Sterling Fleet Services Pvt Ltd,Cab Fleet Operator,Transportation Services,,Mysuru,Karnataka,sterlingfleetservices.com,29XNPCS7208W1ZM,,,,17,USR-202,2025-12-10 19:59:42
ACC-03583,Horizon Hotels & Resorts Pvt Ltd,Hotels & Travel,Hospitality,,Davanagere,Karnataka,horizonhotelsresorts.co.in,29WIQCH4774K1ZM,118512613,,,20,USR-202,2025-03-28 11:51:49
ACC-03584,Swift Credit Services Pvt Ltd,Corporate (Staff & Executive Cars),BFSI,,Bengaluru,Karnataka,swiftcreditservices.in,29ZWNCS2577A1Z7,,,,12,USR-202,2018-12-05 22:47:06
ACC-03585,Metro Mobility Services Pvt Ltd,Employee Transport Services,Transportation Services,,Bengaluru,Karnataka,metromobilityservices.co.in,29ZGACM4306I1ZJ,,,,121,USR-216,2026-06-02 20:04:37
ACC-03586,Karavali Hospitality Services LLP,Hotels & Travel,Hospitality,,Hubballi,Karnataka,karavalihospitalityser.in,29FKGFK4556O1ZW,,,,65,USR-208,2021-10-29 10:08:53
ACC-03587,Sharada Cabs Pvt Ltd,Cab Fleet Operator,Transportation Services,,Bengaluru,Karnataka,sharadacabs.com,29AFNCS7709V1ZO,,,,25,USR-204,2019-05-26 20:34:55
ACC-03588,Sharavathi Cabs,Cab Fleet Operator,Transportation Services,,Bengaluru,Karnataka,sharavathicabs.co.in,29HGWPS1408G1ZQ,,,,34,USR-204,2025-08-13 01:44:04
ACC-03589,Airavata Software Solutions Ltd,Corporate (Staff & Executive Cars),Information Technology,,Bengaluru,Karnataka,airavatasoftwaresoluti.co.in,29FTPCA3269P1ZJ,634986136,,,23,USR-214,2025-01-31 03:03:08
ACC-03590,Nandi Cab Services,Cab Fleet Operator,Transportation Services,,Bengaluru,Karnataka,nandicabservices.in,29EQJPN0194P1ZY,,,Named,9,USR-212,2020-11-12 15:11:22
ACC-03591,Sharavathi Life Sciences Pvt Ltd,Corporate (Staff & Executive Cars),Pharmaceuticals,,Bengaluru,Karnataka,sharavathilifesciences.co.in,29RDNCS8228M1ZT,342569438,,,15,USR-211,2025-08-13 11:33:51
ACC-03592,Malnad Fleet Services Pvt Ltd,Cab Fleet Operator,Transportation Services,,Bengaluru,Karnataka,malnadfleetservices.com,29EHCCM5002X1ZB,,,,22,USR-209,2022-12-25 11:19:40
ACC-03593,Yashas Taxi Services Pvt Ltd,Cab Fleet Operator,Transportation Services,,Bengaluru,Karnataka,yashastaxiservices.in,29OZECY0615O1Z3,,,,8,USR-214,2026-01-10 08:28:22
ACC-03594,Hoysala Leasing Pvt Ltd,Leasing & Subscription,Banking & Financial Services,,Mangaluru,Karnataka,hoysalaleasing.com,29KNOCH5364J1ZW,948840138,,,636,USR-208,2020-02-01 03:16:12
ACC-03595,Sai Krupa Retail Pvt Ltd,Corporate (Staff & Executive Cars),Retail,,Bengaluru,Karnataka,saikruparetail.co.in,,154178123,,,8,USR-203,2023-10-14 03:59:38
ACC-03596,Vinayaka Travels Pvt Ltd,Cab Fleet Operator,Transportation Services,,Bengaluru,Karnataka,vinayakatravels.co.in,29ZTYCV8117W1ZU,,,,49,USR-208,2022-07-25 00:40:04
ACC-03597,Urbanline Car Hire Pvt Ltd,Car Rental & Self-Drive,Automotive Rental,,Shivamogga,Karnataka,urbanlinecarhire.in,,,,,130,USR-216,2023-06-08 15:11:03
ACC-03598,Krishna Infotech Pvt Ltd,Corporate (Staff & Executive Cars),Information Technology,,Bengaluru,Karnataka,krishnainfotech.in,29SBGCK4154T1Z4,669139465,,,26,USR-208,2019-04-07 13:58:39
ACC-03599,Karavali Holidays Pvt Ltd,Hotels & Travel,Hospitality,,Mysore,Karnataka,karavaliholidays.co.in,29STDCK3807B1Z9,,,,15,USR-204,2024-11-18 22:26:45
ACC-03600,Amrutha Employee Transport Solutions Pvt Ltd,Employee Transport Services,,,Bengaluru,Karnataka,amruthaemployeetranspo.co.in,29QMMCA4684Z1Z0,345912899,,,83,USR-209,2025-03-30 03:33:11
ACC-03601,Surya Medical Trust Pvt Ltd,Hospitals & Education,Health Care,,Bengaluru,Karnataka,suryamedicaltrust.com,29EZVCS9967T1ZV,219357909,,,3,USR-201,2021-10-01 04:03:47
ACC-03602,Namma Auto Leasing Pvt Ltd,Leasing & Subscription,Banking & Financial Services,,Bengaluru,Karnataka,nammaautoleasing.co.in,29XGFCN0030P1ZC,706955993,,,186,USR-209,2020-08-14 05:00:31
ACC-03603,Elite Tours & Travels,Cab Fleet Operator,Transportation Services,,Bengaluru,Karnataka,elitetourstravels.com,29VSPPE1016S12N,,,,15,USR-204,2019-05-15 23:15:42
ACC-03604,Amrutha Holidays LLP,Hotels & Travel,Hospitality,,Bengaluru,Karnataka,amruthaholidays.in,29TQBFA9815G1ZY,,,,19,USR-202,2021-05-19 19:58:30
ACC-03605,Metro Education Trust Pvt Ltd,Hospitals & Education,Education,,BLR,Karnataka,metroeducationtrust.com,29RUECM6497Z1Z8,662621289,,Key,5,USR-198,2020-10-22 01:09:01
ACC-03606,Garuda Cab Services Pvt Ltd,Cab Fleet Operator,Transportation Services,,Bengaluru,Karnataka,garudacabservices.com,,,,,20,USR-211,2026-07-03 16:26:48
ACC-03607,Evergreen Polymers LLP,Corporate (Staff & Executive Cars),Manufacturing,,Bengaluru,Karnataka,evergreenpolymers.com,29QOMFE3922A1ZE,696657621,,,9,USR-202,2026-03-19 07:04:38
ACC-03608,Nandi Fleet Services,Cab Fleet Operator,Transportation Services,,Bengaluru,Karnataka,nandifleetservices.in,29CIDPN1107U1ZP,,,,58,USR-202,2024-03-20 00:24:36
ACC-03609,Suvarna Pharmaceuticals Pvt Ltd,Corporate (Staff & Executive Cars),Pharmaceuticals,,Bengaluru,Karnataka,suvarnapharmaceuticals.co.in,29JGRCS4444Z1Z7,313878878,,,18,USR-214,2021-03-17 14:56:35
ACC-03610,Nandi Car Rentals Pvt Ltd,Car Rental & Self-Drive,Automotive Rental,,Bengaluru,Karnataka,nandicarrentals.co.in,29NQDCN9585C1ZS,,,Named,6,USR-216,2023-05-30 16:02:57
ACC-03611,Vinayaka Healthcare Products Pvt Ltd,Corporate (Staff & Executive Cars),Pharmaceuticals,,Mysuru,Karnataka,vinayakahealthcareprod.co.in,29PDNCV7585X1ZW,960654170,,Named,12,USR-209,2024-12-10 17:25:47
ACC-03612,Zenith Infotech LLP,Corporate (Staff & Executive Cars),Information Technology,,BLR,Karnataka,zenithinfotech.in,29JXFFZ8906X1Z4,145432400,,,14,USR-208,2025-07-19 15:48:53
ACC-03613,Evergreen Hospital Pvt Ltd,Hospitals & Education,Healthcare,,Bengaluru,Karnataka,evergreenhospital.com,29AAOCE5221P1Z0,,,,4,USR-216,2022-07-06 07:21:24
ACC-03614,Maruthi Nagar Commute Solutions Pvt Ltd,Employee Transport Services,Transportation Services,,Bengaluru,Karnataka,maruthinagarcommutesol.in,29LDBCM8115C1Z8,,,Named,57,USR-206,2026-03-23 16:12:12
ACC-03615,Airavata Healthcare Products Pvt Ltd,Corporate (Staff & Executive Cars),Pharmaceuticals,,Bengaluru,Karnataka,airavatahealthcareprod.com,29HHNCA9442E1ZS,226173136,,,9,USR-209,2026-04-25 12:11:41
ACC-03616,Shree Balaji Traders Pvt Ltd,Corporate (Staff & Executive Cars),Retail,,Bengaluru,Karnataka,shreebalajitraders.com,,286538159,,,11,USR-201,2019-01-26 03:56:09
ACC-03617,Sri Lakshmi Travels LLP,Cab Fleet Operator,Transport,,Bengaluru,Karnataka,srilakshmitravels.com,29KLAFS7812S1ZI,,,,31,USR-202,2022-03-01 09:03:37
ACC-03618,Sharavathi Hospitality Services,Hotels & Travel,Hospitality,,Bengaluru,Karnataka,sharavathihospitalitys.in,29ZKNPS9840B1ZY,,,,5,USR-206,2025-04-03 05:20:58
ACC-03619,Urbanline Employee Transport Solutions Pvt Ltd,Employee Transport Services,Transportation Services,,Hubli,Karnataka,urbanlineemployeetrans.in,29OJJCU7564X1ZU,,,Named,312,USR-209,2023-02-03 14:33:26
ACC-03620,Shree Balaji Car Rentals Pvt Ltd,Car Rental & Self-Drive,Automotive Rental,,Bengaluru,Karnataka,shreebalajicarrentals.co.in,29YMECS1374K1ZN,,,,85,USR-202,2023-06-09 16:26:20
ACC-03621,Anugraha Precision Components Pvt Ltd,Corporate (Staff & Executive Cars),Manufacturing,,Davangere,Karnataka,anugrahaprecisioncompo.co.in,29VVTCA3178A1ZQ,399109285,,,29,USR-202,2025-01-09 00:06:51
ACC-03622,Heritage Mobility Services Pvt Ltd,Employee Transport Services,Transportation Services,,Bengaluru,Karnataka,heritagemobilityservic.com,29YCJCH8314R1ZY,722784491,,,36,USR-204,2021-09-14 20:14:47
ACC-03623,Kaveri Hospital,Hospitals & Education,Healthcare,,Bengaluru,Karnataka,kaverihospital.in,29eletk7543f1zm,685107410,,,12,USR-216,2022-11-16 03:59:50
ACC-03624,Metro Infotech Pvt Ltd,Corporate (Staff & Executive Cars),Information Technology,,Hubballi,Karnataka,metroinfotech.com,29UJRCM2047W1Z6,107246084,,,10,USR-206,2020-08-27 14:58:07
ACC-03625,Vasudha Retail Pvt Ltd,Corporate (Staff & Executive Cars),Retail,,Mysuru,Karnataka,vasudharetail.in,29KUXCV1373G1Z9,,,Named,26,USR-210,2018-12-15 16:38:05
ACC-03626,Hoysala Technologies Pvt Ltd,Corporate (Staff & Executive Cars),IT Services,,Mangaluru,Karnataka,hoysalatechnologies.com,,266276741,,,9,USR-216,2024-08-17 22:31:04
ACC-03627,Pragati Builders Pvt Ltd,Corporate (Staff & Executive Cars),Construction & Real Estate,,Bengaluru,Karnataka,pragatibuilders.co.in,29HHQCP7468H1ZY,290414945,,,17,USR-206,2024-02-27 03:14:35
ACC-03628,Garuda Finance Pvt Ltd,Corporate (Staff & Executive Cars),Banking & Financial Services,,Tumakuru,Karnataka,garudafinance.co.in,29XZUCG0695P1ZE,833570806,,,72,USR-203,2022-06-17 00:38:40
ACC-03629,Orbit Taxi Services LLP,Cab Fleet Operator,Transportation Services,,Belagavi,Karnataka,orbittaxiservices.com,29EVPFO3489H1Z7,,,,19,USR-209,2022-01-07 02:47:05
ACC-03630,District Health Office - Mysuru,Government / PSU,Government,,bengaluru,Karnataka,,29EHTGD0103Q1ZH,,,,7,USR-206,2019-04-08 03:57:56
ACC-03631,Srinidhi Tours & Travels Pvt Ltd,Cab Fleet Operator,Transportation Services,,Bengaluru,Karnataka,srinidhitourstravels.com,29PTHCS0455L1ZH,,,,17,USR-214,2026-03-24 16:14:56
ACC-03632,Pragati Infotech Pvt Ltd,Corporate (Staff & Executive Cars),Information Technology,,Bengaluru,Karnataka,pragatiinfotech.com,29AEOCP2052Y1Z0,704310169,,,4,USR-216,2021-10-24 12:12:38
ACC-03633,Malnad Traders Pvt Ltd,Corporate (Staff & Executive Cars),Retail,,Bengaluru,Karnataka,malnadtraders.com,29PZQCM8920A1ZF,,,Named,41,USR-216,2026-04-06 06:24:37
ACC-03634,District Health Office - Ballari,Government / PSU,Government,,Udupi,Karnataka,,29OPUGD2346O1ZC,,,,93,USR-208,2019-11-13 16:51:10
ACC-03635,Navya Corporate Mobility LLP,Employee Transport Services,Transportation Services,,Mangaluru,Karnataka,navyacorporatemobility.co.in,29GDZFN4120M1Z8,,,,211,USR-210,2021-02-21 05:21:12
ACC-03636,Yashas Commute Solutions LLP,Employee Transport Services,Transportation Services,,Bengaluru,Karnataka,yashascommutesolutions.co.in,29PYOFY9256B1ZS,114294801,,Named,134,USR-208,2020-12-11 22:30:36
ACC-03637,Chaitanya Cabs Pvt Ltd,Cab Fleet Operator,Transportation Services,,BLR,Karnataka,chaitanyacabs.co.in,29BMBCC4315X1Z8,,,,7,USR-211,2025-07-03 16:49:25
ACC-03638,Annapoorna Taxi Services LLP,Cab Fleet Operator,Transportation,,Bengaluru,Karnataka,annapoornataxiservices.com,29APCFA1804N1ZM,,,,6,USR-206,2026-03-03 17:31:44
ACC-03639,Garden City Cab Services Pvt Ltd,Cab Fleet Operator,Transport,,Bengaluru,Karnataka,gardencitycabservices.in,29LFWCG7782L1ZR,,,,17,USR-208,2020-04-06 07:04:51
ACC-03640,Pragati Traders Ltd,Corporate (Staff & Executive Cars),Retail,,Shivamogga,Karnataka,pragatitradersltd.com,29KLOCP4424M1ZV,,,,15,USR-202,2021-07-29 23:49:01
ACC-03641,Skyline Cab Services,Cab Fleet Operator,Transportation Services,,Bengaluru,Karnataka,skylinecabservices.com,29WPIPS7893L1Z2,,,,18,USR-204,2022-03-10 15:51:45
ACC-03642,Sharada Rent-a-Car,Car Rental & Self-Drive,Automotive Rental,,Bengaluru,Karnataka,sharadarentacar.in,29ATOPS2424J1Z5,,,,12,USR-204,2026-08-10 20:40:17
ACC-03643,Metro Institute of Technology,Hospitals & Education,Education,,Bengaluru,Karnataka,metroinstituteoftechno.in,29EXNTM8903C1ZV,,,,15,USR-206,2025-01-26 00:47:15
ACC-03644,Unity Cab Services,Cab Fleet Operator,Transportation Services,,Bengaluru,Karnataka,unitycabservices.com,29ZZYPU7055J1ZF,,,,46,USR-204,2025-02-26 21:37:16
ACC-03645,Garuda Taxi Services,Cab Fleet Operator,Transportation Services,,Bengaluru,Karnataka,garudataxiservices.in,29SNGPG1971J1Z9,,,,17,USR-211,2026-09-17 03:20:53
ACC-03646,Deccan Staff Transport Services Ltd,Employee Transport Services,Transportation Services,,Bengaluru,Karnataka,deccanstafftransportse.in,29MQZCD0562E1Z2,302325477,,,106,USR-215,2024-09-15 00:26:12
ACC-03647,Omkar Hospital Pvt Ltd,Hospitals & Education,Healthcare,,bengaluru,Karnataka,omkarhospital.co.in,29RZJCO8539Y1ZY,,,,13,USR-214,2023-07-01 21:11:06
ACC-03648,Greenline Fleet Services,Cab Fleet Operator,Transportation Services,,Bengaluru ,Karnataka,greenlinefleetservices.co.in,29SPFPG7551H1Z7,,,Named,81,USR-214,2023-01-16 21:31:21
ACC-03649,Kadamba Taxi Services Pvt Ltd,Cab Fleet Operator,Transportation Services,,Bengaluru,Karnataka,kadambataxiservices.com,29MFICK9688R1ZF,,,,94,USR-211,2025-12-22 11:48:58
ACC-03650,Sri Lakshmi Polymers Pvt Ltd,Corporate (Staff & Executive Cars),Manufacturing,,Mysuru,Karnataka,srilakshmipolymers.com,29ROMCS7471Q1ZW,162863818,,,8,USR-206,2025-11-08 20:24:45
ACC-03651,Sunrise Cab Services Pvt Ltd,Cab Fleet Operator,Transportation Services,,Bengaluru,Karnataka,sunrisecabservices.com,29BIVCS2872U1ZC,838647142,,,46,USR-216,2026-04-03 22:43:50
ACC-03652,Silicon Taxi Services,Cab Fleet Operator,Transportation Services,,Bengaluru,Karnataka,silicontaxiservices.co.in,29ROJPS8468R1ZZ,,,,95,USR-209,2022-11-02 01:57:36
ACC-03653,Garden City Staff Transport Services Pvt Ltd,Employee Transport Services,Transportation Services,,Bengaluru,Karnataka,gardencitystafftranspo.in,29HHLCG9989V1Z5,,,,120,USR-211,2020-02-27 05:13:00
ACC-03654,Crescent Employee Transport Solutions LLP,Employee Transport Services,Transportation Services,,Belagavi,Karnataka,crescentemployeetransp.in,29IKVFC6143E1ZC,,,,102,USR-202,2025-02-07 15:10:27
ACC-03655,Vishwa Technologies Ltd,Corporate (Staff & Executive Cars),Information Technology,,Tumkur,Karnataka,vishwatechnologiesltd.co.in,29XVWCV8180A1ZW,734845295,,,4,USR-211,2019-02-14 21:05:42
ACC-03656,Zilla Panchayat - Kodagu,Government / PSU,Government,,Udupi,Karnataka,,,,,Named,64,USR-204,2021-06-12 03:30:43
ACC-03657,City Municipal Office - Udupi,Government / PSU,Government,,Mysuru,Karnataka,,29SMSGC0714W1Z9,,,,16,USR-202,2026-04-15 22:10:21
ACC-03658,Vishwa Digital Systems Pvt Ltd,Corporate (Staff & Executive Cars),Information Technology,,Bengaluru,Karnataka,vishwadigitalsystems.com,29ZBUCV6406A1ZC,,,Named,12,USR-216,2022-12-23 00:29:19
ACC-03659,Surya Software Solutions Pvt Ltd,Corporate (Staff & Executive Cars),Information Technology,,Bengaluru,Karnataka,suryasoftwaresolutions.co.in,29YMCCS0014F1ZH,707268879,,,17,USR-209,2025-11-21 16:29:36
ACC-03660,Orbit Staff Transport Services Pvt Ltd,Employee Transport Services,Transportation Services,,Mysuru,Karnataka,orbitstafftransportser.in,29YNICO0809F1Z2,955259096,,,411,USR-202,2025-11-15 07:28:54
ACC-03661,Brindavan Constructions Pvt Ltd,Corporate (Staff & Executive Cars),Construction & Real Estate,,Tumakuru,Karnataka,brindavanconstructions.co.in,29JZKCB2307V1ZA,,,,14,USR-202,2024-12-15 01:06:32
ACC-03662,Vishwa Constructions Pvt Ltd,Corporate (Staff & Executive Cars),Construction & Real Estate,,Udupi,Karnataka,vishwaconstructions.co.in,29WZKCV2616E1Z8,627074849,,,19,USR-213,2019-05-31 13:51:06
ACC-03663,Bluechip Software Solutions Pvt Ltd,Corporate (Staff & Executive Cars),Information Technology,,Shivamogga,Karnataka,bluechipsoftwaresoluti.co.in,29QXHCB6108V1Z3,378855927,,Named,51,USR-209,2025-03-04 11:10:16
ACC-03664,Kadamba Precision Components LLP,Corporate (Staff & Executive Cars),Manufacturing,,Bengaluru,Karnataka,kadambaprecisioncompon.in,29VWZFK4997H1ZB,564466037,,,35,USR-204,2019-08-12 16:12:19
ACC-03665,Trishul Mobility Services LLP,Employee Transport Services,Transportation Services,,Tumakuru,Karnataka,trishulmobilityservice.com,29XNBFT5690Y1ZF,728229893,,,71,USR-209,2021-04-07 22:05:14
ACC-03666,Orbit Medical Trust Pvt Ltd,Hospitals & Education,Healthcare,,Mysuru,Karnataka,orbitmedicaltrust.in,29AQBCO9547T1ZD,,,Named,6,USR-215,2024-12-03 07:12:27
ACC-03667,Yashas Car Hire,Car Rental & Self-Drive,Automotive Rental,,Belagavi,Karnataka,yashascarhire.in,29USZPY4174R1ZF,204527671,,,18,USR-210,2020-08-15 00:41:21
ACC-03668,Shree Balaji Infotech Pvt Ltd,Corporate (Staff & Executive Cars),Information Technology,,Bengaluru,Karnataka,shreebalajiinfotech.com,29JNFCS6183T1Z8,,,,8,USR-213,2021-03-30 14:52:13
ACC-03669,Garden City College Pvt Ltd,Hospitals & Education,Education,,Bengaluru,Karnataka,gardencitycollege.in,29YIFCG2273E1ZJ,,,,7,USR-214,2026-01-28 19:14:34
ACC-03670,Sterling Car Rentals Pvt Ltd,Car Rental & Self-Drive,Automotive Rental,,Bengaluru,Karnataka,sterlingcarrentals.co.in,29DYUCS2609B1ZR,,,,53,USR-216,2025-09-12 11:38:37
ACC-03671,Hampi Car Hire LLP,Car Rental & Self-Drive,Automotive Rental,,Bangalore,Karnataka,hampicarhire.in,29DQUFH9323Q1Z8,,,Named,34,USR-208,2023-06-01 08:21:01
ACC-03672,Evergreen Fleet Services LLP,Cab Fleet Operator,Transportation,,Bengaluru,Karnataka,evergreenfleetservices.in,29PTVFE8586U1Z5,,,Key,77,USR-198,2020-10-16 12:23:43
ACC-03673,Chaitanya Car Subscription Services Ltd,Leasing & Subscription,Banking & Financial Services,,Bengaluru,Karnataka,chaitanyacarsubscripti.com,29ZEDCC1546A1Z7,464585231,,,116,USR-207,2022-06-06 05:12:27
ACC-03674,Vasudha Taxi Services,Cab Fleet Operator,Transportation Services,,Mysore,Karnataka,vasudhataxiservices.com,29SYAPV1410I1ZY,,,,13,USR-205,2018-11-25 13:44:52
ACC-03675,Sharada Corporate Mobility Ltd,Employee Transport Services,Transportation Services,,Mysuru,Karnataka,sharadacorporatemobili.co.in,,,,,72,USR-209,2021-01-28 09:50:24
ACC-03676,Amrutha Precision Components Pvt Ltd,Corporate (Staff & Executive Cars),Manufacturing,,Bengaluru,Karnataka,amruthaprecisioncompon.com,29YWZCA7856C1Z2,831788652,,,13,USR-214,2024-08-24 18:39:14
ACC-03677,Ujwal Self Drive Cars LLP,Car Rental & Self-Drive,Automotive Rental,,Belgaum,Karnataka,ujwalselfdrivecars.in,29QVGFU7676O1ZE,,,,29,USR-205,2020-05-17 05:39:11
ACC-03678,Sri Ganesh Medical Trust,Hospitals & Education,Healthcare,,Mysuru,Karnataka,sriganeshmedicaltrust.in,29HYNTS1881F1ZF,,,,4,USR-208,2019-03-03 02:28:27
ACC-03679,Anugraha Diagnostics,Hospitals & Education,Healthcare,,Tumakuru,Karnataka,anugrahadiagnostics.in,29YGOTA1997C1ZD,,,,7,USR-206,2024-11-23 20:02:16
ACC-03680,Vinayaka Developers Pvt Ltd,Corporate (Staff & Executive Cars),Construction & Real Estate,,Davanagere,Karnataka,vinayakadevelopers.com,29VYFCV6026F1ZA,623669536,,,5,USR-206,2019-02-19 05:03:03
ACC-03681,Hoysala Car Rentals,Car Rental & Self-Drive,Car Rental,,Davanagere,Karnataka,hoysalacarrentals.com,29QRVPH1985W1ZR,,,,32,USR-201,2019-11-11 03:35:12
ACC-03682,Navya Cabs,Cab Fleet Operator,Transportation,,Tumakuru,Karnataka,navyacabs.co.in,29IKPPN4358I1Z8,,,Named,68,USR-214,2020-01-22 19:15:47
ACC-03683,Vasudha Diagnostics Pvt Ltd,Hospitals & Education,,,Bengaluru,Karnataka,vasudhadiagnostics.in,29VOGCV7258E1ZJ,,,,4,USR-214,2022-03-29 01:02:39
ACC-03684,Maruthi Nagar Car Hire,Car Rental & Self-Drive,Automotive Rental,,Bengaluru,Karnataka,maruthinagarcarhire.in,29FSPPM2967L1ZN,,,Named,36,USR-216,2020-04-23 06:47:15
ACC-03685,Sunrise Commute Solutions Pvt Ltd,Employee Transport Services,Transportation Services,,Bengaluru,Karnataka,sunrisecommutesolution.co.in,,861432806,,,153,USR-201,2020-11-03 01:01:49
ACC-03686,Zenith Cab Services,Cab Fleet Operator,Transportation Services,,Bengaluru,Karnataka,zenithcabservices.in,29RAXPZ3208D1ZO,,,,36,USR-202,2025-07-21 03:41:17
ACC-03687,Tunga Traders Pvt Ltd,Corporate (Staff & Executive Cars),Retail,,Hubballi,Karnataka,tungatraders.com,29NHACT4387V1ZF,948757693,,,7,USR-216,2021-01-10 18:45:13
ACC-03688,Bluechip Staff Transport Services Ltd,Employee Transport Services,Transportation Services,,Belagavi,Karnataka,bluechipstafftransport.com,29PSDCB7984Z1ZO,,,,123,USR-214,2021-02-08 04:25:58
ACC-03689,Vijaya Taxi Services,Cab Fleet Operator,Transportation Services,,Hubballi,Karnataka,vijayataxiservices.com,29MVNPV5424C1ZW,,,,19,USR-206,2021-09-24 17:46:18
ACC-03690,Garden City Cab Services,Cab Fleet Operator,Transportation Services,,Udupi,Karnataka,gardencitycabservices.co.in,29GYPPG6973G1ZL,,,,17,USR-208,2025-10-09 07:47:06
ACC-03691,District Collectorate - Haveri,Government / PSU,Government,,Bengaluru,Karnataka,,,,,,70,USR-211,2026-05-08 18:03:54
ACC-03692,Airavata Auto Leasing Pvt Ltd,Leasing & Subscription,Banking & Financial Services,,Bengaluru,Karnataka,airavataautoleasing.com,29ZPTCA3780C1ZU,818466724,,,326,USR-208,2019-02-01 15:49:57
ACC-03693,Bluechip Life Sciences Pvt Ltd,Corporate (Staff & Executive Cars),Pharmaceuticals,,Bengaluru,Karnataka,bluechiplifesciences.com,29RWCCB1708D1ZE,,,,23,USR-211,2020-05-12 13:09:57
ACC-03694,Galaxy Technologies Pvt Ltd,Corporate (Staff & Executive Cars),Information Technology,,bengaluru,Karnataka,galaxytechnologies.com,29RDICG9448I1ZA,110566625,,,18,USR-214,2023-10-22 04:18:59
ACC-03695,Samruddhi Supermarts LLP,Corporate (Staff & Executive Cars),Retail,,Belagavi,Karnataka,samruddhisupermarts.com,29QBMFS1004A1Z6,365459665,,,10,USR-208,2026-06-25 23:42:47
ACC-03696,Greenline Diagnostics,Hospitals & Education,Healthcare,,Bengaluru,Karnataka,greenlinediagnostics.in,29EULTG4430N1ZW,,,Named,14,USR-202,2021-02-18 20:53:13
ACC-03697,Elite Staff Transport Services LLP,Employee Transport Services,Transportation Services,,Bengaluru,Karnataka,elitestafftransportser.co.in,29RJYFE8887E1ZD,954751568,,,146,USR-208,2020-12-28 08:16:06
ACC-03698,Lotus Industries Ltd,Corporate (Staff & Executive Cars),Manufacturing,,Tumakuru,Karnataka,lotusindustriesltd.in,29SGVCL6393Z1ZP,788552653,,,11,USR-215,2023-03-11 02:58:51
ACC-03699,Chamundi Digital Systems Pvt Ltd,Corporate (Staff & Executive Cars),Information Technology,,Mysuru,Karnataka,chamundidigitalsystems.com,29GCECC5872A1ZG,,,,10,USR-209,2024-08-15 14:49:29
ACC-03700,Sahyadri Life Sciences Pvt Ltd,Corporate (Staff & Executive Cars),Pharmaceuticals,,Mysuru,Karnataka,sahyadrilifesciences.com,29GDICS0174S1Z8,,,,22,USR-202,2018-11-11 00:32:18
ACC-03701,Police Motor Transport Unit - Ramanagara,Government / PSU,Government,,Mysuru,Karnataka,,29YIVGP9882W1Z0,,,Key,49,USR-200,2021-11-05 00:05:27
ACC-03702,Trishul Credit Services Pvt Ltd,Corporate (Staff & Executive Cars),Banking & Financial Services,,Mangaluru,Karnataka,trishulcreditservices.com,29RIPCT7055B1Z3,753228390,,,16,USR-216,2025-05-23 20:39:51
ACC-03703,Sahyadri Rent-a-Car,Car Rental & Self-Drive,Automotive Rental,,Bengaluru,Karnataka,sahyadrirentacar.in,29QORPS4283H1ZO,,,Key,35,USR-198,2025-10-24 17:49:20
ACC-03704,Royal Commute Solutions Ltd,Employee Transport Services,Transportation Services,,Mangaluru,Karnataka,royalcommutesolutionsl.com,29IHHCR1623W1ZW,,,Named,76,USR-201,2021-11-22 19:32:19
ACC-03705,Greenline Infra Projects Pvt Ltd,Corporate (Staff & Executive Cars),Construction & Real Estate,,Bengaluru,Karnataka,greenlineinfraprojects.co.in,29YZKCG3898G1ZV,446931775,,Named,7,USR-210,2020-11-25 23:26:01
ACC-03706,Omkar Employee Transport Solutions LLP,Employee Transport Services,Transportation Services,,Bengaluru,Karnataka,omkaremployeetransport.co.in,29YWXFO2764D1ZT,,,,101,USR-201,2021-07-13 11:04:23
ACC-03707,Sanjeevini Finance Pvt Ltd,Corporate (Staff & Executive Cars),Banking & Financial Services,,Bengaluru,Karnataka,sanjeevinifinance.co.in,29HAMCS5090A1Z1,394935357,,,4,USR-209,2024-10-30 23:07:26
ACC-03708,Sterling Public School,Hospitals & Education,Education,,Belagavi,Karnataka,sterlingpublicschool.in,29MXWTS5545L1ZP,208115418,,Named,6,USR-202,2026-09-17 08:53:06
ACC-03709,Lotus Mobility Services Pvt Ltd,Employee Transport Services,Transportation Services,,Hubballi,Karnataka,lotusmobilityservices.co.in,29OGHCL6915K1Z9,,,,90,USR-216,2019-01-04 07:13:47
ACC-03710,Kadamba Credit Services LLP,Corporate (Staff & Executive Cars),BFSI,,Bengaluru,Karnataka,kadambacreditservices.com,29DTLFK5392X1ZP,,,,9,USR-204,2026-05-22 13:55:54
ACC-03711,Lotus Healthcare Products Pvt Ltd,Corporate (Staff & Executive Cars),Pharmaceuticals,,Belagavi,Karnataka,lotushealthcareproduct.com,,101691101,,,56,USR-206,2024-01-03 11:14:39
ACC-03712,Urbanline Builders LLP,Corporate (Staff & Executive Cars),Construction & Real Estate,,Mysuru,Karnataka,urbanlinebuilders.com,29NJXFU9504X1ZJ,,,,15,USR-206,2026-06-01 03:38:46
ACC-03713,Ujwal Staff Transport Services Pvt Ltd,Employee Transport Services,Transportation Services,,Bengaluru,Karnataka,ujwalstafftransportser.co.in,29JHVCU3311H1ZC,315557934,,,285,USR-206,2026-04-12 19:15:43
ACC-03714,Vishwa Auto Leasing Ltd,Leasing & Subscription,Banking,,Belagavi,Karnataka,vishwaautoleasingltd.co.in,29ATRCV4859W1ZH,500755661,,Named,165,USR-205,2022-08-21 04:01:10
ACC-03715,Chamundi Cab Services,Cab Fleet Operator,Transportation Services,,Bengaluru,Karnataka,chamundicabservices.com,29DIMPC5518L1ZT,,,,8,USR-211,2025-12-04 05:55:47
ACC-03716,Emerald Mobility Services Ltd,Employee Transport Services,Transportation Services,,Bengaluru,Karnataka,emeraldmobilityservice.com,,,,Key,74,USR-197,2020-01-28 15:48:04
ACC-03717,Forest Division Office - Dharwad,Government / PSU,Government,,Bengaluru,Karnataka,,29FRGGF7258H1ZV,,,Named,10,USR-211,2022-03-15 19:00:16
ACC-03718,Airavata Retail Pvt Ltd,Corporate (Staff & Executive Cars),Retail,,Bengaluru,Karnataka,airavataretail.com,29DTMCA3437V1ZI,,,,9,USR-209,2022-10-08 09:17:48
ACC-03719,Anugraha Employee Transport Solutions LLP,Employee Transport Services,Transportation Services,,Mysuru,Karnataka,anugrahaemployeetransp.co.in,29OGOFA1792N1Z0,154085570,,,205,USR-208,2022-03-17 13:27:45
ACC-03720,Hoysala Car Subscription Services LLP,Leasing & Subscription,Banking & Financial Services,,Mangaluru,Karnataka,hoysalacarsubscription.co.in,29MZFFH7664K1Z0,,,,304,USR-214,2021-02-11 03:52:50
ACC-03721,Swift Auto Leasing LLP,Leasing & Subscription,Banking & Financial Services,,Bengaluru,Karnataka,swiftautoleasing.com,29DZXFS2404O1ZW,,,,441,USR-202,2021-06-29 21:51:48
ACC-03722,Namma Engineering Works LLP,Corporate (Staff & Executive Cars),Manufacturing,,Bengaluru,Karnataka,nammaengineeringworks.com,29ANQFN4038Q1ZL,,,,28,USR-214,2020-11-23 07:45:29
ACC-03723,Sai Krupa Fleet Services LLP,Cab Fleet Operator,Transportation Services,,Bengaluru,Karnataka,saikrupafleetservices.in,29YPWFS5671F1ZW,,,,164,USR-202,2019-01-07 05:15:42
ACC-03724,Garuda Tours & Travels,Cab Fleet Operator,Transportation Services,,Mysuru,Karnataka,garudatourstravels.in,29QURPG7119C1Z1,,,,30,USR-209,2022-03-14 12:00:23
ACC-03725,Elite Commute Solutions LLP,Employee Transport Services,Transportation Services,,Hubballi,Karnataka,elitecommutesolutions.in,29OVQFE7383X1Z8,,,,187,USR-202,2021-07-15 01:54:50
ACC-03726,Chandra Builders Pvt Ltd,Corporate (Staff & Executive Cars),Construction & Real Estate,,Hubballi,Karnataka,chandrabuilders.co.in,29EGRCC4170N1ZH,764456191,,,24,USR-209,2020-03-23 22:40:49
ACC-03727,Silicon Education Trust Pvt Ltd,Hospitals & Education,Education,,Bengaluru,Karnataka,siliconeducationtrust.in,29VILCS9955I1ZC,,,,4,USR-206,2026-08-28 13:11:14
ACC-03728,Horizon Supermarts LLP,Corporate (Staff & Executive Cars),Retail,,Bengaluru,Karnataka,horizonsupermarts.in,,198339947,,,21,USR-202,2024-12-25 15:53:40
ACC-03729,Silicon Travels Pvt Ltd,Cab Fleet Operator,Transportation Services,,Belagavi,Karnataka,silicontravels.co.in,29KZJCS7683K1ZQ,,,Named,45,USR-205,2023-06-24 04:58:04
ACC-03730,Rapid Holidays LLP,Hotels & Travel,Hospitality,,Tumakuru,Karnataka,rapidholidays.com,29ZRQFR5349I1ZS,637137171,,,12,USR-207,2022-01-13 07:15:49
ACC-03731,Brindavan College Pvt Ltd,Hospitals & Education,Education,,Bengaluru,Karnataka,brindavancollege.in,29YSJCB5773Y1ZK,,,Key,14,USR-198,2020-06-10 21:55:38
ACC-03732,Yashas Healthcare Products Ltd,Corporate (Staff & Executive Cars),Pharmaceuticals,,Bengaluru,Karnataka,yashashealthcareproduc.co.in,29WKQCY2055N1Z9,152418835,,,13,USR-208,2025-10-06 21:20:38
ACC-03733,Deccan Industries Pvt Ltd,Corporate (Staff & Executive Cars),Manufacturing,,Bengaluru,Karnataka,deccanindustries.in,29SOUCD2732Y1Z0,469862114,,,7,USR-211,2019-09-06 19:07:36
ACC-03734,Shree Balaji Tours & Travels LLP,Cab Fleet Operator,Transportation Services,,Mangaluru,Karnataka,shreebalajitourstravel.in,29NJNFS3218B1ZD,502150005,,,6,USR-204,2021-04-27 21:34:45
ACC-03735,Hoysala Infotech LLP,Corporate (Staff & Executive Cars),Information Technology,,Bengaluru,Karnataka,hoysalainfotech.co.in,29ELLFH5522X1ZJ,,,,31,USR-206,2025-10-10 09:18:41
ACC-03736,Metro Staff Transport Services Pvt Ltd,Employee Transport Services,Transportation Services,,Mysuru,Karnataka,metrostafftransportser.co.in,29QXZCM0474A1ZG,,,,140,USR-207,2022-07-19 00:53:16
ACC-03737,Trishul Corporate Mobility Pvt Ltd,Employee Transport Services,Transportation Services,,Bengaluru,Karnataka,trishulcorporatemobili.in,29KOPCT5008N1ZK,594167582,,,103,USR-209,2022-02-10 22:49:51
ACC-03738,Hampi Developers Pvt Ltd,Corporate (Staff & Executive Cars),Construction & Real Estate,,Bengaluru,Karnataka,hampidevelopers.in,29UOTCH8905G1ZL,111194206,,,14,USR-209,2026-05-19 09:03:28
ACC-03739,Elite Taxi Services Pvt Ltd,Cab Fleet Operator,Transportation Services,,Bengaluru,Karnataka,elitetaxiservices.com,29SAVCE8097G1Z6,,,,9,USR-214,2026-04-16 22:33:17
ACC-03740,Crescent Pharmaceuticals LLP,Corporate (Staff & Executive Cars),Pharmaceuticals,,Shivamogga,Karnataka,crescentpharmaceutical.com,29JPJFC3996O1ZD,944262139,,,12,USR-211,2020-04-17 12:24:29
ACC-03741,Prime Medical Trust Pvt Ltd,Hospitals & Education,Healthcare,,Bengaluru,Karnataka,primemedicaltrust.co.in,29HYGCP3659B1ZS,,,,16,USR-206,2019-10-02 07:09:07
ACC-03742,Nandi Cabs,Cab Fleet Operator,Transportation Services,,Mysuru,Karnataka,nandicabs.co.in,29WOGPN7053D1Z8,,,,55,USR-214,2020-10-07 15:38:28
ACC-03743,Royal Cab Services Pvt Ltd,Cab Fleet Operator,Transportation Services,,Mysuru,Karnataka,royalcabservices.com,29GWVCR1337B1ZT,,,,35,USR-203,2019-09-15 09:45:13
ACC-03744,Kodagu Employee Transport Solutions Pvt Ltd,Employee Transport Services,Transportation Services,,Bengaluru,Karnataka,kodaguemployeetranspor.co.in,29AXPCK4359X1Z,627941276,,,247,USR-214,2025-12-10 08:09:25
ACC-03745,Elite Hospitality Services,Hotels & Travel,Hospitality,,Bengaluru,Karnataka,elitehospitalityservic.com,29FONPE1800Q1ZH,,,,6,USR-206,2024-12-15 07:18:10
ACC-03746,Public Works Division - Kalaburagi,Government / PSU,Government,,Bengaluru,Karnataka,,29XEQGP7476S1ZT,,,Key,12,USR-200,2020-03-11 09:31:59
ACC-03747,Tulasi Resorts LLP,Hotels & Travel,Hospitality,,Bengaluru,Karnataka,tulasiresorts.co.in,29VBIFT0606S1ZX,,,,20,USR-202,2025-03-26 22:57:05
ACC-03748,Omkar Finance Ltd,Corporate (Staff & Executive Cars),Banking & Financial Services,,Tumakuru,Karnataka,omkarfinanceltd.com,29BEVCO2462C1ZW,116522996,,,5,USR-216,2025-07-29 19:03:25
ACC-03749,Skyline Medical Trust,Hospitals & Education,Healthcare,,Mangaluru,Karnataka,skylinemedicaltrust.co.in,29VUGTS1913C1ZX,,,,8,USR-204,2020-11-24 14:01:18
ACC-03750,Chaitanya Retail LLP,Corporate (Staff & Executive Cars),Retail,,Bengaluru,Karnataka,chaitanyaretail.in,29SYJFC2006V1Z1,774351019,,,5,USR-202,2020-06-09 08:24:48
ACC-03751,Lotus College Pvt Ltd,Hospitals & Education,Education,,Mysuru,Karnataka,lotuscollege.com,29OAHCL3644J12R,452171511,,,9,USR-215,2022-05-14 16:49:50
ACC-03752,Urbanline Public School Pvt Ltd,Hospitals & Education,Edu,,Mysuru,Karnataka,urbanlinepublicschool.in,29ANCCU1334X1ZR,206977973,,,10,USR-216,2020-09-12 16:15:54
ACC-03753,Sterling Travels,Cab Fleet Operator,Travels,,Bengaluru,Karnataka,sterlingtravels.in,29CDZPS8794Y1Z2,,,Key,58,USR-197,2021-12-07 00:05:29
ACC-03754,Agriculture Department Office - Ramanagara,Government / PSU,Government,,Belgaum,Karnataka,,29TVGGA8309P1Z3,,,,26,USR-214,2026-04-25 05:18:04
ACC-03755,Chandra Leasing Pvt Ltd,Leasing & Subscription,Banking & Financial Services,,Mysuru,Karnataka,chandraleasing.co.in,29TPECC6387E1Z0,,,Named,510,USR-206,2021-09-25 18:24:22
ACC-03756,Srinidhi Education Trust,Hospitals & Education,Education,,Bengaluru,Karnataka,srinidhieducationtrust.com,29VLYTS1436Q1Z2,739573692,,,5,USR-212,2020-11-30 06:49:55
ACC-03757,Shubham Rent-a-Car LLP,Car Rental & Self-Drive,Car Rental,,Hubballi,Karnataka,shubhamrentacar.co.in,29JEVFS4207K1Z2,,,,26,USR-204,2020-09-03 08:45:30
ACC-03758,Sunrise Infra Projects Pvt Ltd,Corporate (Staff & Executive Cars),Construction & Real Estate,,Bengaluru,Karnataka,sunriseinfraprojects.com,29YYHCS7307K1ZV,446991121,,Named,11,USR-202,2023-07-24 06:00:00
ACC-03759,Rapid Hospitality Services,Hotels & Travel,Hospitality,,Bengaluru,Karnataka,rapidhospitalityservic.co.in,29OLTPR4296A1Z4,943855595,,,7,USR-202,2026-09-14 17:03:11
ACC-03760,Tunga Car Subscription Services Pvt Ltd,Leasing & Subscription,Banking & Financial Services,,Mysuru,Karnataka,tungacarsubscriptionse.com,29XFUCT2004Y1Z9,403839917,,,173,USR-214,2021-02-15 09:23:52
ACC-03761,Heritage Taxi Services,Cab Fleet Operator,Transportation Services,,Bengaluru,Karnataka,heritagetaxiservices.com,29PWEPH8385C1ZW,,,,101,USR-208,2025-06-03 06:51:24
ACC-03762,Yashas Developers Pvt Ltd,Corporate (Staff & Executive Cars),Construction & Real Estate,,Mysuru,Karnataka,yashasdevelopers.com,29PFWCY3888M1Z4,844825779,,,9,USR-204,2026-09-16 14:20:51
ACC-03763,Navya Taxi Services Pvt Ltd,Cab Fleet Operator,Transportation Services,,Bengaluru,Karnataka,navyataxiservices.in,29SEBCN4115Q1ZD,,,Named,18,USR-214,2026-05-25 04:29:09
ACC-03764,Airavata Taxi Services Pvt Ltd,Cab Fleet Operator,Transportation Services,,Bengaluru,Karnataka,airavatataxiservices.in,29OZRCA3447X1ZK,,,Key,25,USR-200,2022-05-23 20:26:25
ACC-03765,Horizon Car Rentals,Car Rental & Self-Drive,Automotive Rental,,Bengaluru,Karnataka,horizoncarrentals.in,29THZPH2897C1Z5,,,Named,41,USR-202,2025-04-23 18:33:03
ACC-03766,Brindavan Tours & Travels Pvt Ltd,Cab Fleet Operator,Transportation Services,,Bengaluru,Karnataka,brindavantourstravels.in,29LOSCB1780K1ZX,,,,24,USR-214,2019-08-05 21:52:58
ACC-03767,Surya Capital Pvt Ltd,Corporate (Staff & Executive Cars),BFSI,,Bengaluru,Karnataka,suryacapital.in,29MPWCS0870C1ZT,451299819,,Named,13,USR-211,2026-07-18 10:06:31
ACC-03768,Rapid Hotels & Resorts Pvt Ltd,Hotels & Travel,Hospitality,,Bangalore,Karnataka,rapidhotelsresorts.co.in,29QNBCR7795I1ZG,272951293,,Key,3,USR-197,2025-08-28 09:24:59
ACC-03769,Aadhya Resorts Pvt Ltd,Hotels & Travel,Hospitality,,Bengaluru,Karnataka,aadhyaresorts.co.in,29CBYCA3700H1ZB,466503776,,,5,USR-202,2025-10-07 09:49:30
ACC-03770,Urbanline Medical Trust,Hospitals & Education,Healthcare,,Bengaluru,Karnataka,urbanlinemedicaltrust.co.in,29DUOTU7710P1Z7,,,,10,USR-204,2022-09-21 06:02:10
ACC-03771,Rapid Builders Pvt Ltd,Corporate (Staff & Executive Cars),Construction & Real Estate,,Bengaluru,Karnataka,rapidbuilders.in,29AZMCR0129E1Z0,466659477,,Named,22,USR-211,2020-08-29 09:37:35
ACC-03772,Kaveri Technologies LLP,Corporate (Staff & Executive Cars),Information Technology,,Bangalore,Karnataka,kaveritechnologies.in,29KPJFK8121B1ZC,592227846,,,34,USR-214,2025-07-05 04:31:32
ACC-03773,Karavali Car Hire Pvt Ltd,Car Rental & Self-Drive,Automotive Rental,,Bengaluru,Karnataka,karavalicarhire.in,29OFYCK0968O1ZM,,,,44,USR-216,2025-11-03 06:06:20
ACC-03774,Urbanline Fleet Services Pvt Ltd,Cab Fleet Operator,Transportation Services,,Davanagere,Karnataka,urbanlinefleetservices.in,,,,Named,23,USR-214,2025-10-10 15:23:03
ACC-03775,Vinayaka Hotels & Resorts Pvt Ltd,Hotels & Travel,Hospitality,,Bengaluru,Karnataka,vinayakahotelsresorts.com,29XFTCV1174D1Z2,,,,10,USR-206,2019-03-01 16:20:21
ACC-03776,Aadhya Education Trust,Hospitals & Education,Edu,,Bengaluru,Karnataka,aadhyaeducationtrust.in,29JROTA7425C1ZE,,,,11,USR-209,2026-08-25 02:49:04
ACC-03777,Surya Taxi Services,Cab Fleet Operator,Transportation Services,,Belagavi,Karnataka,suryataxiservices.co.in,29NTSPS9168H1Z6,,,,19,USR-208,2025-12-07 19:30:51
ACC-03778,Malnad Technologies LLP,Corporate (Staff & Executive Cars),Information Technology,,Bengaluru,Karnataka,malnadtechnologies.in,29FODFM4476Y1Z2,455870572,,,19,USR-208,2026-03-24 00:45:42
ACC-03779,Vinayaka Mobility Services LLP,Employee Transport Services,Transportation Services,,Bengaluru,Karnataka,vinayakamobilityservic.com,29RMJFV1318D1Z3,933866697,,Named,174,USR-209,2022-10-04 02:03:36
ACC-03780,Omkar Corporate Mobility Pvt Ltd,Employee Transport Services,Transportation Services,,Davanagere,Karnataka,omkarcorporatemobility.com,29KKJCO5739H1Z2,,,Named,84,USR-215,2022-12-12 00:33:46
ACC-03781,Karavali Cabs Pvt Ltd,Cab Fleet Operator,Transportation Services,,Bengaluru,Karnataka,karavalicabs.co.in,29KRSCK7913R1Z2,,,,16,USR-203,2019-11-21 04:36:25
ACC-03782,Unity Staff Transport Services Ltd,Employee Transport Services,Transportation Services,,Mysuru,Karnataka,unitystafftransportser.in,29PEWCU2655E1Z4,727922147,,,146,USR-209,2026-02-02 03:18:55
ACC-03783,Hampi Cabs LLP,Cab Fleet Operator,,,Bengaluru,Karnataka,hampicabs.in,29UYQFH7241S1ZE,,,,29,USR-202,2026-01-29 11:31:34
ACC-03784,Vega Polymers Pvt Ltd,Corporate (Staff & Executive Cars),Manufacturing,,Mangaluru,Karnataka,vegapolymers.co.in,29RTFCV6100W1ZY,,,,9,USR-209,2019-03-04 13:19:00
ACC-03785,Sharavathi Fleet Services,Cab Fleet Operator,,,Bengaluru,Karnataka,sharavathifleetservice.in,29DYDPS3048B1ZE,,,Named,70,USR-202,2020-07-05 07:39:56
ACC-03786,Mahalakshmi Tours & Travels Pvt Ltd,Cab Fleet Operator,Travels,,Hubballi,Karnataka,mahalakshmitourstravel.com,29GZECM9314I1ZL,,,,34,USR-214,2019-08-19 22:08:33
ACC-03787,Garuda Software Solutions Pvt Ltd,Corporate (Staff & Executive Cars),Information Technology,,Bengaluru,Karnataka,garudasoftwaresolution.in,29HKACG3665N1ZC,,,,14,USR-205,2024-07-26 13:18:45
ACC-03788,Srinidhi Hospitality Services LLP,Hotels & Travel,Hospitality,,Bengaluru,Karnataka,srinidhihospitalityser.in,29BWSFS9352N1ZQ,,,,15,USR-204,2021-09-01 21:47:56
ACC-03789,Sai Krupa Employee Transport Solutions Ltd,Employee Transport Services,Transportation Services,,Bengaluru,Karnataka,saikrupaemployeetransp.in,29ECTCS2467Z1ZF,875366925,,,69,USR-204,2020-05-02 21:53:28
ACC-03790,Shubham Holidays,Hotels & Travel,Hospitality,,Bengaluru,Karnataka,shubhamholidays.in,29RVLPS4267F1ZJ,889010733,,,4,USR-206,2020-03-27 08:26:57
ACC-03791,Kaveri Resorts,Hotels & Travel,Hospitality,,Hubballi,Karnataka,kaveriresorts.in,29XBNPK5235F1ZU,,,,8,USR-209,2020-06-20 01:41:41
ACC-03792,Chandra Technologies Pvt Ltd,Corporate (Staff & Executive Cars),Information Technology,,Bengaluru,Karnataka,chandratechnologies.co.in,29JNXCC7426Q1ZG,,,,4,USR-205,2021-04-27 06:03:27
ACC-03793,Prime Public School Pvt Ltd,Hospitals & Education,Education,,Mysuru,Karnataka,primepublicschool.co.in,29RSGCP6129Q1Z4,,,,3,USR-202,2026-07-04 09:48:40
ACC-03794,Chandra Travels,Cab Fleet Operator,Transportation Services,,Bengaluru,Karnataka,chandratravels.co.in,29LBRPC4327W1ZC,,,,68,USR-204,2026-04-01 18:00:21
ACC-03795,Rapid Fleet Leasing Pvt Ltd,Leasing & Subscription,Banking & Financial Services,,Mangaluru,Karnataka,rapidfleetleasing.co.in,29MGMCR1297A1ZK,237540133,,Key,584,USR-198,2024-07-19 14:48:36
ACC-03796,Public Works Division - Belagavi,Government / PSU,Government,,Bengaluru,Karnataka,,,,,,9,USR-205,2020-11-18 03:10:54
ACC-03797,Sterling Holidays,Hotels & Travel,Hotel & Resorts,,Bengaluru,Karnataka,sterlingholidays.co.in,29PRLPS6442K1ZL,,,,20,USR-204,2026-06-22 03:30:39
ACC-03798,Sri Ganesh Taxi Services,Cab Fleet Operator,Transportation Services,,Bengaluru,Karnataka,sriganeshtaxiservices.in,29KXDPS6045S1Z7,,,,26,USR-209,2020-04-11 00:35:15
ACC-03799,Vega Digital Systems Ltd,Corporate (Staff & Executive Cars),Information Technology,,Bengaluru,Karnataka,vegadigitalsystemsltd.com,29MHMCV6930W1Z7,632867677,,,27,USR-202,2020-11-28 20:39:57
ACC-03800,Deccan Technologies Ltd,Corporate (Staff & Executive Cars),Information Technology,,Bengaluru,Karnataka,deccantechnologiesltd.in,29RWXCD8888S1Z1,,,,16,USR-210,2021-11-26 16:13:45
ACC-03801,Brindavan Taxi Services Pvt Ltd,Cab Fleet Operator,Transportation Services,,Hubballi,Karnataka,brindavantaxiservices.co.in,29KUPCB9133C1Z3,,,,12,USR-206,2019-01-18 02:16:01
ACC-03802,Skyline Car Subscription Services Pvt Ltd,Leasing & Subscription,Banking & Financial Services,,Bengaluru,Karnataka,skylinecarsubscription.co.in,,,,Key,391,USR-197,2019-01-25 12:02:24
ACC-03803,Krishna Taxi Services Pvt Ltd,Cab Fleet Operator,Transportation Services,,Bengaluru,Karnataka,krishnataxiservices.co.in,29KVCCK4638Q1ZC,,,,21,USR-210,2022-11-06 23:07:13
ACC-03804,Rapid Multispeciality Hospital,Hospitals & Education,Healthcare,,Shivamogga,Karnataka,rapidmultispecialityho.in,29TIKTR4938U124,474476222,,,5,USR-208,2026-05-12 00:22:56
ACC-03805,Annapoorna Fleet Services Pvt Ltd,Cab Fleet Operator,Transportation Services,,Bengaluru,Karnataka,annapoornafleetservice.co.in,29TRACA2904Q1ZY,,,Named,23,USR-201,2020-01-24 22:27:56
ACC-03806,Hoysala Cabs LLP,Cab Fleet Operator,Transportation Services,,Mysuru,Karnataka,hoysalacabs.in,29UAFFH9377T1ZJ,,,,26,USR-211,2025-07-08 05:14:42
ACC-03807,Sai Krupa Auto Leasing Pvt Ltd,Leasing & Subscription,Banking & Financial Services,,Bengaluru,Karnataka,saikrupaautoleasing.in,29AYCCS1314M1ZX,,,,936,USR-214,2020-02-08 06:30:40
ACC-03808,Urbanline Taxi Services,Cab Fleet Operator,Transportation Services,,Bengaluru,Karnataka,urbanlinetaxiservices.com,29DBIPU9660D1Z0,,,,25,USR-206,2024-08-25 21:21:05
ACC-03809,Zenith Pharmaceuticals Pvt Ltd,Corporate (Staff & Executive Cars),Pharmaceuticals,,Mysuru,Karnataka,zenithpharmaceuticals.com,29YUYCZ2786A1ZR,470077354,,,59,USR-211,2023-07-06 11:21:21
ACC-03810,Shubham Travels,Cab Fleet Operator,Transportation Services,,Bengaluru,Karnataka,shubhamtravels.co.in,29EOEPS1132G1ZX,,,,36,USR-202,2026-05-02 06:36:53
ACC-03811,Kaveri Diagnostics,Hospitals & Education,Healthcare,,Bengaluru,Karnataka,kaveridiagnostics.com,29IUVTK9559X1Z6,398518334,,,17,USR-206,2024-08-31 02:45:56
ACC-03812,Royal Life Sciences Pvt Ltd,Corporate (Staff & Executive Cars),Pharmaceuticals,,Belagavi,Karnataka,royallifesciences.in,29ZUZCR9559E1ZG,132777194,,,24,USR-214,2021-03-16 01:00:32
ACC-03813,Krishna Capital Pvt Ltd,Corporate (Staff & Executive Cars),Banking & Financial Services,,Bengaluru,Karnataka,krishnacapital.in,29NDGCK4255L1ZJ,541262351,,,11,USR-202,2025-11-20 02:35:29
ACC-03814,Agriculture Department Office - Yadgir,Government / PSU,Government,,Shivamogga,Karnataka,,29WSCGA2392M1ZH,,,,25,USR-206,2021-04-07 06:54:20
ACC-03815,Kaveri College,Hospitals & Education,Educational Institution,,Bengaluru,Karnataka,kavericollege.com,29PVVTK4035P1Z0,,,,15,USR-216,2022-06-22 12:17:22
ACC-03816,District Health Office - Koppal,Government / PSU,Government,,Bengaluru,Karnataka,,29ACTGD0789X1ZP,,,,9,USR-207,2020-02-12 11:05:15
ACC-03817,Nandi Self Drive Cars,Car Rental & Self-Drive,Automotive Rental,,Bengaluru,Karnataka,nandiselfdrivecars.co.in,29GYQPN8612Y1ZO,,,,11,USR-204,2026-07-19 00:44:23
ACC-03818,Horizon Travels Pvt Ltd,Cab Fleet Operator,Transportation Services,,Bengaluru,Karnataka,horizontravels.com,29JSUCH3324R1ZD,,,,28,USR-211,2019-01-20 13:14:17
ACC-03819,Evergreen Resorts Pvt Ltd,Hotels & Travel,Hospitality,,Mangalore,Karnataka,evergreenresorts.co.in,29VGECE8093L1Z1,672988869,,,7,USR-210,2021-05-23 03:03:23
ACC-03820,Mahalakshmi Polymers Ltd,Corporate (Staff & Executive Cars),Manufacturing,,Bengaluru,Karnataka,mahalakshmipolymersltd.com,29FPGCM9722L1ZU,127084955,,,8,USR-208,2025-07-31 00:15:27
ACC-03821,Lotus Staff Transport Services LLP,Employee Transport Services,Transportation Services,,Bengaluru,Karnataka,lotusstafftransportser.com,29DNFFL0105O1ZF,,,,183,USR-211,2019-10-23 05:17:54
ACC-03822,Swift Commute Solutions LLP,Employee Transport Services,Transportation Services,,Mangaluru,Karnataka,swiftcommutesolutions.co.in,29JNGFS9967O1ZX,202611620,,Named,315,USR-214,2019-09-06 14:09:59
ACC-03823,Yashas Engineering Works Pvt Ltd,Corporate (Staff & Executive Cars),Manufacturing,,Bengaluru,Karnataka,yashasengineeringworks.in,29QKPCY4301X1Z3,451289794,,,23,USR-209,2021-04-23 05:59:00
ACC-03824,Akshaya Tours & Travels Pvt Ltd,Cab Fleet Operator,Transportation Services,,Bengaluru,Karnataka,akshayatourstravels.com,29EJECA8726L1ZJ,,,,43,USR-204,2019-02-25 21:00:59
ACC-03825,Trishul Constructions Pvt Ltd,Corporate (Staff & Executive Cars),Construction & Real Estate,,Bengaluru,Karnataka,trishulconstructions.co.in,29FIZCT2972N1ZG,,,,29,USR-209,2019-06-24 20:44:22
ACC-03826,City Municipal Office - Mysuru,Government / PSU,Govt.,,Tumakuru,Karnataka,,29FINGC5772G1ZC,,,,6,USR-214,2026-05-05 09:58:13
ACC-03827,Zenith Car Rentals,Car Rental & Self-Drive,Automotive Rental,,Bangalore,Karnataka,zenithcarrentals.com,29RXHPZ0434K1ZG,,,,73,USR-206,2026-03-24 00:36:07
ACC-03828,Srinidhi Self Drive Cars,Car Rental & Self-Drive,Automotive Rental,,Bengaluru,Karnataka,srinidhiselfdrivecars.in,29ZWJPS3722O1Z2,107615261,,,14,USR-202,2020-10-05 09:23:55
ACC-03829,Sharada Holidays Pvt Ltd,Hotels & Travel,Hospitality,,Bengaluru ,Karnataka,sharadaholidays.co.in,29HZECS7751K1Z5,,,,8,USR-209,2023-03-20 16:50:27
ACC-03830,Krishna Pharmaceuticals Pvt Ltd,Corporate (Staff & Executive Cars),Pharmaceuticals,,Davanagere,Karnataka,krishnapharmaceuticals.co.in,29MPRCK4909E1ZY,639981994,,,5,USR-206,2022-06-23 05:57:37
ACC-03831,Agriculture Department Office - Shivamogga,Government / PSU,Government,,Bengaluru,Karnataka,,29TCJGA1871O1Z8,,,,34,USR-214,2021-08-19 17:55:47
ACC-03832,Sterling Digital Systems Ltd,Corporate (Staff & Executive Cars),Information Technology,,Bengaluru,Karnataka,sterlingdigitalsystems.co.in,29EWYCS1663E1ZG,301304841,,Named,9,USR-209,2025-09-05 03:55:04
ACC-03833,Nakshatra Fleet Leasing Pvt Ltd,Leasing & Subscription,Banking & Financial Services,,Bengaluru,Karnataka,nakshatrafleetleasing.co.in,29XCSCN5129S1ZJ,,,,204,USR-213,2019-06-25 05:23:57
ACC-03834,Heritage Institute of Technology Pvt Ltd,Hospitals & Education,Education,,Mysuru,Karnataka,heritageinstituteoftec.in,,,,,10,USR-208,2023-05-04 21:55:31
ACC-03835,Kaveri Credit Services Pvt Ltd,Corporate (Staff & Executive Cars),Banking & Financial Services,,Bengaluru,Karnataka,kavericreditservices.in,29LDGCK0647X1Z1,949015043,,,30,USR-204,2026-06-17 22:07:16
ACC-03836,Rapid Staff Transport Services LLP,Employee Transport Services,Transportation Services,,Bengaluru,Karnataka,rapidstafftransportser.co.in,29ARJFR4448F1ZX,860286589,,,24,USR-211,2022-04-27 00:28:59
ACC-03837,District Health Office - Kalaburagi,Government / PSU,Government,,Bengaluru,Karnataka,,,,,,29,USR-214,2026-08-29 00:43:17
ACC-03838,Annapoorna Car Rentals Pvt Ltd,Car Rental & Self-Drive,Automotive Rental,,Belagavi,Karnataka,annapoornacarrentals.co.in,29STQCA5180G1ZQ,,,Named,53,USR-204,2026-09-13 20:42:55
ACC-03839,Elite Constructions Pvt Ltd,Corporate (Staff & Executive Cars),Construction & Real Estate,,Hubballi,Karnataka,eliteconstructions.in,29DFNCE1176X1Z2,984605354,,,12,USR-211,2022-07-13 05:08:31
ACC-03840,Greenline Leasing LLP,Leasing & Subscription,Banking & Financial Services,,Bengaluru,Karnataka,greenlineleasing.com,29PPCFG6718S1ZC,,,,439,USR-216,2022-10-02 02:48:16
ACC-03841,Heritage Tours & Travels Pvt Ltd,Cab Fleet Operator,Transportation Services,,Bengaluru,Karnataka,heritagetourstravels.com,29MXRCH9927I1Z0,,,,23,USR-208,2026-01-15 15:45:15
ACC-03842,Chandra Multispeciality Hospital Pvt Ltd,Hospitals & Education,Healthcare,,Davanagere,Karnataka,chandramultispeciality.in,29WJJCC2721N1Z7,,,,21,USR-206,2022-01-12 07:54:12
ACC-03843,Kaveri Education Trust,Hospitals & Education,Education,,Bengaluru,Karnataka,kaverieducationtrust.in,29PUZTK0698L1ZT,,,,18,USR-208,2021-01-10 07:07:20
ACC-03844,Horizon Hospitality Services Pvt Ltd,Hotels & Travel,Hospitality,,Shivamogga,Karnataka,horizonhospitalityserv.co.in,,,,,17,USR-208,2022-10-27 15:59:40
ACC-03845,Bluechip Infotech Ltd,Corporate (Staff & Executive Cars),Information Technology,,Davanagere,Karnataka,bluechipinfotechltd.in,29OKWCB9485Y1ZO,,,,36,USR-209,2022-02-11 00:27:55
ACC-03846,Skyline Cab Services Pvt Ltd,Cab Fleet Operator,Transportation Services,,Bengaluru,Karnataka,skylinecabservices.in,29BLUCS2925L1ZV,,,,42,USR-211,2026-01-15 14:38:31
ACC-03847,Sri Lakshmi Public School,Hospitals & Education,Education,,Bengaluru,Karnataka,srilakshmipublicschool.com,29UVBTS8014W1ZQ,,,,2,USR-214,2026-04-19 17:50:54
ACC-03848,Sri Ganesh Employee Transport Solutions Pvt Ltd,Employee Transport Services,Transportation Services,,Bengaluru,Karnataka,sriganeshemployeetrans.co.in,29LPGCS6412X1Z5,247236414,,,38,USR-211,2024-09-09 00:26:26
ACC-03849,Skyline Diagnostics,Hospitals & Education,Healthcare,,Bengaluru,Karnataka,skylinediagnostics.com,29EYJTS 9653P1ZR,992494467,,,15,USR-209,2023-09-13 23:20:32
ACC-03850,Police Motor Transport Unit - Bengaluru Rural,Government / PSU,Government,,Mysuru,Karnataka,,29TEOGP5512V1ZC,,,,81,USR-211,2019-01-20 14:37:00
ACC-03851,Maruthi Nagar Commute Solutions Ltd,Employee Transport Services,Transportation Services,,Bengaluru,Karnataka,maruthinagarcommutesol.com,29ZDRCM1412X1ZL,,,,162,USR-214,2026-07-22 09:09:14
ACC-03852,Shree Balaji Resorts Pvt Ltd,Hotels & Travel,Hospitality,,Shivamogga,Karnataka,shreebalajiresorts.in,29ZDPCS3133D1ZG,,,,6,USR-204,2025-10-16 13:45:58
ACC-03853,Swift Travels LLP,Cab Fleet Operator,Transportation Services,,Bengaluru,Karnataka,swifttravels.in,29UTNFS6480T1Z7,,,,42,USR-212,2021-03-29 06:42:24
ACC-03854,Netravati Commute Solutions LLP,Employee Transport Services,Transportation Services,,Belagavi,Karnataka,netravaticommutesoluti.com,29LZNFN4436K1ZZ,,,,127,USR-204,2020-01-19 15:06:41
ACC-03855,Tunga Life Sciences LLP,Corporate (Staff & Executive Cars),Pharmaceuticals,,Davanagere,Karnataka,tungalifesciences.com,29FZPFT0285W1ZA,237572737,,,2,USR-211,2025-05-02 14:35:27
ACC-03856,Chaitanya Precision Components Pvt Ltd,Corporate (Staff & Executive Cars),Manufacturing,,Bengaluru,Karnataka,chaitanyaprecisioncomp.com,29ALTCC3698B1ZI,838178252,,,13,USR-209,2020-07-31 07:25:33
ACC-03857,Vijaya Mobility Services Pvt Ltd,Employee Transport Services,Transportation Services,,Tumakuru,Karnataka,vijayamobilityservices.co.in,29BYHCV2575G1ZK,928940093,,,103,USR-214,2019-05-23 13:30:49
ACC-03858,Karavali Rent-a-Car,Car Rental & Self-Drive,Automotive Rental,,Mysuru,Karnataka,karavalirentacar.co.in,29NFHPK0492N1ZK,,,Named,43,USR-215,2018-10-28 05:00:35
ACC-03859,Pragati Tours & Travels Pvt Ltd,Cab Fleet Operator,Transportation Services,,Bengaluru,Karnataka,pragatitourstravels.co.in,29GZVCP0682O1ZS,,,,81,USR-202,2020-06-07 02:11:04
ACC-03860,Vijaya Employee Transport Solutions LLP,Employee Transport Services,Transportation Services,,Mysuru,Karnataka,vijayaemployeetranspor.com,,888571677,,,386,USR-209,2020-04-26 10:09:48
ACC-03861,Ujwal Travels LLP,Cab Fleet Operator,Transport,,Bengaluru,Karnataka,ujwaltravels.com,29VOLFU4819A1ZO,,,Named,26,USR-206,2025-12-02 18:03:17
ACC-03862,Akshaya Fleet Services Pvt Ltd,Cab Fleet Operator,Transportation Services,,Davanagere,Karnataka,akshayafleetservices.co.in,29QKXCA5513D1ZG,,,,21,USR-204,2024-09-08 01:34:00
ACC-03863,Forest Division Office - Chikkaballapur,Government / PSU,,,Davangere,Karnataka,,29QJNGF7300X1ZD,954629102,,,38,USR-206,2026-04-05 08:27:53
ACC-03864,Lotus Diagnostics,Hospitals & Education,Healthcare,,Bengaluru,Karnataka,lotusdiagnostics.com,29SYHTL7226W1ZJ,,,,14,USR-209,2024-05-16 12:18:37
ACC-03865,Amrutha Car Hire Pvt Ltd,Car Rental & Self-Drive,,,Mysuru,Karnataka,amruthacarhire.co.in,29MUZCA3688I1Z7,268202390,,,55,USR-211,2026-06-01 01:48:37
ACC-03866,Lotus Rent-a-Car LLP,Car Rental & Self-Drive,Automotive Rental,,Bengaluru,Karnataka,lotusrentacar.in,,610062225,,,17,USR-202,2023-01-08 19:07:45
ACC-03867,Srinidhi Corporate Mobility LLP,Employee Transport Services,Transportation Services,,BLR,Karnataka,srinidhicorporatemobil.in,29TXFFS0592M1ZT,,,,112,USR-209,2024-12-13 20:16:00
ACC-03868,Agriculture Department Office - Tumakuru,Government / PSU,Government,,Bengaluru,Karnataka,,29DIYGA1604P1Z7,,,,35,USR-209,2026-08-02 08:12:12
ACC-03869,Malnad Travels,Cab Fleet Operator,Transportation Services,,Mysuru,Karnataka,malnadtravels.co.in,29YYEPM2093E1ZP,,,,77,USR-216,2021-07-08 13:06:51
ACC-03870,Chandra Hotels & Resorts Pvt Ltd,Hotels & Travel,Hospitality,,Mysuru,Karnataka,chandrahotelsresorts.in,29OXTCC1912S124,723096521,,,9,USR-204,2022-01-19 05:56:51
ACC-03871,Vasudha Self Drive Cars Pvt Ltd,Car Rental & Self-Drive,Automotive Rental,,Bengaluru,Karnataka,vasudhaselfdrivecars.co.in,29ZMYCV6110C1ZO,,,,16,USR-209,2025-03-04 20:21:35
ACC-03872,Vega Cabs,Cab Fleet Operator,Transportation Services,,Mysuru,Karnataka,vegacabs.co.in,29QQFPV8543T1Z1,,,,12,USR-214,2021-11-24 15:56:33
ACC-03873,Tulasi Corporate Mobility Pvt Ltd,Employee Transport Services,Transportation Services,,Mangaluru,Karnataka,tulasicorporatemobilit.co.in,29CNCCT2014P1ZB,988274179,,,77,USR-209,2023-02-15 10:53:28
ACC-03874,Vishwa Corporate Mobility Pvt Ltd,Employee Transport Services,Transportation Services,,Mysuru,Karnataka,vishwacorporatemobilit.co.in,29HASCV3278B1ZO,648539688,,,136,USR-204,2019-10-25 02:38:24
ACC-03875,Samruddhi Institute of Technology Pvt Ltd,Hospitals & Education,Education,,Mysuru,Karnataka,samruddhiinstituteofte.com,29KFZCS3574M1ZL,,,,8,USR-212,2019-04-27 05:41:34
ACC-03876,Bluechip Constructions Pvt Ltd,Corporate (Staff & Executive Cars),Construction & Real Estate,,Hubballi,Karnataka,bluechipconstructions.in,29UNFCB4481P1ZP,790593015,,,7,USR-204,2025-04-09 19:40:42
ACC-03877,Bharath Engineering Works Pvt Ltd,Corporate (Staff & Executive Cars),Manufacturing,,Bengaluru,Karnataka,bharathengineeringwork.co.in,29JASCB6674U1ZX,814680287,,,17,USR-213,2021-09-13 07:56:24
ACC-03878,Karavali Traders LLP,Corporate (Staff & Executive Cars),Retail,,Tumakuru,Karnataka,karavalitraders.in,29SNQFK5631J1ZJ,937435041,,,6,USR-216,2023-05-17 06:37:16
ACC-03879,Chaitanya Corporate Mobility Pvt Ltd,Employee Transport Services,Transportation Services,,Bengaluru,Karnataka,chaitanyacorporatemobi.com,29BTZCC7166P1Z7,,,,37,USR-204,2019-09-29 13:56:07
ACC-03880,Pragati Commute Solutions Pvt Ltd,Employee Transport Services,Transportation Services,,Bangalore,Karnataka,pragaticommutesolution.in,29VCECP7321B1ZY,192659407,,,150,USR-209,2020-08-25 09:40:15
ACC-03881,Nandi Fleet Services Pvt Ltd,Cab Fleet Operator,Transportation Services,,Mangaluru,Karnataka,nandifleetservices.in,29FZWCN6205N1Z1,,,Named,50,USR-208,2018-12-26 11:08:29
ACC-03882,Police Motor Transport Unit - Haveri,Government / PSU,Government,,Bengaluru,Karnataka,,29QGHGP5786Z1ZQ,,,,4,USR-211,2020-01-14 04:05:19
ACC-03883,Trishul Commute Solutions LLP,Employee Transport Services,Transport,,Mangaluru,Karnataka,trishulcommutesolution.com,29SYMFT1619G1Z3,,,,147,USR-216,2019-03-17 07:56:13
ACC-03884,Vishwa Mobility Services Pvt Ltd,Employee Transport Services,Transportation Services,,Bengaluru,Karnataka,vishwamobilityservices.co.in,29OOCCV0809K1ZY,,,,86,USR-204,2025-07-10 06:15:00
ACC-03885,Yashas Employee Transport Solutions Pvt Ltd,Employee Transport Services,Transportation Services,,Bengaluru,Karnataka,yashasemployeetranspor.com,,688428859,,,74,USR-211,2020-06-25 05:12:33
ACC-03886,Prime Holidays,Hotels & Travel,Hospitality,,Mangaluru,Karnataka,primeholidays.co.in,29HJOPP1206T1Z7,,,,18,USR-215,2021-03-19 00:13:50
ACC-03887,Elite College Pvt Ltd,Hospitals & Education,Education,,Bengaluru,Karnataka,elitecollege.in,29RTPCE5987V1ZE,,,,7,USR-202,2026-02-05 02:55:24
ACC-03888,Vega Infra Projects Pvt Ltd,Corporate (Staff & Executive Cars),Construction & Real Estate,,Tumakuru,Karnataka,vegainfraprojects.co.in,29OJKCV5727G1ZY,,,,6,USR-214,2026-03-18 09:08:26
ACC-03889,District Health Office - Haveri,Government / PSU,Government,,Hubballi,Karnataka,,29MWIGD4060G1ZU,,,,46,USR-202,2026-08-11 01:06:27
ACC-03890,Nakshatra Fleet Services Pvt Ltd,Cab Fleet Operator,Transportation Services,,Bengaluru,Karnataka,nakshatrafleetservices.com,29JPWCN3269T1ZV,,,,19,USR-204,2021-12-25 11:57:53
ACC-03891,Tulasi Industries Pvt Ltd,Corporate (Staff & Executive Cars),Manufacturing,,Bengaluru,Karnataka,tulasiindustries.in,29OWPCT2992X1Z1,953546210,,Named,21,USR-211,2019-05-18 12:04:40
ACC-03892,Kadamba Traders LLP,Corporate (Staff & Executive Cars),Retail,,Mysuru,Karnataka,kadambatraders.com,29KFHFK6396W1ZB,,,,10,USR-216,2020-05-10 11:48:31
ACC-03893,Aadhya Supermarts Pvt Ltd,Corporate (Staff & Executive Cars),Retail,,Bengaluru,Karnataka,aadhyasupermarts.co.in,29CKCCA1920N1ZZ,214134088,,,10,USR-212,2020-01-10 15:36:51
ACC-03894,Bharath Car Hire,Car Rental & Self-Drive,Automotive Rental,,Bengaluru,Karnataka,bharathcarhire.com,29EHQPB8870D1ZW,,,,68,USR-204,2026-09-03 21:30:17
ACC-03895,Vega Hospital,Hospitals & Education,Healthcare,,Bengaluru,Karnataka,vegahospital.co.in,29ASNTV5752O1ZA,,,Named,5,USR-214,2025-05-15 06:39:02
ACC-03896,Hoysala Healthcare Products Ltd,Corporate (Staff & Executive Cars),Pharmaceuticals,,Hubli,Karnataka,hoysalahealthcareprodu.co.in,29TWQCH0635Y1ZL,,,,26,USR-206,2026-02-11 21:42:07
ACC-03897,Bluechip Builders LLP,Corporate (Staff & Executive Cars),Construction,,Bengaluru,Karnataka,bluechipbuilders.com,29LQNFB5333Q1ZJ,,,,27,USR-205,2019-01-27 20:05:54
ACC-03898,Emerald Travels,Cab Fleet Operator,Transportation Services,,Hubballi,Karnataka,emeraldtravels.in,29MOTPE5871G1Z2,,,Named,21,USR-213,2022-12-01 07:37:52
ACC-03899,Namma Self Drive Cars Pvt Ltd,Car Rental & Self-Drive,,,Bengaluru,Karnataka,nammaselfdrivecars.co.in,,,,,36,USR-214,2021-11-21 08:58:28
ACC-03900,Horizon Infra Projects Pvt Ltd,Corporate (Staff & Executive Cars),Construction & Real Estate,,Mysuru,Karnataka,horizoninfraprojects.com,29DQDCH8306P1Z0,,,,12,USR-212,2020-06-27 12:50:13
ACC-03901,Sanjeevini Car Rentals Pvt Ltd,Car Rental & Self-Drive,Automotive Rental,,Mysuru,Karnataka,sanjeevinicarrentals.co.in,29DKCCS5018I1ZL,,,,28,USR-216,2026-08-13 11:12:47
ACC-03902,Forest Division Office - Hassan,Government / PSU,Govt.,,Bengaluru,Karnataka,,29OIUGF7811F1Z3,,,,45,USR-203,2022-06-15 07:45:01
ACC-03903,Vijaya Fleet Leasing Ltd,Leasing & Subscription,Banking & Financial Services,,Mysuru,Karnataka,vijayafleetleasingltd.co.in,29UZKCV5130G1Z7,,,,159,USR-209,2024-12-10 09:11:26
ACC-03904,Maruthi Nagar Builders Ltd,Corporate (Staff & Executive Cars),Construction & Real Estate,,Bengaluru,Karnataka,maruthinagarbuilderslt.co.in,29ZPPCM8561P1ZQ,873578613,,,20,USR-209,2026-03-01 10:12:28
ACC-03905,Lotus Travels Pvt Ltd,Cab Fleet Operator,Transportation Services,,Mangaluru,Karnataka,lotustravels.in,29NKXCL4994W1ZM,,,,15,USR-209,2024-08-31 19:38:19
ACC-03906,Swift Fleet Services Pvt Ltd,Cab Fleet Operator,Transportation Services,,Bengaluru,Karnataka,swiftfleetservices.co.in,29PZVCS3580B1Z4,,,,19,USR-202,2025-05-02 00:09:35
ACC-03907,Royal Infotech Pvt Ltd,Corporate (Staff & Executive Cars),Information Technology,,Bengaluru,Karnataka,royalinfotech.co.in,29RQSCR4914L1Z7,841750945,,,23,USR-204,2025-08-16 08:45:00
ACC-03908,Elite Self Drive Cars Pvt Ltd,Car Rental & Self-Drive,Automotive Rental,,Bengaluru,Karnataka,eliteselfdrivecars.in,29HNWCE1888W1ZZ,,,,65,USR-204,2022-08-16 02:56:39
ACC-03909,Heritage Auto Leasing Pvt Ltd,Leasing & Subscription,Banking & Financial Services,,Mangaluru,Karnataka,heritageautoleasing.co.in,29JSECH3346B1ZK,137529863,,,781,USR-204,2026-03-29 18:34:46
ACC-03910,Emerald Taxi Services Pvt Ltd,Cab Fleet Operator,Transportation Services,,Bengaluru,Karnataka,emeraldtaxiservices.com,29OIACE6899A1ZK,,,,51,USR-201,2020-03-16 21:24:35
ACC-03911,Rural Development Office - Bengaluru Urban,Government / PSU,Government,,Mysuru,Karnataka,,29HKFGR5281K1ZU,,,,17,USR-202,2025-07-05 19:47:25
ACC-03912,Trishul Leasing Pvt Ltd,Leasing & Subscription,Banking & Financial Services,,Shivamogga,Karnataka,trishulleasing.co.in,29RHCCT8036A1ZM,,,,885,USR-206,2025-07-07 21:58:52
ACC-03913,Zenith Hospitality Services Pvt Ltd,Hotels & Travel,Hospitality,,Mysuru,Karnataka,zenithhospitalityservi.com,29JBXCZ6541D1ZB,,,Named,11,USR-204,2025-01-16 05:09:59
ACC-03914,Trishul Credit Services Ltd,Corporate (Staff & Executive Cars),Banking & Financial Services,,Bengaluru,Karnataka,trishulcreditservicesl.in,29NHGCT8777S1Z5,403354962,,,5,USR-216,2024-02-14 23:51:42
ACC-03915,Maruthi Nagar Cabs,Cab Fleet Operator,Transportation Services,,Bengaluru,Karnataka,maruthinagarcabs.co.in,29KRVPM7208R1ZA,,,,18,USR-204,2026-02-07 01:37:50
ACC-03916,Sharada Taxi Services Pvt Ltd,Cab Fleet Operator,Transportation Services,,Bengaluru,Karnataka,sharadataxiservices.com,,,,,9,USR-205,2020-10-12 06:10:08
ACC-03917,Public Works Division - Raichur,Government / PSU,Government,,Hubballi,Karnataka,,29MXTGP6880B1ZZ,,,,23,USR-210,2021-10-14 15:49:34
ACC-03918,Amrutha College Pvt Ltd,Hospitals & Education,Education,,Bengaluru,Karnataka,amruthacollege.in,29RKJCA8817E1ZE,810194285,,Key,7,USR-197,2026-02-11 12:43:23
ACC-03919,Sahyadri Car Rentals,Car Rental & Self-Drive,Automotive Rental,,Bengaluru,Karnataka,sahyadricarrentals.co.in,29SMAPS6850A1ZK,,,,24,USR-202,2026-07-30 15:33:29
ACC-03920,Kodagu Pharmaceuticals LLP,Corporate (Staff & Executive Cars),Pharmaceuticals,,Bengaluru,Karnataka,kodagupharmaceuticals.com,29IHKFK6670R1ZN,643911872,,Named,43,USR-209,2023-07-11 11:27:18
ACC-03921,Vega Traders Pvt Ltd,Corporate (Staff & Executive Cars),Retail,,Shivamogga,Karnataka,vegatraders.com,29UAFCV2725S1ZZ,160790905,,Named,18,USR-216,2021-07-29 08:01:01
ACC-03922,Orbit Tours & Travels LLP,Cab Fleet Operator,Transportation Services,,Bengaluru,Karnataka,orbittourstravels.co.in,29CYIFO0727H1ZR,,,,85,USR-203,2021-10-10 12:55:22
ACC-03923,Kadamba Corporate Mobility Ltd,Employee Transport Services,Transportation Services,,Bengaluru,Karnataka,kadambacorporatemobili.co.in,29UHICK4876E1Z6,398454605,,,116,USR-216,2026-02-23 13:51:21
ACC-03924,Sterling Credit Services Pvt Ltd,Corporate (Staff & Executive Cars),Banking & Financial Services,,Shivamogga,Karnataka,sterlingcreditservices.co.in,29ITQCS5465N1ZZ,,,,11,USR-213,2020-12-17 20:11:03
ACC-03925,Crescent Cab Services,Cab Fleet Operator,Transportation Services,,Mangaluru,Karnataka,crescentcabservices.in,29CSSPC5882E1Z8,,,,30,USR-206,2021-08-25 05:12:57
ACC-03926,Mahalakshmi Finance Pvt Ltd,Corporate (Staff & Executive Cars),Banking & Financial Services,,Belagavi,Karnataka,mahalakshmifinance.in,29HKTCM1085J1Z1,279054744,,,26,USR-208,2024-12-02 14:32:03
ACC-03927,Sunrise Infotech LLP,Corporate (Staff & Executive Cars),Information Technology,,Bengaluru,Karnataka,sunriseinfotech.in,29TKKFS4469K1ZA,,,Named,29,USR-216,2019-11-11 05:10:41
ACC-03928,Amrutha Employee Transport Solutions LLP,Employee Transport Services,Transportation Services,,Bengaluru,Karnataka,amruthaemployeetranspo.com,29XLPFA2506O1ZR,564429689,,,163,USR-209,2025-11-16 09:09:27
ACC-03929,Greenline Institute of Technology Pvt Ltd,Hospitals & Education,Education,,Bengaluru,Karnataka,greenlineinstituteofte.com,29AQVCG2616I1Z7,,,,12,USR-208,2020-01-17 04:41:54
ACC-03930,Suvarna Infotech Pvt Ltd,Corporate (Staff & Executive Cars),Information Technology,,Tumakuru,Karnataka,suvarnainfotech.co.in,29VKNCS2215S1ZF,873682679,,,35,USR-208,2021-07-10 05:23:24
ACC-03931,Aadhya Rent-a-Car,Car Rental & Self-Drive,Automotive Rental,,Hubli,Karnataka,aadhyarentacar.com,29ZHHPA4331T1Z8,,,,14,USR-212,2019-10-23 19:19:12
ACC-03932,Karavali Staff Transport Services Ltd,Employee Transport Services,Transportation Services,,Mysuru,Karnataka,karavalistafftransport.com,29XYZCK8353E1ZR,,,,101,USR-204,2025-09-22 00:15:45
ACC-03933,Vijaya Life Sciences Pvt Ltd,Corporate (Staff & Executive Cars),Pharma,,Shivamogga,Karnataka,vijayalifesciences.com,29SQGCV3515D1Z0,490428803,,,14,USR-211,2020-05-13 00:04:04
ACC-03934,Metro Taxi Services,Cab Fleet Operator,Transportation Services,,Bengaluru,Karnataka,metrotaxiservices.com,,,,,51,USR-202,2019-01-22 16:06:59
ACC-03935,Hampi Retail LLP,Corporate (Staff & Executive Cars),Retail,,Belagavi,Karnataka,hampiretail.in,29PZCFH6741S1ZS,714207703,,,42,USR-202,2025-08-22 11:20:56
ACC-03936,Sharavathi Employee Transport Solutions LLP,Employee Transport Services,Transportation Services,,Bengaluru,Karnataka,sharavathiemployeetran.com,,,,,237,USR-204,2019-12-09 04:48:12
ACC-03937,Orbit Constructions Pvt Ltd,Corporate (Staff & Executive Cars),Construction & Real Estate,,Bengaluru,Karnataka,orbitconstructions.in,29PYICO4221Q1Z4,,,,31,USR-210,2022-05-03 11:56:12
ACC-03938,Malnad Car Hire LLP,Car Rental & Self-Drive,Automotive Rental,,Bengaluru,Karnataka,malnadcarhire.com,29JXPFM4535S1ZO,648721334,,,38,USR-212,2021-06-19 01:31:08
ACC-03939,Sahyadri Travels,Cab Fleet Operator,Transportation Services,,Shivamogga,Karnataka,sahyadritravels.in,29XYQPS0143I1ZC,,,,20,USR-211,2026-06-04 07:34:22
ACC-03940,Krishna Corporate Mobility LLP,Employee Transport Services,Transportation Services,,Belagavi,Karnataka,krishnacorporatemobili.in,29OJWFK8044S1Z2,558493598,,,135,USR-208,2022-02-28 00:39:58
ACC-03941,Swift Auto Leasing Pvt Ltd,Leasing & Subscription,Banking & Financial Services,,Bengaluru,Karnataka,swiftautoleasing.in,29DGSCS1823X1ZN,430741634,,Named,172,USR-214,2025-07-28 20:21:56
ACC-03942,Anugraha Supermarts LLP,Corporate (Staff & Executive Cars),Retail,,Belagavi,Karnataka,anugrahasupermarts.in,,563706099,,,21,USR-206,2019-10-15 18:04:54
ACC-03943,Kadamba Builders Ltd,Corporate (Staff & Executive Cars),Construction & Real Estate,,Bengaluru,Karnataka,kadambabuildersltd.com,29CRXCK3614G1Z2,,,,7,USR-214,2019-02-13 17:43:10
ACC-03944,Suvarna Constructions Pvt Ltd,Corporate (Staff & Executive Cars),Construction & Real Estate,,Bengaluru,Karnataka,suvarnaconstructions.co.in,29SLWCS7261D1ZM,714435618,,,15,USR-211,2026-04-14 20:33:00
ACC-03945,Pinnacle Holidays Pvt Ltd,Hotels & Travel,Hotels,,Mysuru,Karnataka,pinnacleholidays.com,29UOBCP0679B1Z6,770149714,,,13,USR-211,2025-11-09 11:22:40
ACC-03946,Vinayaka Institute of Technology,Hospitals & Education,Education,,Belagavi,Karnataka,vinayakainstituteoftec.com,29BBTTV7027U1ZU,,,,2,USR-206,2022-11-30 21:00:56
ACC-03947,Skyline Corporate Mobility Ltd,Employee Transport Services,Transportation Services,,Hubballi,Karnataka,skylinecorporatemobili.co.in,29OXFCS5683E1ZB,,,,215,USR-211,2021-08-11 06:21:41
ACC-03948,Sai Krupa Multispeciality Hospital Pvt Ltd,Hospitals & Education,Healthcare,,Bengaluru,Karnataka,saikrupamultispecialit.co.in,29EXECS0266W1Z0,,,,9,USR-204,2025-02-24 20:56:34
ACC-03949,Elite Corporate Mobility Ltd,Employee Transport Services,Transportation Services,,Tumakuru,Karnataka,elitecorporatemobility.co.in,29OLFCE0840V1ZX,,,,104,USR-214,2019-10-24 17:49:20
ACC-03950,Royal Mobility Services Ltd,Employee Transport Services,Transportation Services,,Bengaluru,Karnataka,royalmobilityservicesl.co.in,29HCTCR1612C1Z3,,,Named,249,USR-202,2026-04-01 16:33:06
ACC-03951,Galaxy College,Hospitals & Education,Education,,Bengaluru,Karnataka,galaxycollege.co.in,29YGITG7614E1ZJ,,,,3,USR-213,2020-12-09 07:10:49
ACC-03952,Namma Hospitality Services,Hotels & Travel,Hospitality,,Bengaluru,Karnataka,nammahospitalityservic.in,29UJDPN7992U1Z8,,,,20,USR-209,2021-11-10 03:30:52
ACC-03953,Kadamba Healthcare Products Pvt Ltd,Corporate (Staff & Executive Cars),Pharmaceuticals,,Mysuru,Karnataka,kadambahealthcareprodu.com,29NNECK0427U1ZS,,,,52,USR-211,2024-11-04 20:16:21
ACC-03954,Sri Lakshmi Employee Transport Solutions Pvt Ltd,Employee Transport Services,Transportation Services,,Bengaluru,Karnataka,srilakshmiemployeetran.co.in,29KLLCS8073T1Z4,,,Key,169,USR-198,2021-08-18 11:42:50
ACC-03955,Yashas Travels,Cab Fleet Operator,Transportation Services,,Belagavi,Karnataka,yashastravels.co.in,29QYJPY4958Q1ZH,,,,51,USR-202,2019-11-04 01:41:05
ACC-03956,Pragati Infra Projects Pvt Ltd,Corporate (Staff & Executive Cars),Construction & Real Estate,,Mysuru,Karnataka,pragatiinfraprojects.com,29JKDCP5888I1ZV,729902059,,Named,12,USR-206,2023-07-21 23:23:15
ACC-03957,Hampi Auto Leasing Pvt Ltd,Leasing & Subscription,Finance,,Belagavi,Karnataka,hampiautoleasing.com,29IPXCH3581X1ZU,296769729,,,315,USR-216,2019-11-02 20:40:11
ACC-03958,Sharavathi Employee Transport Solutions Pvt Ltd,Employee Transport Services,Transportation Services,,Tumakuru,Karnataka,sharavathiemployeetran.co.in,29UFQCS3035W1ZC,,,,162,USR-208,2026-01-24 06:25:36
ACC-03959,Shubham Fleet Services,Cab Fleet Operator,,,Mangaluru,Karnataka,shubhamfleetservices.co.in,29BWLPS6027X1Z2,,,,8,USR-216,2023-04-22 04:38:00
ACC-03960,Garuda Mobility Services Pvt Ltd,Employee Transport Services,Transportation Services,,Bengaluru,Karnataka,garudamobilityservices.com,,,,Named,99,USR-206,2024-08-28 19:28:14
ACC-03961,Sunrise Travels Pvt Ltd,Cab Fleet Operator,Transportation Services,,Bengaluru,Karnataka,sunrisetravels.com,29PHCCS0712D1Z0,414518890,,,20,USR-209,2021-12-14 15:16:12
ACC-03962,Tulasi Cabs LLP,Cab Fleet Operator,Transportation Services,,Tumkur,Karnataka,tulasicabs.co.in,29HUQFT4061D1ZM,,,,63,USR-208,2026-06-13 13:37:40
ACC-03963,Sapphire Industries Pvt Ltd,Corporate (Staff & Executive Cars),Manufacturing,,Mysuru,Karnataka,sapphireindustries.co.in,29MWZCS5557R1Z7,531798950,,,17,USR-216,2025-07-22 00:14:04
ACC-03964,Sai Krupa Pharmaceuticals Ltd,Corporate (Staff & Executive Cars),Pharmaceuticals,,Bengaluru,Karnataka,saikrupapharmaceutical.in,29HKWCS4138U1Z6,838208599,,,13,USR-208,2019-08-08 16:52:32
ACC-03965,Maruthi Nagar Travels LLP,Cab Fleet Operator,Transportation Services,,Hubballi,Karnataka,maruthinagartravels.com,29OGQFM3660S1ZH,,,,94,USR-209,2021-01-18 22:32:20
ACC-03966,Omkar Cabs Pvt Ltd,Cab Fleet Operator,Transportation Services,,Bengaluru,Karnataka,omkarcabs.in,29AWECO7348A1Z6,,,,21,USR-206,2020-06-17 14:54:54
ACC-03967,Zenith Travels,Cab Fleet Operator,Transportation Services,,Mysuru,Karnataka,zenithtravels.in,29CUPPZ4023V1Z6,,,,24,USR-209,2019-03-08 10:32:37
ACC-03968,Silicon Employee Transport Solutions Ltd,Employee Transport Services,Transportation Services,,Bengaluru,Karnataka,siliconemployeetranspo.com,29VQBCS3533W1Z0,241462906,,,83,USR-209,2022-11-09 12:48:02
ACC-03969,Malnad Finance LLP,Corporate (Staff & Executive Cars),Banking & Financial Services,,Shivamogga,Karnataka,malnadfinance.com,29LGQFM6137X1Z8,968509171,,,14,USR-214,2022-05-09 19:58:18
ACC-03970,Shree Balaji Life Sciences Pvt Ltd,Corporate (Staff & Executive Cars),Pharmaceuticals,,Mangalore,Karnataka,shreebalajilifescience.co.in,29OLVCS2737Q1Z5,849637952,,,35,USR-209,2023-02-28 17:59:31
ACC-03971,Agriculture Department Office - Bagalkote,Government / PSU,Government,,udupi,Karnataka,,29HSNGA6080F1ZZ,,,,18,USR-207,2025-01-19 16:49:45
ACC-03972,Deccan Fleet Services,Cab Fleet Operator,Transportation Services,,Bengaluru,Karnataka,deccanfleetservices.co.in,29OUJPD0504P1Z4,,,,21,USR-209,2022-05-13 02:24:20
ACC-03973,Urbanline Mobility Services Ltd,Employee Transport Services,Transportation Services,,Mangaluru,Karnataka,urbanlinemobilityservi.co.in,29UKSCU5156W1ZN,239675747,,,52,USR-211,2019-12-02 12:47:22
ACC-03974,Shree Balaji Rent-a-Car Pvt Ltd,Car Rental & Self-Drive,Rental,,Bengaluru,Karnataka,shreebalajirentacar.com,29WGWCS6321M1ZQ,,,,32,USR-206,2026-04-12 12:09:04
ACC-03975,Sterling Life Sciences Ltd,Corporate (Staff & Executive Cars),Pharmaceuticals,,Bengaluru,Karnataka,sterlinglifescienceslt.com,29LLPCS5150P1ZJ,,,Named,14,USR-214,2025-07-30 06:40:31
ACC-03976,Galaxy Mobility Services LLP,Employee Transport Services,Transportation Services,,Bengaluru,Karnataka,galaxymobilityservices.com,29LQQFG9583M1ZZ,214006410,,,70,USR-206,2025-11-21 09:12:47
ACC-03977,Sunrise Life Sciences Pvt Ltd,Corporate (Staff & Executive Cars),Pharmaceuticals,,Bengaluru,Karnataka,sunriselifesciences.in,29PAHCS4565C1ZS,,,,9,USR-216,2021-08-15 23:34:40
ACC-03978,Horizon Holidays LLP,Hotels & Travel,Hospitality,,Mangaluru,Karnataka,horizonholidays.com,29YOPFH9524R1ZR,,,,27,USR-206,2022-11-20 07:14:56
ACC-03979,Sunrise Precision Components Pvt Ltd,Corporate (Staff & Executive Cars),Manufacturing,,Hubballi,Karnataka,sunriseprecisioncompon.com,29KDGCS2690H1ZK,401191552,,,13,USR-211,2021-08-28 17:59:46
ACC-03980,Ujwal Resorts LLP,Hotels & Travel,Hospitality,,Bengaluru,Karnataka,ujwalresorts.co.in,29BEKFU1760W1ZR,,,,8,USR-206,2020-01-22 20:48:03
ACC-03981,Krishna Fleet Services LLP,Cab Fleet Operator,Transport,,Mangaluru,Karnataka,krishnafleetservices.in,29PCTFK 0711T1ZZ,920560129,,Named,30,USR-206,2025-09-24 10:21:52
ACC-03982,Tulasi Tours & Travels Pvt Ltd,Cab Fleet Operator,Transportation Services,,Bengaluru,Karnataka,tulasitourstravels.in,29SOFCT3852P1ZA,,,Named,20,USR-202,2020-04-22 15:27:30
ACC-03983,Urbanline Constructions Pvt Ltd,Corporate (Staff & Executive Cars),Construction & Real Estate,,Bengaluru,Karnataka,urbanlineconstructions.com,,345656098,,Key,17,USR-198,2025-01-29 20:06:41
ACC-03984,Sri Lakshmi Taxi Services,Cab Fleet Operator,Transportation Services,,Bengaluru,Karnataka,srilakshmitaxiservices.com,29XQIPS7965N1ZY,996735849,,,68,USR-208,2025-08-29 19:20:18
ACC-03985,Sahyadri Car Rentals Pvt Ltd,Car Rental & Self-Drive,Automotive Rental,,Mangalore,Karnataka,sahyadricarrentals.co.in,29EFSCS4653T1ZM,,,,53,USR-202,2025-07-11 02:09:21
ACC-03986,Zenith Auto Leasing Pvt Ltd,Leasing & Subscription,Banking & Financial Services,,Bengaluru,Karnataka,zenithautoleasing.in,29OVMCZ4014U1ZP,265205693,,,348,USR-206,2026-09-17 09:28:57
ACC-03987,Surya Polymers LLP,Corporate (Staff & Executive Cars),Manufacturing,,Bengaluru,Karnataka,suryapolymers.com,29glufs4942e1zu,260570392,,,12,USR-211,2025-11-28 06:04:54
ACC-03988,Evergreen Builders Ltd,Corporate (Staff & Executive Cars),Construction & Real Estate,,Mangaluru,Karnataka,evergreenbuildersltd.com,29YMCCE0742I1ZD,,,Named,15,USR-210,2022-03-06 03:59:29
ACC-03989,Zenith Polymers Pvt Ltd,Corporate (Staff & Executive Cars),Manufacturing,,Bengaluru,Karnataka,zenithpolymers.com,29DLBCZ3054A1ZU,167486615,,,10,USR-211,2020-08-21 09:54:38
ACC-03990,Anugraha Staff Transport Services Ltd,Employee Transport Services,Transportation Services,,Bengaluru,Karnataka,anugrahastafftransport.in,29GFWCA6113I1ZT,119496203,,Named,41,USR-215,2023-06-25 05:22:55
ACC-03991,Kaveri Car Hire,Car Rental & Self-Drive,Automotive Rental,,Mangaluru,Karnataka,kavericarhire.co.in,29LFTPK4752E1ZQ,,,,23,USR-216,2026-08-17 21:23:05
ACC-03992,Greenline Credit Services Pvt Ltd,Corporate (Staff & Executive Cars),Banking & Financial Services,,Shivamogga,Karnataka,greenlinecreditservice.co.in,29JBJCG2139B1ZP,299210520,,,6,USR-208,2025-01-18 01:53:57
ACC-03993,Sanjeevini Credit Services Pvt Ltd,Corporate (Staff & Executive Cars),Banking & Financial Services,,Mangaluru,Karnataka,sanjeevinicreditservic.co.in,,325361150,,,3,USR-207,2024-04-27 00:59:55
ACC-03994,Mahalakshmi Fleet Services LLP,Cab Fleet Operator,Transportation Services,,Bengaluru,Karnataka,mahalakshmifleetservic.com,,,,,24,USR-204,2025-06-16 23:30:47
ACC-03995,Akshaya Hotels & Resorts,Hotels & Travel,Hotel & Resorts,,Bengaluru,Karnataka,akshayahotelsresorts.in,29HMCPA8636B1Z5,385901441,,,23,USR-214,2022-12-18 15:54:33
ACC-03996,Sri Lakshmi Holidays,Hotels & Travel,Hospitality,,Davanagere,Karnataka,srilakshmiholidays.in,29HOQPS3071Q1ZN,,,,6,USR-211,2026-09-22 13:23:55
ACC-03997,Urbanline Employee Transport Solutions Ltd,Employee Transport Services,Transportation,,Hubballi,Karnataka,urbanlineemployeetrans.in,29XYICU5725S1ZB,269333128,,,275,USR-209,2025-02-04 13:28:28
ACC-03998,Deccan Fleet Services LLP,Cab Fleet Operator,Transportation Services,,Bengaluru,Karnataka,deccanfleetservices.com,,,,,4,USR-211,2024-08-08 20:41:34
ACC-03999,Orbit Software Solutions Pvt Ltd,Corporate (Staff & Executive Cars),I.T.,,Bengaluru,Karnataka,orbitsoftwaresolutions.in,29VFBCO2178R1ZU,,,,5,USR-211,2022-05-01 05:02:43
ACC-04000,City Municipal Office - Vijayapura,Government / PSU,Government,,Mangalore,Karnataka,,29YUHGC7757Q1ZL,,,,23,USR-213,2024-05-15 07:34:28
ACC-04001,Chaitanya Hotels & Resorts,Hotels & Travel,Hospitality,,Bengaluru,Karnataka,chaitanyahotelsresorts.com,29XVQPC9183F1ZF,,,,4,USR-211,2026-07-09 17:38:21
ACC-04002,Greenline Car Subscription Services Pvt Ltd,Leasing & Subscription,Banking & Financial Services,,Mysuru,Karnataka,greenlinecarsubscripti.co.in,29WIOCG6706X1Z7,,,,254,USR-209,2020-07-06 20:22:27
ACC-04003,Hoysala Pharmaceuticals Pvt Ltd,Corporate (Staff & Executive Cars),Pharmaceuticals,,Bengaluru,Karnataka,hoysalapharmaceuticals.co.in,29IWTCH9278P1ZM,814896536,,,25,USR-203,2023-07-21 15:26:26
ACC-04004,Public Works Division - Uttara Kannada,Government / PSU,Government,,Mangaluru,Karnataka,,29KAKGP5368S1ZP,,,,84,USR-209,2026-06-07 12:10:09
ACC-04005,Vishwa Commute Solutions Ltd,Employee Transport Services,Transportation Services,,Mysuru,Karnataka,vishwacommutesolutions.in,,,,,188,USR-211,2022-09-25 02:16:11
ACC-04006,Vishwa Software Solutions Ltd,Corporate (Staff & Executive Cars),Information Technology,,Mysuru,Karnataka,vishwasoftwaresolution.co.in,29UEKCV5150O1ZT,,,Named,14,USR-215,2020-01-06 19:55:32
ACC-04007,Krishna Cab Services Pvt Ltd,Cab Fleet Operator,Transportation Services,,Bengaluru,Karnataka,krishnacabservices.com,29ZSRCK5092J1Z0,,,,24,USR-202,2026-08-25 21:07:22
ACC-04008,Karavali Polymers Pvt Ltd,Corporate (Staff & Executive Cars),Manufacturer,,Bengaluru,Karnataka,karavalipolymers.in,29EPMCK6515P1ZQ,,,,14,USR-204,2024-05-17 13:23:52
ACC-04009,Chandra Cab Services LLP,Cab Fleet Operator,Transportation Services,,Bengaluru,Karnataka,chandracabservices.in,29OLKFC9021U1ZJ,,,,27,USR-216,2020-04-30 06:55:39
ACC-04010,Karavali Commute Solutions Pvt Ltd,Employee Transport Services,,,Bengaluru,Karnataka,karavalicommutesolutio.in,29JKCCK0355I1ZP,165704798,,,117,USR-216,2025-12-18 05:37:14
ACC-04011,Unity Cab Services Pvt Ltd,Cab Fleet Operator,Transportation Services,,Udupi,Karnataka,unitycabservices.in,,,,,110,USR-204,2026-02-07 00:43:27
ACC-04012,Metro Fleet Services Pvt Ltd,Cab Fleet Operator,Transportation Services,,Bengaluru,Karnataka,metrofleetservices.co.in,29NGBCM7893I1Z4,,,,49,USR-206,2021-08-21 20:53:46
ACC-04013,Sharavathi Polymers Pvt Ltd,Corporate (Staff & Executive Cars),Manufacturing,,Davanagere,Karnataka,sharavathipolymers.com,29WBLCS5010U1ZW,556519942,,,27,USR-216,2021-10-02 16:02:33
ACC-04014,Shree Balaji Employee Transport Solutions Pvt Ltd,Employee Transport Services,Transportation Services,,Mysuru,Karnataka,shreebalajiemployeetra.co.in,29TPXCS7455O1ZL,,,,247,USR-202,2024-04-23 14:30:29
ACC-04015,Horizon Corporate Mobility Ltd,Employee Transport Services,Transportation Services,,Bengaluru,Karnataka,horizoncorporatemobili.in,,899420201,,,41,USR-206,2019-12-20 01:36:10
ACC-04016,Lotus Technologies LLP,Corporate (Staff & Executive Cars),Information Technology,,Bengaluru,Karnataka,lotustechnologies.co.in,29AQTFL8873W1ZJ,678471760,,,3,USR-215,2019-10-25 16:36:35
ACC-04017,Sterling Car Rentals LLP,Car Rental & Self-Drive,Automotive Rental,,Bengaluru,Karnataka,sterlingcarrentals.in,29PDEFS0965P1ZW,,,,54,USR-207,2023-07-23 17:36:55
ACC-04018,Pinnacle Taxi Services,Cab Fleet Operator,Transportation Services,,Davanagere,Karnataka,pinnacletaxiservices.co.in,29VHNPP6490V1Z7,,,,22,USR-214,2020-12-01 19:38:40
ACC-04019,Rapid Travels,Cab Fleet Operator,Transportation Services,,Bengaluru,Karnataka,rapidtravels.in,29DYFPR6534W1Z1,,,,34,USR-209,2021-04-13 14:28:29
ACC-04020,Samruddhi Holidays,Hotels & Travel,Hospitality,,Bengaluru,Karnataka,samruddhiholidays.co.in,29ZFGPS5077D1ZF,,,,8,USR-206,2026-09-20 06:58:11
ACC-04021,Nakshatra Auto Leasing LLP,Leasing & Subscription,Banking,,Tumakuru,Karnataka,nakshatraautoleasing.com,29WCOFN6354Z1ZZ,993545042,,,220,USR-208,2023-08-11 23:04:29
ACC-04022,Heritage Car Rentals Pvt Ltd,Car Rental & Self-Drive,Automotive Rental,,Tumakuru,Karnataka,heritagecarrentals.in,29PLYCH4753W1ZW,,,,35,USR-209,2023-06-10 10:29:38
ACC-04023,Netravati Hospitality Services,Hotels & Travel,Hospitality,,Tumakuru,Karnataka,netravatihospitalityse.co.in,29UGSPN8849D1Z1,,,,4,USR-211,2020-03-21 20:57:25
ACC-04024,Kodagu Employee Transport Solutions LLP,Employee Transport Services,Transportation Services,,Bengaluru,Karnataka,kodaguemployeetranspor.in,29PTZFK6505A1ZL,881739540,,Named,114,USR-208,2026-06-24 04:01:12
ACC-04025,Ujwal Tours & Travels,Cab Fleet Operator,Transportation Services,,Bengaluru,Karnataka,ujwaltourstravels.in,29FPEPU2906N1Z5,,,,73,USR-211,2020-08-12 22:08:11
ACC-04026,Srinidhi Institute of Technology,Hospitals & Education,Education,,Bengaluru,Karnataka,srinidhiinstituteoftec.com,,510760207,,,35,USR-204,2026-05-27 06:09:06
ACC-04027,Deccan Software Solutions LLP,Corporate (Staff & Executive Cars),Information Technology,,Mangaluru,Karnataka,deccansoftwaresolution.in,29GFYFD1106Y1ZV,357617995,,,17,USR-206,2025-02-09 17:34:19
ACC-04028,Surya Industries Ltd,Corporate (Staff & Executive Cars),Mfg,,Bengaluru,Karnataka,suryaindustriesltd.in,29LDYCS3569T1Z8,,,,18,USR-214,2022-11-30 22:24:34
ACC-04029,Skyline Public School,Hospitals & Education,Edu,,Mysuru,Karnataka,skylinepublicschool.in,29TZMTS3495X1ZV,,,,20,USR-213,2020-07-30 13:57:10
ACC-04030,Sunrise Finance Pvt Ltd,Corporate (Staff & Executive Cars),Banking & Financial Services,,bengaluru,Karnataka,sunrisefinance.co.in,29SMYCS0396R1ZR,622439780,,,24,USR-214,2022-08-30 23:55:05
ACC-04031,Srinidhi Education Trust Pvt Ltd,Hospitals & Education,Education,,Bengaluru,Karnataka,srinidhieducationtrust.co.in,29CWDCS5342S1ZA,,,,5,USR-208,2022-05-29 02:58:36
ACC-04032,Aadhya Self Drive Cars Pvt Ltd,Car Rental & Self-Drive,Automotive Rental,,Davanagere,Karnataka,aadhyaselfdrivecars.in,29KJQCA7713N1Z4,,,,39,USR-209,2024-11-27 17:55:55
ACC-04033,Sharavathi Hospital,Hospitals & Education,Healthcare,,Shivamogga,Karnataka,sharavathihospital.com,29VVCTS9927N1ZQ,722494260,,,23,USR-209,2022-12-03 07:52:23
ACC-04034,District Health Office - Mandya,Government / PSU,Government,,Bengaluru,Karnataka,,29IEIGD6883F1ZI,,,Named,29,USR-202,2019-04-16 13:11:00
ACC-04035,Vishwa Hospital,Hospitals & Education,Healthcare,,Mysuru,Karnataka,vishwahospital.in,29DKGTV7317S1ZP,,,,7,USR-210,2022-07-10 10:08:05
ACC-04036,Vega Precision Components Pvt Ltd,Corporate (Staff & Executive Cars),Manufacturing,,Mangaluru,Karnataka,vegaprecisioncomponent.in,29UDQCV8164O1ZD,914505370,,,22,USR-204,2025-06-07 03:05:28
ACC-04037,Sharavathi Car Rentals LLP,Car Rental & Self-Drive,Automotive Rental,,Bengaluru,Karnataka,sharavathicarrentals.co.in,29VIYFS7081Z1Z6,,,Named,32,USR-209,2022-08-13 14:14:48
ACC-04038,Namma Commute Solutions Pvt Ltd,Employee Transport Services,Transportation Services,,Hubballi,Karnataka,nammacommutesolutions.in,29AWTCN4658O1Z0,976272967,,Key,360,USR-197,2020-05-13 01:03:42
ACC-04039,Bluechip Cab Services Pvt Ltd,Cab Fleet Operator,Transportation Services,,Bengaluru,Karnataka,bluechipcabservices.com,29UTGCB6022D1ZC,213222931,,,9,USR-202,2022-10-17 14:14:19
ACC-04040,Annapoorna Fleet Leasing Pvt Ltd,Leasing & Subscription,Banking & Financial Services,,Bengaluru,Karnataka,annapoornafleetleasing.in,29XPVCA4877D1ZK,315440131,,,1389,USR-206,2019-02-19 07:09:47
ACC-04041,Kodagu Tours & Travels LLP,Cab Fleet Operator,Transportation Services,,Mangaluru,Karnataka,kodagutourstravels.co.in,29SPZFK6131V1ZL,,,,6,USR-214,2020-01-04 08:00:24
ACC-04042,Rapid Cabs LLP,Cab Fleet Operator,Transportation Services,,Bengaluru,Karnataka,rapidcabs.in,29GBZFR7251H1Z5,,,Named,23,USR-202,2025-10-06 15:24:12
ACC-04043,Hampi Staff Transport Services Pvt Ltd,Employee Transport Services,Transportation Services,,Bengaluru,Karnataka,hampistafftransportser.co.in,29JIFCH1885D1ZR,174604412,,,180,USR-208,2024-02-12 13:30:15
ACC-04044,Garden City Constructions LLP,Corporate (Staff & Executive Cars),Construction & Real Estate,,Hubli,Karnataka,gardencityconstruction.com,29WPUFG5592O1ZP,904827270,,,9,USR-210,2021-07-08 19:03:44
ACC-04045,Yashas Staff Transport Services LLP,Employee Transport Services,Transportation Services,,Bengaluru,Karnataka,yashasstafftransportse.co.in,29GAKFY2406O1ZD,671403130,,,38,USR-204,2025-01-05 12:02:53
ACC-04046,Annapoorna Travels LLP,Cab Fleet Operator,Transport,,Bengaluru,Karnataka,annapoornatravels.com,29FCHFA1681N1ZS,,,,26,USR-216,2018-10-24 20:23:20
ACC-04047,Elite Tours & Travels Pvt Ltd,Cab Fleet Operator,Transportation Services,,Hubballi,Karnataka,elitetourstravels.com,29IBTCE1939Z1ZS,,,,71,USR-204,2021-08-23 06:23:08
ACC-04048,Rapid Mobility Services Ltd,Employee Transport Services,Transportation Services,,Tumakuru,Karnataka,rapidmobilityservicesl.com,29NPGCR8165C1ZX,217429170,,,227,USR-211,2021-08-23 08:01:16
ACC-04049,Brindavan Retail Pvt Ltd,Corporate (Staff & Executive Cars),Retail,,Bengaluru,Karnataka,brindavanretail.co.in,29JSJCB2946Q1ZM,246512738,,,13,USR-204,2025-03-26 05:59:52
ACC-04050,Namma Car Hire,Car Rental & Self-Drive,Automotive Rental,,Bengaluru,Karnataka,nammacarhire.com,29GUIPN7799L1Z8,,,Named,17,USR-208,2026-07-03 23:54:03
ACC-04051,Netravati Auto Leasing LLP,Leasing & Subscription,Banking & Financial Services,,Bengaluru,Karnataka,netravatiautoleasing.com,29UXXFN9408F1ZP,589910364,,Named,688,USR-216,2025-10-17 11:13:04
ACC-04052,Hoysala Taxi Services,Cab Fleet Operator,Transportation Services,,Bengaluru,Karnataka,hoysalataxiservices.com,29KQRPH 1367X1Z9,,,,23,USR-216,2020-03-13 14:50:21
ACC-04053,Shubham Precision Components Pvt Ltd,Corporate (Staff & Executive Cars),Manufacturing,,Davanagere,Karnataka,shubhamprecisioncompon.in,29VVICS5550I1Z6,894519429,,,17,USR-209,2020-05-15 02:32:22
ACC-04054,Navya Digital Systems Pvt Ltd,Corporate (Staff & Executive Cars),Software,,Bengaluru,Karnataka,navyadigitalsystems.co.in,29ILDCN8336C1ZK,540472286,,Key,53,USR-197,2024-06-17 21:46:21
ACC-04055,Chaitanya Commute Solutions LLP,Employee Transport Services,Transportation Services,,Bengaluru,Karnataka,chaitanyacommutesoluti.co.in,29BLGFC2430E1Z6,227840099,,,131,USR-202,2026-01-13 17:21:41
ACC-04056,Chaitanya Cab Services Pvt Ltd,Cab Fleet Operator,Transport,,Hubballi,Karnataka,chaitanyacabservices.com,29VTZCC3870I1Z6,,,,13,USR-211,2022-08-11 17:04:09
ACC-04057,Sharada Supermarts Pvt Ltd,Corporate (Staff & Executive Cars),Retail,,Hubli,Karnataka,sharadasupermarts.com,29ZOICS0634Y1ZT,,,,10,USR-214,2026-08-05 19:43:02
ACC-04058,Horizon Builders Pvt Ltd,Corporate (Staff & Executive Cars),Construction & Real Estate,,Belgaum,Karnataka,horizonbuilders.com,29QPZCH6755F1ZF,,,,7,USR-208,2022-06-05 13:02:15
ACC-04059,Deccan Resorts Pvt Ltd,Hotels & Travel,Hospitality,,Bengaluru,Karnataka,deccanresorts.co.in,29SRDCD5252Z1Z4,,,Named,5,USR-211,2025-10-08 22:40:43
ACC-04060,Samruddhi Holidays Pvt Ltd,Hotels & Travel,Hospitality,,Bengaluru,Karnataka,samruddhiholidays.in,29DEGCS7667F1ZI,128669089,,Key,30,USR-197,2021-10-11 23:40:17
ACC-04061,Brindavan Fleet Leasing LLP,Leasing & Subscription,Banking & Financial Services,,Belagavi,Karnataka,brindavanfleetleasing.com,29VGWFB4611E1ZF,,,,348,USR-209,2021-10-19 06:09:03
ACC-04062,Kodagu Precision Components Pvt Ltd,Corporate (Staff & Executive Cars),Manufacturing,,Bengaluru,Karnataka,kodaguprecisioncompone.co.in,29GLSCK2556L1ZX,139129131,,Named,13,USR-202,2021-03-11 01:28:43
ACC-04063,Kadamba Fleet Services Pvt Ltd,Cab Fleet Operator,Transportation Services,,Bengaluru,Karnataka,kadambafleetservices.co.in,29HUCCK8541X1Z1,,,,7,USR-214,2026-03-26 02:19:47
ACC-04064,Skyline Hospitality Services,Hotels & Travel,Hotel & Resorts,,Shivamogga,Karnataka,skylinehospitalityserv.co.in,29WAPPS6672C1ZI,,,,14,USR-214,2025-08-30 23:41:45
ACC-04065,Nandi Traders LLP,Corporate (Staff & Executive Cars),,,Mysuru,Karnataka,nanditraders.co.in,29KWAFN0210U1ZJ,763383825,,,7,USR-214,2025-08-05 22:17:21
ACC-04066,Sharavathi Rent-a-Car Pvt Ltd,Car Rental & Self-Drive,Automotive Rental,,Hubballi,Karnataka,sharavathirentacar.co.in,29INBCS7183K1ZT,,,,17,USR-202,2026-03-08 09:12:10
ACC-04067,Horizon Fleet Leasing Pvt Ltd,Leasing & Subscription,Banking,,Hubli,Karnataka,horizonfleetleasing.co.in,29ODVCH6201U1ZY,569713468,,,125,USR-209,2024-11-03 07:37:49
ACC-04068,Pragati Cab Services LLP,Cab Fleet Operator,Transportation Services,,Mysuru,Karnataka,pragaticabservices.com,29YEYFP0812A1ZD,,,,35,USR-208,2025-08-03 17:28:47
ACC-04069,Brindavan College,Hospitals & Education,Education,,Hubballi,Karnataka,brindavancollege.co.in,29MUYTB9119A1ZV,,,,6,USR-211,2025-06-19 02:03:33
ACC-04070,Pinnacle Taxi Services Pvt Ltd,Cab Fleet Operator,Transportation Services,,Bengaluru,Karnataka,pinnacletaxiservices.co.in,29JKVCP3437G1Z1,,,,33,USR-214,2025-02-13 07:53:12
ACC-04071,Vishwa Staff Transport Services Ltd,Employee Transport Services,Transportation Services,,Bengaluru,Karnataka,vishwastafftransportse.in,29YMMCV4112E1ZZ,568511853,,,67,USR-202,2024-12-11 20:21:33
ACC-04072,Sapphire Capital Pvt Ltd,Corporate (Staff & Executive Cars),Banking & Financial Services,,Bengaluru,Karnataka,sapphirecapital.in,29XBECS6839A1ZK,508994559,,,9,USR-216,2019-12-19 06:43:32
ACC-04073,Sri Lakshmi Constructions LLP,Corporate (Staff & Executive Cars),Construction & Real Estate,,Mangaluru,Karnataka,srilakshmiconstruction.co.in,29WMKFS0793Y1ZG,269629422,,,19,USR-209,2021-09-10 20:23:45
ACC-04074,Sapphire Fleet Services,Cab Fleet Operator,Transportation Services,,Davanagere,Karnataka,sapphirefleetservices.com,29FJZPS5756U1Z6,215545219,,,12,USR-202,2026-03-07 06:05:04
ACC-04075,Emerald Holidays LLP,Hotels & Travel,Hospitality,,Mangaluru,Karnataka,emeraldholidays.in,29TECFE2193V1ZU,,,,9,USR-206,2023-05-29 12:41:30
ACC-04076,Samruddhi Travels Pvt Ltd,Cab Fleet Operator,Transportation Services,,Tumakuru,Karnataka,samruddhitravels.co.in,29BYZCS9174D1Z2,,,,25,USR-211,2021-06-11 12:22:50
ACC-04077,Zenith Infotech Pvt Ltd,Corporate (Staff & Executive Cars),Information Technology,,Bengaluru,Karnataka,zenithinfotech.co.in,29FFCCZ7751K1Z7,440439893,,,5,USR-204,2026-08-26 01:28:20
ACC-04078,Chandra Holidays,Hotels & Travel,Hospitality,,Bengaluru,Karnataka,chandraholidays.in,29BBZPC9780B1Z2,534027803,,,4,USR-209,2021-10-05 12:05:17
ACC-04079,Rapid Travels Pvt Ltd,Cab Fleet Operator,Transportation Services,,Bengaluru,Karnataka,rapidtravels.co.in,29YSFCR3231Z1ZP,,,,41,USR-207,2023-06-18 15:52:40
ACC-04080,Deccan Pharmaceuticals LLP,Corporate (Staff & Executive Cars),Pharmaceuticals,,Belagavi,Karnataka,deccanpharmaceuticals.co.in,29CKZFD9663E1ZY,,,,5,USR-206,2022-10-12 23:29:18
ACC-04081,Hoysala Constructions Pvt Ltd,Corporate (Staff & Executive Cars),Construction & Real Estate,,Bengaluru,Karnataka,hoysalaconstructions.com,29TQMCH5368F1ZO,288194213,,,45,USR-208,2026-05-11 12:57:26
ACC-04082,Garuda Employee Transport Solutions Pvt Ltd,Employee Transport Services,Travels,,Bengaluru,Karnataka,garudaemployeetranspor.in,29NOHCG8286P1ZC,,,,79,USR-209,2026-03-24 02:33:35
ACC-04083,Trishul Hospitality Services,Hotels & Travel,Hospitality,,Bengaluru,Karnataka,trishulhospitalityserv.co.in,29JEZPT4904A1ZT,596874614,,,40,USR-204,2019-11-13 09:50:13
ACC-04084,Orbit Infra Projects Pvt Ltd,Corporate (Staff & Executive Cars),Construction,,Mysuru,Karnataka,orbitinfraprojects.in,29PPLCO3567D1ZV,481435978,,,27,USR-211,2021-07-18 21:16:37
ACC-04085,Brindavan Finance Pvt Ltd,Corporate (Staff & Executive Cars),,,Bengaluru,Karnataka,brindavanfinance.in,29KPBCB5232T1Z0,985971544,,,16,USR-216,2022-07-19 14:38:52
ACC-04086,Evergreen Cabs Pvt Ltd,Cab Fleet Operator,Transportation Services,,Bengaluru,Karnataka,evergreencabs.co.in,29XJUCE4990S1Z0,,,,36,USR-214,2025-07-27 20:51:34
ACC-04087,Airavata Pharmaceuticals Pvt Ltd,Corporate (Staff & Executive Cars),Pharmaceuticals,,Bengaluru,Karnataka,airavatapharmaceutical.co.in,29OKZCA9762Q1Z6,316061416,,,14,USR-202,2024-06-28 07:34:43
ACC-04088,Kodagu Taxi Services Pvt Ltd,Cab Fleet Operator,Transportation Services,,Bengaluru,Karnataka,kodagutaxiservices.co.in,29ZBWCK6065Y1Z1,,,,42,USR-208,2025-03-13 23:07:36
ACC-04089,Sapphire Mobility Services Pvt Ltd,Employee Transport Services,Transportation Services,,Bengaluru,Karnataka,sapphiremobilityservic.co.in,29JXQCS3853Z1Z6,,,,74,USR-214,2022-06-12 22:20:30
ACC-04090,Skyline Auto Leasing LLP,Leasing & Subscription,Banking & Financial Services,,Bengaluru,Karnataka,skylineautoleasing.com,29ABDFS0183Q1ZK,955125134,,,1138,USR-211,2019-09-16 12:50:18
ACC-04091,Karavali Infotech Pvt Ltd,Corporate (Staff & Executive Cars),Information Technology,,Mysuru,Karnataka,karavaliinfotech.co.in,29ZLWCK8132S1ZW,,,Key,35,USR-198,2025-11-13 05:34:24
ACC-04092,Emerald Infra Projects Pvt Ltd,Corporate (Staff & Executive Cars),Construction & Real Estate,,Bengaluru,Karnataka,emeraldinfraprojects.co.in,29KBZCE8433K1ZB,674235915,,,9,USR-211,2025-09-11 08:03:34
ACC-04093,Vishwa Cabs Pvt Ltd,Cab Fleet Operator,Transportation Services,,Bengaluru,Karnataka,vishwacabs.com,29KTYCV0081N1Z0,,,Named,10,USR-202,2025-04-18 05:37:43
ACC-04094,Anugraha Tours & Travels,Cab Fleet Operator,Transportation Services,,Belagavi,Karnataka,anugrahatourstravels.com,29ZPSPA1050E1ZH,,,,62,USR-211,2020-11-20 22:53:51
ACC-04095,Suvarna Technologies LLP,Corporate (Staff & Executive Cars),IT,,Bengaluru,Karnataka,suvarnatechnologies.co.in,29XRKFS4635T1ZI,330685329,,Named,9,USR-206,2025-06-30 18:22:19
ACC-04096,Pragati Tours & Travels,Cab Fleet Operator,Transportation,,Bengaluru,Karnataka,pragatitourstravels.co.in,29WYGPP9621V1Z,,,Named,49,USR-202,2020-02-05 22:52:12
ACC-04097,Shubham Polymers Ltd,Corporate (Staff & Executive Cars),Manufacturing,,Mysuru,Karnataka,shubhampolymersltd.co.in,,173362374,,,19,USR-209,2025-07-07 15:16:03
ACC-04098,Brindavan Software Solutions LLP,Corporate (Staff & Executive Cars),Information Technology,,Mangaluru,Karnataka,brindavansoftwaresolut.in,,373573339,,,3,USR-211,2026-08-26 05:45:42
ACC-04099,Rural Development Office - Dharwad,Government / PSU,,,Bengaluru,Karnataka,,29erzgr4805e1zk,,,,103,USR-204,2023-08-09 01:17:51
ACC-04100,Trishul Hotels & Resorts,Hotels & Travel,Hotel & Resorts,,Bengaluru,Karnataka,trishulhotelsresorts.com,29FWOPT2831P1ZE,680845760,,,8,USR-210,2022-12-12 05:55:45
ACC-04101,Bharath Employee Transport Solutions Pvt Ltd,Employee Transport Services,Travels,,Bengaluru,Karnataka,bharathemployeetranspo.com,29ZDUCB5372D1ZF,,,,427,USR-211,2021-10-30 07:44:52
ACC-04102,Prime Car Rentals Pvt Ltd,Car Rental & Self-Drive,Automotive Rental,,Bengaluru,Karnataka,primecarrentals.co.in,29WXJCP8506C1ZE,692205775,,,28,USR-208,2026-08-13 21:47:23
ACC-04103,Netravati Digital Systems LLP,Corporate (Staff & Executive Cars),Information Technology,,Tumakuru,Karnataka,netravatidigitalsystem.com,29UIQFN1329B1ZA,,,Named,15,USR-206,2026-04-13 20:25:42
ACC-04104,Maruthi Nagar Technologies Pvt Ltd,Corporate (Staff & Executive Cars),Information Technology,,Bengaluru,Karnataka,maruthinagartechnologi.in,29TUWCM3981A1ZC,,,,12,USR-216,2025-12-23 17:37:58
ACC-04105,Hoysala Corporate Mobility LLP,Employee Transport Services,Transportation Services,,Bengaluru,Karnataka,hoysalacorporatemobili.in,29VUCFH7673X1ZD,,,Named,72,USR-204,2026-01-15 23:11:46
ACC-04106,Kaveri Tours & Travels LLP,Cab Fleet Operator,Transportation Services,,Mysuru,Karnataka,kaveritourstravels.co.in,29QNAFK3413E1ZK,,,Named,20,USR-210,2021-10-08 16:55:18
ACC-04107,Horizon Self Drive Cars LLP,Car Rental & Self-Drive,Automotive Rental,,Bengaluru,Karnataka,horizonselfdrivecars.in,29WFOFH4508C1ZI,,,,20,USR-211,2019-12-16 05:49:26
ACC-04108,Sunrise Multispeciality Hospital,Hospitals & Education,Healthcare,,Mysuru,Karnataka,sunrisemultispeciality.co.in,29EOTTS3599I1ZE,319573597,,Named,26,USR-204,2025-03-04 12:40:55
ACC-04109,Samruddhi Tours & Travels,Cab Fleet Operator,,,Bengaluru,Karnataka,samruddhitourstravels.co.in,29KDEPS2695A1Z4,,,,21,USR-205,2025-06-16 01:47:02
ACC-04110,Lotus Retail Pvt Ltd,Corporate (Staff & Executive Cars),Retail,,Bengaluru,Karnataka,lotusretail.com,29LANCL6742U1ZX,284947868,,,10,USR-209,2022-09-03 09:00:44
ACC-04111,Brindavan Tours & Travels,Cab Fleet Operator,Transportation Services,,Bengaluru,Karnataka,brindavantourstravels.co.in,29FKGPB2906G1ZB,,,,19,USR-206,2019-11-13 04:34:39
ACC-04112,Srinidhi Cabs,Cab Fleet Operator,Transportation Services,,Bengaluru,Karnataka,srinidhicabs.co.in,29EHRPS1605G1ZX,,,,19,USR-202,2025-10-05 23:56:37
ACC-04113,Heritage Digital Systems Pvt Ltd,Corporate (Staff & Executive Cars),Information Technology,,Mangaluru,Karnataka,heritagedigitalsystems.com,29SONCH7348F1ZS,736719419,,,12,USR-208,2025-09-02 05:02:54
ACC-04114,Zenith Rent-a-Car Pvt Ltd,Car Rental & Self-Drive,Automotive Rental,,Bengaluru,Karnataka,zenithrentacar.com,29ZRQCZ1369X1Z0,,,,113,USR-211,2025-01-21 10:35:52
ACC-04115,Amrutha Mobility Services Pvt Ltd,Employee Transport Services,Transportation Services,,Davanagere,Karnataka,amruthamobilityservice.in,29LBDCA7319Q1ZP,,,,137,USR-207,2020-10-17 17:27:13
ACC-04116,Crescent Car Rentals LLP,Car Rental & Self-Drive,Automotive Rental,,Udupi,Karnataka,crescentcarrentals.com,29QUHFC3662W1ZV,,,,50,USR-210,2020-07-18 09:15:41
ACC-04117,Galaxy Mobility Services Pvt Ltd,Employee Transport Services,Transportation Services,,Udupi,Karnataka,galaxymobilityservices.in,29GFXCG0697A1ZQ,906864424,,,105,USR-214,2022-02-23 02:34:00
ACC-04118,Navya Hotels & Resorts Pvt Ltd,Hotels & Travel,Hospitality,,Mysuru,Karnataka,navyahotelsresorts.com,,,,,3,USR-209,2021-09-08 10:48:16
ACC-04119,Annapoorna Resorts Pvt Ltd,Hotels & Travel,Hospitality,,Tumakuru,Karnataka,annapoornaresorts.co.in,29VBQCA4195E1ZN,,,,10,USR-211,2021-11-01 23:09:08
ACC-04120,Chamundi Technologies Ltd,Corporate (Staff & Executive Cars),Info Tech,,Bengaluru,Karnataka,chamunditechnologieslt.co.in,29MPJCC1437S1ZS,366627857,,Named,26,USR-202,2026-01-23 09:01:17
ACC-04121,Netravati Builders LLP,Corporate (Staff & Executive Cars),Construction & Real Estate,,Bengaluru,Karnataka,netravatibuilders.co.in,29KCBFN0063A1ZH,482723013,,,13,USR-214,2020-09-21 18:37:45
ACC-04122,Rural Development Office - Bidar,Government / PSU,Government,,Bengaluru,Karnataka,,29WWUGR8106K1ZI,,,,13,USR-204,2026-01-29 20:25:33
ACC-04123,Netravati Infra Projects Ltd,Corporate (Staff & Executive Cars),Construction & Real Estate,,Bengaluru,Karnataka,netravatiinfraprojects.co.in,29EYKCN6273O1Z2,,,,16,USR-214,2025-10-07 18:57:05
ACC-04124,Galaxy Healthcare Products Pvt Ltd,Corporate (Staff & Executive Cars),Pharmaceuticals,,Bengaluru,Karnataka,galaxyhealthcareproduc.com,29INYCG7490E1ZT,955403903,,,3,USR-212,2020-05-09 12:35:57
ACC-04125,Vasudha Commute Solutions Pvt Ltd,Employee Transport Services,Transportation Services,,Mangaluru,Karnataka,vasudhacommutesolution.com,29BOSCV3129S1ZC,,,,98,USR-215,2022-07-07 08:28:14
ACC-04126,Skyline Constructions Ltd,Corporate (Staff & Executive Cars),Construction & Real Estate,,Bengaluru,Karnataka,skylineconstructionslt.co.in,29ZVBCS4592U1ZD,773628615,,,5,USR-205,2024-07-16 16:21:20
ACC-04127,Sunrise Developers Pvt Ltd,Corporate (Staff & Executive Cars),Construction,,Bengaluru,Karnataka,sunrisedevelopers.co.in,29AFXCS8744N1ZP,778230985,,,14,USR-206,2026-07-18 06:47:06
ACC-04128,Aadhya Car Hire Pvt Ltd,Car Rental & Self-Drive,Automotive Rental,,Bengaluru,Karnataka,aadhyacarhire.in,29FRRCA1414Z1ZI,,,Named,41,USR-215,2024-11-28 01:34:13
ACC-04129,Elite Public School,Hospitals & Education,Education,,Hubballi,Karnataka,elitepublicschool.co.in,29IZZTE1118C1ZY,,,,4,USR-209,2026-02-22 16:58:41
ACC-04130,Kodagu Staff Transport Services Pvt Ltd,Employee Transport Services,Transportation Services,,Bengaluru,Karnataka,kodagustafftransportse.com,29ZWCCK6616Q1ZX,,,,99,USR-204,2025-03-17 09:03:37
ACC-04131,Airavata Infotech Pvt Ltd,Corporate (Staff & Executive Cars),Information Technology,,Bangalore,Karnataka,airavatainfotech.co.in,29WEDCA5467T1ZX,522458777,,,9,USR-214,2026-02-17 04:30:54
ACC-04132,Garuda Travels,Cab Fleet Operator,Transportation Services,,Bengaluru,Karnataka,garudatravels.com,29QTVPG9859A1ZK,,,,38,USR-211,2026-05-13 12:54:03
ACC-04133,Sunrise Taxi Services,Cab Fleet Operator,Transportation,,Belagavi,Karnataka,sunrisetaxiservices.co.in,29IQQPS8404Y1ZZ,304066871,,,36,USR-214,2025-07-12 08:53:52
ACC-04134,Amrutha Self Drive Cars Pvt Ltd,Car Rental & Self-Drive,Automotive Rental,,Mysuru,Karnataka,amruthaselfdrivecars.com,29FTWCA4722Z1Z0,,,,39,USR-208,2026-07-04 08:23:42
ACC-04135,Rapid Rent-a-Car,Car Rental & Self-Drive,Automotive Rental,,Bengaluru ,Karnataka,rapidrentacar.com,29WJEPR2197V1ZC,,,,28,USR-214,2025-12-19 20:32:26
ACC-04136,Yashas Tours & Travels LLP,Cab Fleet Operator,Transportation,,Mysuru,Karnataka,yashastourstravels.com,29TRGFY8772R1ZA,,,,49,USR-202,2021-01-20 19:06:13
ACC-04137,Tunga Life Sciences Pvt Ltd,Corporate (Staff & Executive Cars),Pharmaceuticals,,Bengaluru,Karnataka,tungalifesciences.co.in,29AAPCT6229T1Z2,742765527,,Named,10,USR-208,2023-08-18 11:55:02
ACC-04138,Horizon Cabs,Cab Fleet Operator,Transportation Services,,Hubballi,Karnataka,horizoncabs.com,29SSYPH2150T1Z7,,,,14,USR-209,2024-11-11 05:09:04
ACC-04139,Nandi Self Drive Cars Pvt Ltd,Car Rental & Self-Drive,Automotive Rental,,Belagavi,Karnataka,nandiselfdrivecars.co.in,29FMZCN7979I1Z7,,,,20,USR-208,2018-12-09 17:15:09
ACC-04140,Karavali Fleet Services,Cab Fleet Operator,Transportation Services,,Mysuru,Karnataka,karavalifleetservices.com,29NFLPK2607O1ZL,,,Named,23,USR-211,2021-07-07 16:11:43
ACC-04141,Sahyadri Cab Services Pvt Ltd,Cab Fleet Operator,Travels,,Bengaluru,Karnataka,sahyadricabservices.co.in,,,,,37,USR-202,2018-10-24 05:10:28
ACC-04142,Crescent Software Solutions LLP,Corporate (Staff & Executive Cars),Information Technology,,Davanagere,Karnataka,crescentsoftwaresoluti.com,29ATTFC7196J1ZE,161405238,,,10,USR-214,2025-06-11 05:16:03
ACC-04143,Sai Krupa Travels LLP,Cab Fleet Operator,Transportation Services,,Bengaluru,Karnataka,saikrupatravels.com,29VFCFS7076U1Z6,,,,4,USR-204,2024-12-12 19:13:48
ACC-04144,Netravati Tours & Travels,Cab Fleet Operator,Transportation Services,,Bengaluru,Karnataka,netravatitourstravels.in,29WBCPN8947R1ZX,,,,11,USR-204,2020-08-03 14:19:33
ACC-04145,Forest Division Office - Ramanagara,Government / PSU,Government,,Davanagere,Karnataka,,29IIJGF3480I1ZC,,,Named,46,USR-207,2020-07-30 22:06:45
ACC-04146,Hoysala Digital Systems Ltd,Corporate (Staff & Executive Cars),Information Technology,,Belagavi,Karnataka,hoysaladigitalsystemsl.com,,,,,8,USR-214,2023-04-26 19:39:31
ACC-04147,Unity Capital Ltd,Corporate (Staff & Executive Cars),Banking & Financial Services,,Bengaluru,Karnataka,unitycapitalltd.co.in,29DYOCU3328G1ZJ,,,,67,USR-205,2020-05-08 04:38:49
ACC-04148,Maruthi Nagar Precision Components LLP,Corporate (Staff & Executive Cars),Manufacturing,,Bangalore,Karnataka,maruthinagarprecisionc.co.in,29XJXFM2271A1ZY,,,,9,USR-214,2026-06-22 14:04:12
ACC-04149,Chandra Tours & Travels Pvt Ltd,Cab Fleet Operator,Transportation Services,,Bengaluru,Karnataka,chandratourstravels.com,29AGECC0823X1ZM,,,,46,USR-204,2024-05-10 03:03:12
ACC-04150,Deccan Car Rentals LLP,Car Rental & Self-Drive,Automotive Rental,,Mangaluru,Karnataka,deccancarrentals.in,29PLUFD3215V1ZD,,,Named,46,USR-214,2023-02-11 20:08:05
ACC-04151,Urbanline Industries LLP,Corporate (Staff & Executive Cars),Manufacturing,,Bengaluru,Karnataka,urbanlineindustries.com,29IUAFU3619O1ZB,141300910,,,15,USR-204,2026-02-01 20:14:28
ACC-04152,Mahalakshmi Auto Leasing LLP,Leasing & Subscription,Banking & Financial Services,,Bengaluru,Karnataka,mahalakshmiautoleasing.in,29BFXFM3168A1ZN,965835173,,,340,USR-211,2024-04-23 06:08:14
ACC-04153,Unity Staff Transport Services Pvt Ltd,Employee Transport Services,Transportation Services,,Bengaluru ,Karnataka,unitystafftransportser.co.in,29ESRCU2818E1ZU,,,,71,USR-214,2023-05-29 05:39:31
ACC-04154,Skyline Developers Pvt Ltd,Corporate (Staff & Executive Cars),Construction & Real Estate,,Belagavi,Karnataka,skylinedevelopers.co.in,29XKMCS4317A1Z8,428709361,,,4,USR-202,2026-01-30 18:05:30
ACC-04155,Akshaya Cab Services LLP,Cab Fleet Operator,Transportation Services,,Bengaluru,Karnataka,akshayacabservices.co.in,,,,,6,USR-214,2020-10-30 02:40:39
ACC-04156,Suvarna Tours & Travels,Cab Fleet Operator,Transportation Services,,Mysuru,Karnataka,suvarnatourstravels.co.in,29CLGPS4711W1ZZ,,,,53,USR-209,2026-03-28 04:33:06
ACC-04157,Kaveri Rent-a-Car Pvt Ltd,Car Rental & Self-Drive,Rental,,Mysuru,Karnataka,kaverirentacar.com,29NJICK3766H1Z7,,,,27,USR-208,2022-08-18 20:46:20
ACC-04158,Garden City Engineering Works Ltd,Corporate (Staff & Executive Cars),Manufacturing,,Bengaluru,Karnataka,gardencityengineeringw.in,29MAFCG0236B12R,787342791,,,12,USR-216,2025-02-16 00:55:58
ACC-04159,District Collectorate - Bagalkote,Government / PSU,Government,,Bengaluru,Karnataka,,29REEGD9820X1ZL,,,,58,USR-214,2026-02-25 16:34:02
ACC-04160,Shubham Fleet Services LLP,Cab Fleet Operator,Transportation Services,,Hubballi,Karnataka,shubhamfleetservices.com,29TBKFS1599A1ZD,,,,38,USR-206,2022-03-18 15:25:05
ACC-04161,Surya Travels Pvt Ltd,Cab Fleet Operator,Transportation Services,,Mysuru,Karnataka,suryatravels.in,29WFUCS9393T1ZN,,,Named,28,USR-216,2024-11-07 16:51:31
ACC-04162,Sri Ganesh Mobility Services LLP,Employee Transport Services,Transportation Services,,Bengaluru,Karnataka,sriganeshmobilityservi.in,29BJRFS3145I1Z4,504925434,,,178,USR-216,2025-10-27 16:38:28
ACC-04163,Surya Hospital Pvt Ltd,Hospitals & Education,Healthcare,,Mangaluru,Karnataka,suryahospital.in,29POUCS2636M1Z9,633783807,,,16,USR-203,2021-02-08 10:01:47
ACC-04164,Skyline Developers Ltd,Corporate (Staff & Executive Cars),Construction & Real Estate,,Bengaluru,Karnataka,skylinedevelopersltd.in,29ZDHCS1303O1Z9,492133113,,,11,USR-211,2024-06-21 02:43:15
ACC-04165,Urbanline Tours & Travels,Cab Fleet Operator,Transportation Services,,Hubballi,Karnataka,urbanlinetourstravels.com,29AWVPU9427F1ZI,,,,31,USR-212,2020-07-16 22:53:51
ACC-04166,Tunga Rent-a-Car,Car Rental & Self-Drive,Car Rental,,Bengaluru,Karnataka,tungarentacar.com,29YSFPT2525Q1ZB,,,,42,USR-203,2020-01-28 12:04:30
ACC-04167,Nakshatra Tours & Travels Pvt Ltd,Cab Fleet Operator,Transportation Services,,Bengaluru,Karnataka,nakshatratourstravels.in,29CSBCN5244L1Z2,,,,15,USR-202,2025-08-01 05:12:25
ACC-04168,Sunrise Institute of Technology Pvt Ltd,Hospitals & Education,Education,,Bengaluru,Karnataka,sunriseinstituteoftech.in,29WLTCS4496X1Z9,,,,7,USR-213,2023-07-08 17:24:22
ACC-04169,Omkar Cab Services Pvt Ltd,Cab Fleet Operator,Transportation Services,,Bengaluru,Karnataka,omkarcabservices.com,29CERCO7309C1ZV,,,,16,USR-202,2025-10-11 03:22:29
ACC-04170,Chamundi Holidays,Hotels & Travel,Hospitality,,Tumakuru,Karnataka,chamundiholidays.com,29HVKPC3819B1ZM,900458874,,,3,USR-205,2021-11-28 05:57:00
ACC-04171,Yashas Hospital Pvt Ltd,Hospitals & Education,Healthcare,,Mangaluru,Karnataka,yashashospital.co.in,29DDWCY7473O1ZJ,917000341,,,12,USR-207,2019-05-16 20:43:40
ACC-04172,Shubham Tours & Travels Pvt Ltd,Cab Fleet Operator,Transportation Services,,BLR,Karnataka,shubhamtourstravels.com,29WTPCS0655F1ZD,,,,72,USR-212,2023-01-24 14:01:43
ACC-04173,Sai Krupa Rent-a-Car Pvt Ltd,Car Rental & Self-Drive,Automotive Rental,,Bengaluru,Karnataka,saikruparentacar.in,29RAYCS9681Y1ZP,962267919,,Named,14,USR-211,2025-11-19 14:51:58
ACC-04174,Tulasi Institute of Technology Pvt Ltd,Hospitals & Education,Education,,BLR,Karnataka,tulasiinstituteoftechn.in,29INHCT4904T1ZH,585866062,,,13,USR-206,2022-07-23 01:28:21
ACC-04175,Vega Resorts LLP,Hotels & Travel,Hospitality,,bengaluru,Karnataka,vegaresorts.co.in,29LLPFV9696X1Z3,,,Named,6,USR-208,2024-05-19 16:47:30
ACC-04176,Vijaya Leasing Pvt Ltd,Leasing & Subscription,,,Tumakuru,Karnataka,vijayaleasing.in,29IZLCV7342I1Z3,,,,441,USR-208,2025-12-04 04:49:32
ACC-04177,Heritage Rent-a-Car,Car Rental & Self-Drive,Automotive Rental,,Davanagere,Karnataka,heritagerentacar.in,29UJUPH2605X1ZJ,403903426,,,23,USR-204,2026-05-03 00:38:30
ACC-04178,Garuda Travels Pvt Ltd,Cab Fleet Operator,Travels,,BLR,Karnataka,garudatravels.co.in,29VHPCG5445F1Z9,,,,32,USR-208,2021-02-12 12:51:49
ACC-04179,Shubham Finance Pvt Ltd,Corporate (Staff & Executive Cars),Banking & Financial Services,,Bengaluru,Karnataka,shubhamfinance.com,29NJSCS6973P1Z1,759414420,,,115,USR-211,2026-04-28 01:10:31
ACC-04180,Garden City Taxi Services,Cab Fleet Operator,Transportation Services,,Bengaluru,Karnataka,gardencitytaxiservices.in,29UGAPG8270Z1ZQ,,,,16,USR-204,2025-09-26 18:15:50
ACC-04181,Galaxy Builders Pvt Ltd,Corporate (Staff & Executive Cars),Construction & Real Estate,,Shimoga,Karnataka,galaxybuilders.in,29NICCG1358Z1ZQ,432438641,,,14,USR-214,2024-05-01 02:56:29
ACC-04182,Silicon Retail Ltd,Corporate (Staff & Executive Cars),Retail,,Bengaluru,Karnataka,siliconretailltd.in,29XCHCS5889A1Z7,781230227,,,10,USR-210,2018-10-14 18:26:48
ACC-04183,Prime Corporate Mobility Pvt Ltd,Employee Transport Services,Transportation Services,,Mysuru,Karnataka,primecorporatemobility.com,29FELCP7126G1ZQ,,,,23,USR-214,2021-06-29 15:16:36
ACC-04184,Suvarna Software Solutions Pvt Ltd,Corporate (Staff & Executive Cars),Information Technology,,Mangaluru,Karnataka,suvarnasoftwaresolutio.in,29MEMCS0826V1ZR,194142163,,Named,2,USR-209,2023-04-19 22:38:53
ACC-04185,Kodagu Life Sciences Pvt Ltd,Corporate (Staff & Executive Cars),Pharmaceuticals,,Bengaluru,Karnataka,kodagulifesciences.co.in,29VQOCK9859Y1Z2,,,,23,USR-206,2025-09-13 04:56:48
ACC-04186,Sapphire Fleet Leasing Pvt Ltd,Leasing & Subscription,Banking & Financial Services,,Hubballi,Karnataka,sapphirefleetleasing.in,29UADCS2663H1ZM,,,,518,USR-211,2026-03-27 07:07:40
ACC-04187,Greenline Self Drive Cars,Car Rental & Self-Drive,Automotive Rental,,Bengaluru,Karnataka,greenlineselfdrivecars.co.in,29CBAPG0953L1ZK,809657045,,Named,45,USR-216,2019-06-17 06:32:16
ACC-04188,Akshaya Staff Transport Services LLP,Employee Transport Services,Transportation Services,,Bengaluru ,Karnataka,akshayastafftransports.com,29FTVFA9092Y1ZG,133178163,,,118,USR-204,2020-03-27 01:25:24
ACC-04189,Annapoorna Tours & Travels,Cab Fleet Operator,Transport,,Mysore,Karnataka,annapoornatourstravels.co.in,,,,,12,USR-208,2022-07-24 06:14:21
ACC-04190,Airavata Diagnostics,Hospitals & Education,Healthcare,,Mysuru,Karnataka,airavatadiagnostics.in,29XRCTA0503W1ZQ,,,,11,USR-215,2020-07-25 14:18:10
ACC-04191,Sharada Fleet Services Pvt Ltd,Cab Fleet Operator,Transportation Services,,Mysuru,Karnataka,sharadafleetservices.co.in,29ZDGCS4288V1Z6,,,,114,USR-216,2021-11-30 13:42:46
ACC-04192,Police Motor Transport Unit - Kodagu,Government / PSU,Government,,Bengaluru,Karnataka,,,,,Named,17,USR-214,2023-06-13 22:36:35
ACC-04193,Bharath Fleet Services,Cab Fleet Operator,Transportation Services,,Mangaluru,Karnataka,bharathfleetservices.com,,,,,44,USR-202,2026-08-21 12:46:22
ACC-04194,Suvarna Commute Solutions Ltd,Employee Transport Services,Transportation Services,,Bengaluru,Karnataka,suvarnacommutesolution.com,29PFLCS3584A1ZH,306178561,,,55,USR-204,2026-07-11 10:56:37
ACC-04195,Pragati Multispeciality Hospital,Hospitals & Education,Healthcare,,Bengaluru,Karnataka,pragatimultispeciality.co.in,29LRQTP0693K1ZE,,,,9,USR-216,2024-10-26 04:11:30
ACC-04196,Kadamba Cab Services,Cab Fleet Operator,Transportation Services,,Bengaluru,Karnataka,kadambacabservices.com,29ELCPK4261I1ZW,,,Key,27,USR-197,2022-11-14 19:43:56
ACC-04197,Mahalakshmi Car Hire,Car Rental & Self-Drive,Automotive Rental,,Bengaluru,Karnataka,mahalakshmicarhire.co.in,,,,,53,USR-206,2022-11-11 21:54:03
ACC-04198,Forest Division Office - Bengaluru Rural,Government / PSU,Government,,Bengaluru,Karnataka,,,,,,26,USR-206,2025-08-17 08:50:07
ACC-04199,Sanjeevini Healthcare Products LLP,Corporate (Staff & Executive Cars),Pharmaceuticals,,Udupi,Karnataka,sanjeevinihealthcarepr.co.in,29YYSFS6787R1ZI,195655590,,,28,USR-208,2024-11-26 23:17:16
ACC-04200,Metro Credit Services Pvt Ltd,Corporate (Staff & Executive Cars),Banking & Financial Services,,Bengaluru,Karnataka,metrocreditservices.com,29UKVCM8603T1Z0,323136959,,,9,USR-202,2025-07-21 01:28:09
ACC-04201,Hoysala Cab Services Pvt Ltd,Cab Fleet Operator,Transportation Services,,Bengaluru,Karnataka,hoysalacabservices.co.in,29KLBCH0359T1Z0,839286607,,,52,USR-214,2026-08-22 00:00:00
ACC-04202,Garden City Employee Transport Solutions Pvt Ltd,Employee Transport Services,Transportation Services,,Bengaluru,Karnataka,gardencityemployeetran.in,29ZEFCG6694U1ZD,436402030,,,109,USR-216,2026-03-06 05:30:17
ACC-04203,Pinnacle Polymers Pvt Ltd,Corporate (Staff & Executive Cars),Manufacturing,,Shivamogga,Karnataka,pinnaclepolymers.com,29TCPCP6633T1ZJ,133634796,,,16,USR-211,2020-03-18 23:33:41
ACC-04204,Aadhya Constructions Ltd,Corporate (Staff & Executive Cars),Construction & Real Estate,,Bengaluru,Karnataka,aadhyaconstructionsltd.in,29OOMCA1141I1ZI,852874152,,,27,USR-204,2019-02-04 10:48:50
ACC-04205,Sahyadri Medical Trust,Hospitals & Education,Healthcare,,Bengaluru,Karnataka,sahyadrimedicaltrust.com,29BVMTS0859D1ZW,,,,3,USR-209,2019-05-31 22:16:30
ACC-04206,Krishna Hospitality Services LLP,Hotels & Travel,Hospitality,,Bengaluru,Karnataka,krishnahospitalityserv.co.in,29KWXFK6742Q1ZI,,,Named,13,USR-208,2026-03-14 07:18:50
ACC-04207,Malnad Fleet Services,Cab Fleet Operator,Transportation Services,,Bengaluru,Karnataka,malnadfleetservices.in,29ZYOPM7292O1ZI,,,,34,USR-211,2019-04-02 21:39:55
ACC-04208,Annapoorna Holidays,Hotels & Travel,Hospitality,,Bengaluru,Karnataka,annapoornaholidays.in,,,,,19,USR-202,2023-07-30 02:34:29
ACC-04209,Rapid Fleet Services,Cab Fleet Operator,Transportation Services,,Mangaluru,Karnataka,rapidfleetservices.com,29AXZPR1458L1ZB,,,,10,USR-209,2024-08-29 01:19:10
ACC-04210,Bharath Car Hire Pvt Ltd,Car Rental & Self-Drive,Automotive Rental,,Bengaluru,Karnataka,bharathcarhire.com,29QEVCB1908E1ZT,,,,103,USR-214,2025-10-28 10:36:56
ACC-04211,Bluechip Hotels & Resorts Pvt Ltd,Hotels & Travel,Hospitality,,Belagavi,Karnataka,bluechiphotelsresorts.in,,,,,27,USR-201,2020-04-10 20:54:57
ACC-04212,Vega Medical Trust,Hospitals & Education,Healthcare,,Bengaluru,Karnataka,vegamedicaltrust.co.in,29GLTTV5923F1ZY,744332542,,,5,USR-216,2026-01-15 21:50:33
ACC-04213,Krishna Leasing Pvt Ltd,Leasing & Subscription,Banking & Financial Services,,Bengaluru,Karnataka,krishnaleasing.co.in,29YZFCK9207T1ZI,435598545,,,1152,USR-208,2026-07-31 09:01:35
ACC-04214,Akshaya Employee Transport Solutions LLP,Employee Transport Services,Transportation Services,,Bengaluru,Karnataka,akshayaemployeetranspo.co.in,29WDTFA1643W1ZL,,,,132,USR-202,2022-10-31 17:32:02
ACC-04215,Tunga Precision Components Pvt Ltd,Corporate (Staff & Executive Cars),Manufacturing,,Bengaluru,Karnataka,tungaprecisioncomponen.com,29YQBCT4517X1ZS,241360745,,Named,20,USR-209,2025-11-05 23:35:16
ACC-04216,Sterling Commute Solutions LLP,Employee Transport Services,Transportation Services,,Bengaluru,Karnataka,sterlingcommutesolutio.co.in,29MCSFS3783Y1ZZ,,,Key,31,USR-197,2019-12-10 03:49:55
ACC-04217,Shubham Travels Pvt Ltd,Cab Fleet Operator,Transportation Services,,Davanagere,Karnataka,shubhamtravels.in,29ACDCS2183Z1Z2,,,,22,USR-204,2026-04-23 15:19:09
ACC-04218,Akshaya Digital Systems Pvt Ltd,Corporate (Staff & Executive Cars),Information Technology,,Bengaluru,Karnataka,akshayadigitalsystems.co.in,29KERCA6771W1ZO,,,,4,USR-208,2024-06-27 14:34:49
ACC-04219,Shree Balaji Education Trust,Hospitals & Education,Education,,Bengaluru,Karnataka,shreebalajieducationtr.co.in,29QVATS8469A1ZL,,,,6,USR-203,2023-07-16 09:36:06
ACC-04220,Crescent Multispeciality Hospital Pvt Ltd,Hospitals & Education,Health Care,,Hubli,Karnataka,crescentmultispecialit.com,29INXCC5460D1ZA,,,,37,USR-216,2026-02-03 06:07:20
ACC-04221,Skyline Self Drive Cars,Car Rental & Self-Drive,Automotive Rental,,Bengaluru,Karnataka,skylineselfdrivecars.in,29HWMPS4318N1ZH,,,,107,USR-204,2019-04-07 16:04:51
ACC-04222,Srinidhi Employee Transport Solutions Ltd,Employee Transport Services,Transportation Services,,Bengaluru,Karnataka,srinidhiemployeetransp.com,,,,,223,USR-202,2025-09-07 17:26:23
ACC-04223,Evergreen Leasing Ltd,Leasing & Subscription,Banking & Financial Services,,Tumakuru,Karnataka,evergreenleasingltd.com,29QMHCE6912N1ZY,390689279,,Named,438,USR-209,2026-08-07 12:14:09
ACC-04224,Unity College Pvt Ltd,Hospitals & Education,Education,,Hubballi,Karnataka,unitycollege.com,29QHVCU7868R1ZQ,,,,5,USR-216,2023-07-26 03:11:50
ACC-04225,Vasudha Hospitality Services Pvt Ltd,Hotels & Travel,Hospitality,,Bengaluru,Karnataka,vasudhahospitalityserv.in,29IEDCV5043O1ZC,425785743,,Named,15,USR-204,2020-04-20 02:10:05
ACC-04226,Metro Digital Systems LLP,Corporate (Staff & Executive Cars),Information Technology,,Hubballi,Karnataka,metrodigitalsystems.in,29HHPFM9731J1ZX,813465352,,,17,USR-216,2019-03-06 22:13:51
ACC-04227,Sterling Holidays Pvt Ltd,Hotels & Travel,Hospitality,,Bengaluru,Karnataka,sterlingholidays.com,29SCQCS7924Z1Z0,,,,12,USR-204,2023-01-18 10:42:49
ACC-04228,Tunga Credit Services Pvt Ltd,Corporate (Staff & Executive Cars),Banking & Financial Services,,Bengaluru,Karnataka,tungacreditservices.co.in,,274284048,,,15,USR-215,2024-09-10 07:45:18
ACC-04229,Aadhya Car Rentals LLP,Car Rental & Self-Drive,Automotive Rental,,Bengaluru,Karnataka,aadhyacarrentals.co.in,,,,Named,55,USR-208,2026-06-05 13:29:17
ACC-04230,Lotus Mobility Services LLP,Employee Transport Services,Transportation Services,,Hubballi,Karnataka,lotusmobilityservices.in,29LGHFL2297Z1Z9,,,,37,USR-208,2019-09-26 16:00:02
ACC-04231,Vijaya Cabs,Cab Fleet Operator,Transportation Services,,Tumakuru,Karnataka,vijayacabs.co.in,29RBTPV6778M1ZM,,,,31,USR-213,2022-04-04 00:47:25
ACC-04232,Urbanline College,Hospitals & Education,Education,,Bengaluru,Karnataka,urbanlinecollege.com,29ELGTU9458P1ZF,,,Named,6,USR-208,2024-07-17 06:16:13
ACC-04233,Sri Ganesh Cabs,Cab Fleet Operator,Transportation Services,,Bengaluru,Karnataka,sriganeshcabs.co.in,29QIXPS3650Y1Z2,,,,40,USR-206,2019-11-02 15:06:00
ACC-04234,Shree Balaji Tours & Travels Pvt Ltd,Cab Fleet Operator,Transportation Services,,Mangaluru,Karnataka,shreebalajitourstravel.com,29MCECS7199J1Z3,,,Named,28,USR-208,2020-05-21 02:44:10
ACC-04235,Public Works Division - Kolar,Government / PSU,Government,,Bengaluru,Karnataka,,29UXJGP4536H1Z0,,,Named,27,USR-206,2025-07-18 04:24:40
ACC-04236,Shubham Car Hire Pvt Ltd,Car Rental & Self-Drive,Automotive Rental,,Bengaluru,Karnataka,shubhamcarhire.in,29PVMCS9898Q1Z1,,,,29,USR-206,2025-05-08 22:56:08
ACC-04237,Metro Tours & Travels,Cab Fleet Operator,Transportation Services,,Davangere,Karnataka,metrotourstravels.com,29JTNPM3894R1Z3,,,,15,USR-209,2023-01-16 16:35:15
ACC-04238,Agriculture Department Office - Bengaluru Rural,Government / PSU,Government,,Mysore,Karnataka,,29KDFGA9146M1ZF,,,,19,USR-211,2025-05-01 04:45:22
ACC-04239,Sai Krupa Multispeciality Hospital,Hospitals & Education,Healthcare,,bengaluru,Karnataka,saikrupamultispecialit.co.in,29CMSTS6764Q1Z8,,,,14,USR-206,2021-05-08 07:15:14
ACC-04240,Samruddhi Credit Services Pvt Ltd,Corporate (Staff & Executive Cars),Banking & Financial Services,,Bengaluru,Karnataka,samruddhicreditservice.co.in,29IEPCS6671I1Z3,218259406,,,16,USR-206,2026-01-01 09:38:59
ACC-04241,Urbanline Taxi Services Pvt Ltd,Cab Fleet Operator,Transportation Services,,Bengaluru,Karnataka,urbanlinetaxiservices.co.in,29WJKCU9696W1ZA,,,,85,USR-216,2020-05-07 01:59:09
ACC-04242,Sanjeevini Commute Solutions Pvt Ltd,Employee Transport Services,Transportation Services,,Bengaluru,Karnataka,sanjeevinicommutesolut.co.in,29WZLCS3311T1ZL,,,,142,USR-212,2023-06-27 19:33:32
ACC-04243,Sanjeevini Travels Pvt Ltd,Cab Fleet Operator,Transportation Services,,Bengaluru,Karnataka,sanjeevinitravels.co.in,29ljncs7724t1z9,,,,48,USR-213,2019-05-17 20:33:51
ACC-04244,Bluechip Mobility Services Pvt Ltd,Employee Transport Services,Transportation Services,,Tumakuru,Karnataka,bluechipmobilityservic.com,29HICCB7840K1ZO,701519790,,,22,USR-206,2021-01-31 06:38:38
ACC-04245,Greenline Staff Transport Services Ltd,Employee Transport Services,Transportation Services,,Bengaluru,Karnataka,greenlinestafftranspor.co.in,29EZWCG7920P1ZX,,,,146,USR-208,2025-07-04 09:25:41
ACC-04246,Sapphire Tours & Travels,Cab Fleet Operator,Transportation Services,,Tumakuru,Karnataka,sapphiretourstravels.co.in,29OZNPS7551F1ZB,,,,9,USR-210,2023-09-05 18:32:57
ACC-04247,Bharath Car Subscription Services Pvt Ltd,Leasing & Subscription,Banking & Financial Services,,Bengaluru,Karnataka,bharathcarsubscription.co.in,29AEZCB4639U1ZY,,,,685,USR-202,2019-07-07 21:53:54
ACC-04248,Navya Engineering Works LLP,Corporate (Staff & Executive Cars),Manufacturing,,Bengaluru,Karnataka,navyaengineeringworks.com,29ENMFN8162S1Z8,,,,36,USR-215,2024-04-22 15:00:51
ACC-04249,Kodagu Fleet Services,Cab Fleet Operator,Transportation Services,,Bengaluru,Karnataka,kodagufleetservices.in,29NHKPK0283U1Z2,217834473,,,38,USR-204,2026-04-21 09:27:04
ACC-04250,Suvarna Car Subscription Services Pvt Ltd,Leasing & Subscription,Banking & Financial Services,,Bengaluru,Karnataka,suvarnacarsubscription.co.in,29ROOCS8150T1ZU,147408205,,,111,USR-204,2026-02-13 02:48:56
ACC-04251,Samruddhi Engineering Works Pvt Ltd,Corporate (Staff & Executive Cars),Manufacturing,,Bengaluru,Karnataka,samruddhiengineeringwo.in,29OKYCS6013B1Z6,248655113,,,29,USR-214,2024-12-02 10:09:55
ACC-04252,Vasudha Multispeciality Hospital,Hospitals & Education,Healthcare,,Bengaluru,Karnataka,vasudhamultispeciality.co.in,29SCPTV3614E1ZJ,523932016,,,6,USR-206,2026-07-07 11:46:10
ACC-04253,Swift Employee Transport Solutions Pvt Ltd,Employee Transport Services,Transportation Services,,Bengaluru,Karnataka,swiftemployeetransport.in,29KDLCS4722Y1ZN,,,,152,USR-208,2024-12-10 01:20:38
ACC-04254,Crescent Fleet Services,Cab Fleet Operator,Transportation Services,,Mysuru,Karnataka,crescentfleetservices.com,29UOTPC9365N1ZC,,,,24,USR-216,2018-12-10 03:15:45
ACC-04255,Public Works Division - Hassan,Government / PSU,Govt.,,BLR,Karnataka,,,,,Named,57,USR-204,2018-10-02 10:47:59
ACC-04256,Trishul Car Rentals Pvt Ltd,Car Rental & Self-Drive,Automotive Rental,,Bengaluru,Karnataka,trishulcarrentals.co.in,29PDPCT6388U1Z3,694779794,,Named,45,USR-201,2018-11-28 08:37:35
ACC-04257,Hoysala Holidays,Hotels & Travel,Hospitality,,Tumakuru,Karnataka,hoysalaholidays.co.in,29MOVPH8287T1ZY,,,,10,USR-209,2025-07-05 13:02:34
ACC-04258,Hampi Cab Services Pvt Ltd,Cab Fleet Operator,Transportation Services,,Bengaluru,Karnataka,hampicabservices.com,29EYFCH2598E1ZU,,,,61,USR-202,2019-07-01 18:51:21
ACC-04259,Orbit Car Rentals,Car Rental & Self-Drive,Automotive Rental,,Bengaluru,Karnataka,orbitcarrentals.com,29IHYPO2537Q1ZW,,,,36,USR-211,2018-12-18 13:19:54
ACC-04260,Pragati Self Drive Cars,Car Rental & Self-Drive,Car Rental,,Mysuru,Karnataka,pragatiselfdrivecars.co.in,,,,,77,USR-204,2020-08-25 00:32:42
ACC-04261,Maruthi Nagar Travels,Cab Fleet Operator,Transportation Services,,Bengaluru,Karnataka,maruthinagartravels.co.in,29ONIPM3598H1ZZ,,,,11,USR-206,2026-05-21 22:31:23
ACC-04262,Shree Balaji Fleet Services Pvt Ltd,Cab Fleet Operator,Transportation Services,,Bengaluru,Karnataka,shreebalajifleetservic.com,29VIDCS1915G1ZD,,,,65,USR-208,2020-05-31 06:05:50
ACC-04263,Bharath Traders LLP,Corporate (Staff & Executive Cars),Retail,,Bengaluru,Karnataka,bharathtraders.in,29UEHFB9828J1Z3,,,,10,USR-204,2018-12-20 17:50:19
ACC-04264,Sterling Infotech LLP,Corporate (Staff & Executive Cars),Information Technology,,Bengaluru,Karnataka,sterlinginfotech.com,29GGGFS0251T1Z2,,,,5,USR-216,2023-09-03 15:39:43
ACC-04265,Prime Cabs Pvt Ltd,Cab Fleet Operator,Transportation Services,,Bengaluru,Karnataka,primecabs.in,29MXJCP7074Q1ZQ,,,,38,USR-209,2021-10-27 18:16:44
ACC-04266,Bluechip Cab Services LLP,Cab Fleet Operator,Transportation Services,,Bengaluru,Karnataka,bluechipcabservices.co.in,29JMXFB9337D1ZY,,,,24,USR-206,2026-03-30 12:01:46
ACC-04267,Amrutha Cab Services,Cab Fleet Operator,Transportation Services,,Bengaluru,Karnataka,amruthacabservices.co.in,29WBUPA6099F1ZI,,,,24,USR-209,2021-10-07 20:01:01
ACC-04268,Yashas Healthcare Products Pvt Ltd,Corporate (Staff & Executive Cars),Pharma,,BLR,Karnataka,yashashealthcareproduc.com,29ECOCY3354B1ZV,,,,13,USR-206,2020-11-01 12:10:20
ACC-04269,Chamundi Diagnostics Pvt Ltd,Hospitals & Education,Healthcare,,Bengaluru,Karnataka,chamundidiagnostics.in,29ZVCCC2318T1ZA,548982299,,Key,11,USR-199,2026-03-27 05:24:49
ACC-04270,Sterling Cabs,Cab Fleet Operator,Transportation Services,,Hubballi,Karnataka,sterlingcabs.co.in,29VGGPS5764U1ZG,,,Key,12,USR-198,2022-11-29 11:19:22
ACC-04271,Ujwal Commute Solutions LLP,Employee Transport Services,Transportation Services,,Bengaluru,Karnataka,ujwalcommutesolutions.in,29ROTFU1661L1Z3,,,,157,USR-215,2024-05-01 02:46:13
ACC-04272,Chaitanya Life Sciences Pvt Ltd,Corporate (Staff & Executive Cars),Pharmaceuticals,,Bengaluru,Karnataka,chaitanyalifesciences.co.in,29XJBCC8786R1ZD,138886935,,,11,USR-214,2021-01-15 14:22:43
ACC-04273,Public Works Division - Koppal,Government / PSU,Government,,Bengaluru,Karnataka,,29ENJGP9146I1ZP,,,,45,USR-206,2021-05-13 15:21:49
ACC-04274,Surya College Pvt Ltd,Hospitals & Education,Education,,Tumakuru,Karnataka,suryacollege.in,,,,Named,7,USR-209,2025-07-03 02:11:00
ACC-04275,Deccan Life Sciences Pvt Ltd,Corporate (Staff & Executive Cars),Pharmaceuticals,,Mysuru,Karnataka,deccanlifesciences.in,29CNTCD6126P1ZX,,,,28,USR-209,2021-01-03 00:09:18
ACC-04276,Silicon Tours & Travels Pvt Ltd,Cab Fleet Operator,Transportation Services,,Bengaluru,Karnataka,silicontourstravels.in,29KWACS4471C1ZY,,,,38,USR-202,2020-06-17 11:02:41
ACC-04277,Navya Finance Ltd,Corporate (Staff & Executive Cars),Banking & Financial Services,,Mangaluru,Karnataka,navyafinanceltd.com,29JZWCN0756A1ZK,,,Named,17,USR-211,2025-11-28 11:29:12
ACC-04278,Shubham Cab Services Pvt Ltd,Cab Fleet Operator,Transportation Services,,Bengaluru,Karnataka,shubhamcabservices.co.in,29SZACS1116Q1Z7,,,,118,USR-209,2019-03-18 18:57:43
ACC-04279,Crescent Staff Transport Services Ltd,Employee Transport Services,Transportation Services,,Bengaluru,Karnataka,crescentstafftransport.com,,593489510,,,55,USR-211,2018-11-30 01:40:04
ACC-04280,Metro Resorts Pvt Ltd,Hotels & Travel,Hospitality,,Davanagere,Karnataka,metroresorts.co.in,29FFJCM4031S1ZE,208550623,,,11,USR-204,2025-12-29 21:02:57
ACC-04281,Hoysala Supermarts LLP,Corporate (Staff & Executive Cars),Retail,,Bengaluru,Karnataka,hoysalasupermarts.com,29LZQFH7389R1Z6,486965955,,,11,USR-212,2020-05-12 20:42:01
ACC-04282,Tulasi Medical Trust Pvt Ltd,Hospitals & Education,Healthcare,,Shivamogga,Karnataka,tulasimedicaltrust.com,29DVQCT9778Y1ZX,962895133,,,12,USR-211,2022-08-07 05:24:21
ACC-04283,Sanjeevini Hotels & Resorts Pvt Ltd,Hotels & Travel,Hospitality,,Bengaluru,Karnataka,sanjeevinihotelsresort.com,29MQPCS0920J1ZS,,,,4,USR-203,2020-01-25 09:12:33
ACC-04284,Omkar Rent-a-Car LLP,Car Rental & Self-Drive,Automotive Rental,,Tumakuru,Karnataka,omkarrentacar.co.in,,,,,13,USR-209,2022-09-22 15:18:48
ACC-04285,Deccan Holidays Pvt Ltd,Hotels & Travel,Hospitality,,Mangaluru,Karnataka,deccanholidays.co.in,29OLUCD9204R1ZJ,,,,16,USR-216,2024-01-24 13:39:17
ACC-04286,Pinnacle Tours & Travels,Cab Fleet Operator,Transportation Services,,Bengaluru,Karnataka,pinnacletourstravels.com,29QHTPP7208N1ZW,,,Named,26,USR-202,2022-02-16 18:30:02
ACC-04287,Deccan Tours & Travels,Cab Fleet Operator,Transportation Services,,Mysuru,Karnataka,deccantourstravels.co.in,29HPNPD1497O1ZX,337938029,,,16,USR-202,2026-06-04 04:15:40
ACC-04288,Tulasi Staff Transport Services Pvt Ltd,Employee Transport Services,Transportation Services,,Bengaluru,Karnataka,tulasistafftransportse.co.in,29WPBCT1943N1ZG,547722462,,Named,348,USR-214,2026-07-15 17:04:01
ACC-04289,Krishna Employee Transport Solutions LLP,Employee Transport Services,Transportation Services,,Bengaluru,Karnataka,krishnaemployeetranspo.co.in,,663377229,,,206,USR-202,2019-11-22 22:53:34
ACC-04290,Bharath Institute of Technology,Hospitals & Education,Education,,Bengaluru,Karnataka,bharathinstituteoftech.in,29FATTB1883R1ZE,457938955,,,6,USR-206,2020-10-11 04:12:47
ACC-04291,Ujwal Polymers Pvt Ltd,Corporate (Staff & Executive Cars),Manufacturing,,Bengaluru,Karnataka,ujwalpolymers.com,29DLGCU9575N1ZH,,,,44,USR-214,2026-01-28 13:54:40
ACC-04292,Sanjeevini Industries Pvt Ltd,Corporate (Staff & Executive Cars),Manufacturing,,Bengaluru,Karnataka,sanjeeviniindustries.co.in,29PUWCS2794T1Z6,,,,11,USR-214,2025-10-30 04:13:36
ACC-04293,Srinidhi Infra Projects Ltd,Corporate (Staff & Executive Cars),Construction & Real Estate,,Davanagere,Karnataka,srinidhiinfraprojectsl.com,29XCKCS7148V1Z9,339426503,,,37,USR-206,2025-02-15 14:47:39
ACC-04294,Unity Public School,Hospitals & Education,Education,,Bengaluru,Karnataka,unitypublicschool.in,,,,,8,USR-209,2025-03-16 05:48:01
ACC-04295,Skyline Polymers Pvt Ltd,Corporate (Staff & Executive Cars),Mfg,,Bengaluru,Karnataka,skylinepolymers.co.in,29IJQCS0368L1ZV,488661889,,Named,11,USR-214,2021-07-25 16:20:20
ACC-04296,Sunrise Resorts,Hotels & Travel,Hospitality,,Bengaluru,Karnataka,sunriseresorts.co.in,29TUTPS6246D1ZG,152651544,,,34,USR-208,2019-04-05 20:47:52
ACC-04297,Deccan Corporate Mobility LLP,Employee Transport Services,Travels,,Hubballi,Karnataka,deccancorporatemobilit.in,29LODFD7242H1ZA,,,Named,55,USR-214,2022-11-16 13:09:22
ACC-04298,Sai Krupa Holidays Pvt Ltd,Hotels & Travel,Hospitality,,Bengaluru,Karnataka,saikrupaholidays.co.in,29GAPCS0644S1Z8,738038087,,,23,USR-214,2023-09-13 16:48:14
ACC-04299,Malnad Commute Solutions LLP,Employee Transport Services,Transportation Services,,Davanagere,Karnataka,malnadcommutesolutions.co.in,29GVNFM2947C1ZQ,,,,81,USR-210,2022-09-07 06:31:05
ACC-04300,Sri Lakshmi Digital Systems Pvt Ltd,Corporate (Staff & Executive Cars),Information Technology,,Bengaluru,Karnataka,srilakshmidigitalsyste.com,29JQKCS9133F1ZU,,,,43,USR-211,2026-01-24 02:32:39
ACC-04301,Aadhya Precision Components LLP,Corporate (Staff & Executive Cars),Manufacturing,,Belagavi,Karnataka,aadhyaprecisioncompone.co.in,29OQKFA4151T1ZG,,,,36,USR-204,2020-10-21 15:01:17
ACC-04302,Chaitanya Polymers Pvt Ltd,Corporate (Staff & Executive Cars),Manufacturing,,udupi,Karnataka,chaitanyapolymers.in,29CGECC8273R1ZC,578900665,,,13,USR-214,2026-05-25 20:33:25
ACC-04303,Crescent Commute Solutions LLP,Employee Transport Services,Transportation Services,,Mysuru,Karnataka,crescentcommutesolutio.co.in,29RYNFC7598O1ZD,786185940,,,291,USR-208,2026-03-21 01:16:19
ACC-04304,Vega Leasing Ltd,Leasing & Subscription,Banking & Financial Services,,Bengaluru,Karnataka,vegaleasingltd.co.in,29ZZYCV7962J1ZX,858326108,,,393,USR-209,2019-12-08 16:36:49
ACC-04305,Bharath Engineering Works Ltd,Corporate (Staff & Executive Cars),Manufacturing,,Belagavi,Karnataka,bharathengineeringwork.com,29TWSCB0202F1Z5,,,Named,7,USR-212,2022-03-03 06:56:16
ACC-04306,Kodagu Credit Services Pvt Ltd,Corporate (Staff & Executive Cars),Banking & Financial Services,,Tumakuru,Karnataka,kodagucreditservices.in,29AWKCK8564W1ZR,801903565,,Named,7,USR-205,2025-04-27 23:59:37
ACC-04307,Sterling Taxi Services Pvt Ltd,Cab Fleet Operator,Transportation Services,,Bengaluru,Karnataka,sterlingtaxiservices.com,,,,Named,16,USR-202,2020-05-14 22:16:21
ACC-04308,Police Motor Transport Unit - Chikkaballapur,Government / PSU,,,bengaluru,Karnataka,,29JDZGP2563X1Z4,,,,11,USR-202,2020-04-27 13:13:26
ACC-04309,Rapid Supermarts Ltd,Corporate (Staff & Executive Cars),Retail,,Bengaluru,Karnataka,rapidsupermartsltd.com,29HVXCR6034T1ZN,415758733,,,36,USR-209,2023-06-06 21:01:42
ACC-04310,Mahalakshmi Car Rentals,Car Rental & Self-Drive,Automotive Rental,,Bengaluru,Karnataka,mahalakshmicarrentals.com,29HAKPM6231V1ZI,257366419,,,68,USR-209,2019-10-31 19:49:05
ACC-04311,Navya Travels LLP,Cab Fleet Operator,Transportation Services,,Mangaluru,Karnataka,navyatravels.co.in,29DCGFN8936L1ZH,254734909,,,46,USR-204,2019-08-13 06:23:15
ACC-04312,Evergreen Hotels & Resorts LLP,Hotels & Travel,Hospitality,,Mangaluru,Karnataka,evergreenhotelsresorts.com,29QIYFE1128B1ZI,,,,26,USR-209,2026-09-19 02:58:26
ACC-04313,Zenith Precision Components Pvt Ltd,Corporate (Staff & Executive Cars),Manufacturing,,Bengaluru,Karnataka,zenithprecisioncompone.com,29HKGCZ9090S1Z6,131529742,,,11,USR-202,2023-08-11 11:56:32
ACC-04314,Anugraha Commute Solutions Ltd,Employee Transport Services,Transportation Services,,Bengaluru,Karnataka,anugrahacommutesolutio.in,29NKYCA9750L1ZM,,,,85,USR-209,2021-12-26 10:21:55
ACC-04315,Deccan Taxi Services,Cab Fleet Operator,Transport,,bengaluru,Karnataka,deccantaxiservices.com,29ZQRPD2945G1ZV,,,,24,USR-208,2023-08-02 20:55:36
ACC-04316,Greenline Travels LLP,Cab Fleet Operator,Transportation Services,,Bengaluru,Karnataka,greenlinetravels.in,29SUDFG0630A1ZG,,,,24,USR-215,2020-02-11 13:53:08
ACC-04317,Surya Rent-a-Car,Car Rental & Self-Drive,Automotive Rental,,Belagavi,Karnataka,suryarentacar.in,29ATOPS9754M1ZC,,,,30,USR-206,2026-06-19 01:18:07
ACC-04318,Tunga Infotech LLP,Corporate (Staff & Executive Cars),Information Technology,,Bangalore,Karnataka,tungainfotech.com,29KGOFT3767F1ZZ,559194408,,,15,USR-213,2023-01-11 03:12:26
ACC-04319,Navya Staff Transport Services LLP,Employee Transport Services,Transportation Services,,Mangaluru,Karnataka,navyastafftransportser.in,29USVFN7312Q1ZN,933039598,,,95,USR-214,2020-12-20 01:34:24
ACC-04320,Elite Employee Transport Solutions Pvt Ltd,Employee Transport Services,Transportation Services,,Bengaluru,Karnataka,eliteemployeetransport.com,29GJFCE1879Z1ZK,265326314,,Named,61,USR-216,2024-08-06 14:27:27
ACC-04321,Chandra Digital Systems Ltd,Corporate (Staff & Executive Cars),Information Technology,,Bengaluru,Karnataka,chandradigitalsystemsl.com,29OXICC4084T1Z0,,,,9,USR-207,2023-06-11 05:18:28
ACC-04322,Rapid Travels LLP,Cab Fleet Operator,Transportation Services,,Bengaluru,Karnataka,rapidtravels.in,29HSFFR9515S12Z,,,,14,USR-209,2024-10-10 21:10:41
ACC-04323,Heritage Industries LLP,Corporate (Staff & Executive Cars),Manufacturing,,Davanagere,Karnataka,heritageindustries.co.in,,821174043,,,11,USR-211,2021-04-14 20:31:22
ACC-04324,Chamundi Leasing LLP,Leasing & Subscription,Banking & Financial Services,,Mangaluru,Karnataka,chamundileasing.com,29LVWFC0834Y1ZN,890890602,,,116,USR-209,2025-03-24 16:27:22
ACC-04325,Sanjeevini Car Rentals,Car Rental & Self-Drive,Automotive Rental,,Belagavi,Karnataka,sanjeevinicarrentals.com,29ASHPS8051X1ZB,,,,73,USR-211,2021-11-07 02:59:44
ACC-04326,Namma Hotels & Resorts LLP,Hotels & Travel,Hospitality,,Bengaluru,Karnataka,nammahotelsresorts.in,29DBPFN7407C1ZY,,,,5,USR-208,2020-11-02 16:07:15
ACC-04327,Galaxy Travels Pvt Ltd,Cab Fleet Operator,Travels,,Bengaluru,Karnataka,galaxytravels.in,29IBECG7192Q1ZE,,,Named,65,USR-215,2019-07-20 07:10:48
ACC-04328,Kodagu Holidays Pvt Ltd,Hotels & Travel,Hospitality,,Mangaluru,Karnataka,kodaguholidays.co.in,,,,,22,USR-216,2023-05-21 08:09:51
ACC-04329,Hoysala Tours & Travels Pvt Ltd,Cab Fleet Operator,Travels,,Tumkur,Karnataka,hoysalatourstravels.co.in,29ITVCH9011Z1ZR,,,,29,USR-206,2023-04-16 13:47:55
ACC-04330,Kadamba Hospitality Services Pvt Ltd,Hotels & Travel,Hospitality,,Shivamogga,Karnataka,kadambahospitalityserv.com,29EAKCK3170P1ZQ,,,Key,14,USR-197,2023-07-10 00:17:19
ACC-04331,Tunga Hotels & Resorts LLP,Hotels & Travel,Hotels,,Bengaluru,Karnataka,tungahotelsresorts.in,29JEWFT8331L1ZP,,,,10,USR-214,2023-03-08 16:27:33
ACC-04332,Suvarna Mobility Services Ltd,Employee Transport Services,Transportation Services,,Tumakuru,Karnataka,suvarnamobilityservice.in,29QHECS4556Q1ZO,323913029,,,238,USR-204,2021-02-12 14:11:06
ACC-04333,Urbanline Car Subscription Services LLP,Leasing & Subscription,Banking & Financial Services,,Bengaluru,Karnataka,urbanlinecarsubscripti.in,29SAGFU0030E1Z2,324006385,,,364,USR-204,2025-09-05 05:29:51
ACC-04334,Deccan Mobility Services LLP,Employee Transport Services,Transportation,,Belagavi,Karnataka,deccanmobilityservices.com,29ZOVFD7916G1ZB,,,,150,USR-214,2023-04-02 17:07:43
ACC-04335,Pragati Mobility Services Pvt Ltd,Employee Transport Services,Transportation Services,,Bengaluru,Karnataka,pragatimobilityservice.in,,,,,102,USR-212,2020-05-13 20:14:46
ACC-04336,Galaxy Taxi Services,Cab Fleet Operator,,,Bengaluru,Karnataka,galaxytaxiservices.co.in,29WHGPG8023C1Z0,,,,36,USR-202,2025-07-10 08:16:32
ACC-04337,Sri Ganesh Staff Transport Services Pvt Ltd,Employee Transport Services,Transportation Services,,Mysuru,Karnataka,sriganeshstafftranspor.co.in,29OWFCS2005M1ZM,634208139,,,45,USR-214,2022-01-25 07:06:47
ACC-04338,Swift Travels,Cab Fleet Operator,,,Bengaluru,Karnataka,swifttravels.com,29HBKPS5541Y1Z1,,,,19,USR-216,2026-02-06 10:38:47
ACC-04339,Kadamba Travels LLP,Cab Fleet Operator,Transportation Services,,Bengaluru,Karnataka,kadambatravels.in,29SQBFK1172E1Z7,,,,5,USR-214,2023-01-09 13:51:00
ACC-04340,Elite Precision Components Ltd,Corporate (Staff & Executive Cars),Manufacturer,,Bengaluru,Karnataka,eliteprecisioncomponen.co.in,29OJHCE3284V1ZN,293271449,,,40,USR-204,2025-12-03 04:46:40
ACC-04341,Ujwal Constructions Pvt Ltd,Corporate (Staff & Executive Cars),Construction & Real Estate,,BLR,Karnataka,ujwalconstructions.co.in,29PQFCU1654E1ZZ,,,,13,USR-206,2019-08-14 03:54:29
ACC-04342,Annapoorna Mobility Services Pvt Ltd,Employee Transport Services,Transportation Services,,Bengaluru,Karnataka,annapoornamobilityserv.in,29JYPCA9621G1ZO,,,,194,USR-211,2024-07-09 12:43:37
ACC-04343,Skyline Fleet Services,Cab Fleet Operator,Transportation Services,,Bangalore,Karnataka,skylinefleetservices.in,29TKMPS2701X1ZI,,,,42,USR-203,2021-07-08 17:23:20
ACC-04344,Lotus Tours & Travels,Cab Fleet Operator,Transportation Services,,Bengaluru,Karnataka,lotustourstravels.co.in,29CVSPL3766P1ZB,,,,12,USR-214,2025-07-31 23:42:34
ACC-04345,Rapid Hospital Pvt Ltd,Hospitals & Education,Healthcare,,bengaluru,Karnataka,rapidhospital.in,29DGXCR4361S1ZM,,,,7,USR-214,2026-02-06 15:21:33
ACC-04346,Urbanline Tours & Travels LLP,Cab Fleet Operator,Transportation,,Bengaluru,Karnataka,urbanlinetourstravels.in,,,,Named,16,USR-214,2020-04-17 19:08:52
ACC-04347,Ujwal Developers Pvt Ltd,Corporate (Staff & Executive Cars),Construction & Real Estate,,Mangaluru,Karnataka,ujwaldevelopers.co.in,29YARCU9570G1ZS,542483260,,,16,USR-209,2025-07-17 21:51:43
ACC-04348,Akshaya Fleet Leasing Pvt Ltd,Leasing & Subscription,Banking & Financial Services,,Mangaluru,Karnataka,akshayafleetleasing.in,29IIGCA8230Z1ZW,,,,283,USR-216,2025-08-16 14:33:50
ACC-04349,Galaxy Fleet Services,Cab Fleet Operator,Transport,,Bangalore,Karnataka,galaxyfleetservices.in,29PWDPG7429X1Z0,,,,28,USR-208,2026-08-09 18:58:58
ACC-04350,Galaxy Commute Solutions Pvt Ltd,Employee Transport Services,Transport,,Davanagere,Karnataka,galaxycommutesolutions.com,29DBNCG8065F1ZZ,819174035,,,143,USR-205,2019-05-31 15:45:51
ACC-04351,Vasudha Taxi Services LLP,Cab Fleet Operator,Transportation Services,,Mysuru,Karnataka,vasudhataxiservices.com,29DQJFV5037E1ZZ,,,,36,USR-207,2025-01-19 19:59:05
ACC-04352,Sanjeevini Corporate Mobility Pvt Ltd,Employee Transport Services,Transportation Services,,Mysuru,Karnataka,sanjeevinicorporatemob.in,29UMCCS2435L1ZV,,,Named,139,USR-206,2025-04-30 13:10:05
ACC-04353,Sri Lakshmi Builders Ltd,Corporate (Staff & Executive Cars),Real Estate,,Bengaluru,Karnataka,srilakshmibuildersltd.com,29YPUCS3707T1ZM,904008964,,,18,USR-201,2020-05-17 10:44:06
ACC-04354,Hoysala Hospitality Services Pvt Ltd,Hotels & Travel,Hospitality,,Tumakuru,Karnataka,hoysalahospitalityserv.com,29MGWCH8488F1ZV,,,,6,USR-208,2026-04-06 01:48:43
ACC-04355,Horizon Healthcare Products LLP,Corporate (Staff & Executive Cars),Pharmaceuticals,,Mangaluru,Karnataka,horizonhealthcareprodu.co.in,29YFHFH1323H1ZM,866620755,,,4,USR-211,2024-09-04 06:02:48
ACC-04356,Samruddhi Leasing Pvt Ltd,Leasing & Subscription,Banking & Financial Services,,Mysuru,Karnataka,samruddhileasing.com,29PKICS7480M1ZH,139427333,,,358,USR-214,2025-07-28 23:20:20
ACC-04357,Vega Commute Solutions LLP,Employee Transport Services,Transportation Services,,Udupi,Karnataka,vegacommutesolutions.com,29WRJFV0592J1Z1,853286549,,,37,USR-209,2026-07-18 05:13:01
ACC-04358,Shree Balaji Cabs LLP,Cab Fleet Operator,Transportation Services,,Bengaluru,Karnataka,shreebalajicabs.com,29UKMFS1590B1ZY,,,,47,USR-216,2023-12-22 22:43:25
ACC-04359,Sunrise Credit Services Pvt Ltd,Corporate (Staff & Executive Cars),Banking & Financial Services,,Hubballi,Karnataka,sunrisecreditservices.in,29NURCS0430O1ZA,,,,24,USR-216,2026-06-01 12:19:54
ACC-04360,Tulasi Car Subscription Services Pvt Ltd,Leasing & Subscription,Banking & Financial Services,,Bengaluru,Karnataka,tulasicarsubscriptions.in,29JJQCT6206S1ZI,,,,531,USR-204,2019-11-08 07:06:16
ACC-04361,Krishna Holidays,Hotels & Travel,Hospitality,,Bengaluru,Karnataka,krishnaholidays.co.in,29ULYPK5942V1ZY,,,,4,USR-211,2022-05-09 15:37:18
ACC-04362,Sri Ganesh Credit Services Ltd,Corporate (Staff & Executive Cars),Banking & Financial Services,,Hubballi,Karnataka,sriganeshcreditservice.com,29MGZCS1142N1ZV,374134273,,,35,USR-211,2025-08-28 18:36:59
ACC-04363,Tunga Supermarts LLP,Corporate (Staff & Executive Cars),Retail,,Bengaluru,Karnataka,tungasupermarts.co.in,29IFXFT0303H1ZG,,,,31,USR-216,2026-01-16 03:09:11
ACC-04364,Sterling Developers Pvt Ltd,Corporate (Staff & Executive Cars),Construction & Real Estate,,Bengaluru,Karnataka,sterlingdevelopers.co.in,29UZZCS2595I1ZB,,,Named,38,USR-213,2021-01-18 15:22:01
ACC-04365,Kaveri Credit Services Ltd,Corporate (Staff & Executive Cars),Banking,,Hubballi,Karnataka,kavericreditserviceslt.in,29MTXCK3614S1ZZ,753533936,,,10,USR-204,2026-06-14 11:08:08
ACC-04366,Vega Software Solutions Pvt Ltd,Corporate (Staff & Executive Cars),Information Technology,,Bengaluru,Karnataka,vegasoftwaresolutions.com,29ZXSCV3938P1Z3,,,,26,USR-204,2026-09-18 00:08:35
ACC-04367,Hoysala Hotels & Resorts Pvt Ltd,Hotels & Travel,Hospitality,,Bengaluru,Karnataka,hoysalahotelsresorts.co.in,29ZBSCH7555Y1Z3,243021219,,Key,7,USR-200,2024-10-01 11:22:05
ACC-04368,Heritage Self Drive Cars,Car Rental & Self-Drive,Automotive Rental,,Mysuru,Karnataka,heritageselfdrivecars.co.in,29OMIPH3936S1ZT,,,Named,94,USR-205,2023-07-01 13:06:16
ACC-04369,Nakshatra Resorts LLP,Hotels & Travel,,,Mysuru,Karnataka,nakshatraresorts.co.in,,,,Named,10,USR-213,2020-04-16 15:55:32
ACC-04370,Unity Tours & Travels Pvt Ltd,Cab Fleet Operator,Transportation Services,,Bengaluru,Karnataka,unitytourstravels.co.in,29KRQCU2766J1Z9,,,,32,USR-209,2024-12-08 12:39:12
ACC-04371,Bharath Fleet Services Pvt Ltd,Cab Fleet Operator,Transportation Services,,Bengaluru,Karnataka,bharathfleetservices.co.in,29TURCB5855J1Z8,,,,16,USR-209,2019-12-29 12:39:46
ACC-04372,Metro Hospital,Hospitals & Education,Healthcare,,Bengaluru,Karnataka,metrohospital.com,29TTKTM6895O1ZN,,,,7,USR-214,2026-04-25 03:23:38
ACC-04373,Royal Hotels & Resorts Pvt Ltd,Hotels & Travel,Hospitality,,Udupi,Karnataka,royalhotelsresorts.co.in,29NVUCR1421X1ZN,384114235,,Key,7,USR-197,2021-07-05 11:30:01
ACC-04374,Horizon Commute Solutions LLP,Employee Transport Services,Transportation Services,,Bengaluru,Karnataka,horizoncommutesolution.co.in,29OCRFH3296M12X,,,Named,20,USR-209,2022-11-01 22:19:55
ACC-04375,Vega Staff Transport Services Pvt Ltd,Employee Transport Services,Transportation Services,,Mangaluru,Karnataka,vegastafftransportserv.co.in,29SNMCV2676N1Z3,,,,90,USR-204,2026-06-13 14:20:17
ACC-04376,Sri Ganesh Leasing Pvt Ltd,Leasing & Subscription,Banking & Financial Services,,Hubballi,Karnataka,sriganeshleasing.in,29GJGCS1032H1ZT,973957391,,,567,USR-214,2020-01-03 20:52:13
ACC-04377,Netravati Car Rentals Pvt Ltd,Car Rental & Self-Drive,Automotive Rental,,Mysuru,Karnataka,netravaticarrentals.in,29FXWCN5701W1ZO,,,,41,USR-206,2025-02-09 22:14:52
ACC-04378,Ujwal Digital Systems Pvt Ltd,Corporate (Staff & Executive Cars),Information Technology,,Bengaluru,Karnataka,ujwaldigitalsystems.in,29ZTBCU1503N1ZG,865715845,,,25,USR-206,2025-12-17 16:46:39
ACC-04379,Mahalakshmi Commute Solutions Pvt Ltd,Employee Transport Services,,,Belagavi,Karnataka,mahalakshmicommutesolu.com,29KNKCM8883M1ZB,931359461,,,52,USR-211,2024-11-26 23:06:04
ACC-04380,Unity Rent-a-Car Pvt Ltd,Car Rental & Self-Drive,Automotive Rental,,Bengaluru,Karnataka,unityrentacar.in,29PKGCU9131W1Z5,,,,16,USR-204,2020-04-02 05:08:35
ACC-04381,Emerald Cab Services Pvt Ltd,Cab Fleet Operator,Transportation Services,,Bengaluru,Karnataka,emeraldcabservices.com,29MGKCE5373D1ZS,,,Named,10,USR-208,2026-08-04 15:44:55
ACC-04382,Pinnacle Capital Pvt Ltd,Corporate (Staff & Executive Cars),Banking & Financial Services,,Mysuru,Karnataka,pinnaclecapital.in,29ELVCP5807N1ZN,500995927,,,12,USR-211,2019-06-09 03:09:30
ACC-04383,Maruthi Nagar Cabs Pvt Ltd,Cab Fleet Operator,Transportation Services,,Bengaluru,Karnataka,maruthinagarcabs.in,29EHXCM6098E1Z3,,,,10,USR-214,2025-07-03 00:52:47
ACC-04384,Urbanline Credit Services LLP,Corporate (Staff & Executive Cars),Banking & Financial Services,,Mangalore,Karnataka,urbanlinecreditservice.in,29RVNFU5537G1ZZ,695664885,,,24,USR-204,2026-04-16 22:53:24
ACC-04385,Chamundi Fleet Services Pvt Ltd,Cab Fleet Operator,Transportation Services,,Bengaluru,Karnataka,chamundifleetservices.co.in,29CNJCC9837D1ZH,,,,28,USR-214,2021-09-18 08:58:29
ACC-04386,Sharavathi Infra Projects Ltd,Corporate (Staff & Executive Cars),Construction & Real Estate,,Mysuru,Karnataka,sharavathiinfraproject.in,,403751707,,,22,USR-214,2026-04-15 16:45:19
ACC-04387,Evergreen Mobility Services Pvt Ltd,Employee Transport Services,Transportation Services,,Bengaluru,Karnataka,evergreenmobilityservi.com,29ARCCE8009Z1ZL,,,,234,USR-209,2018-11-21 04:46:06
ACC-04388,Airavata Technologies Pvt Ltd,Corporate (Staff & Executive Cars),Information Technology,,Bengaluru,Karnataka,airavatatechnologies.co.in,29VYPCA9196Y1ZX,992054410,,,9,USR-216,2024-10-17 00:30:33
ACC-04389,Surya Healthcare Products Ltd,Corporate (Staff & Executive Cars),Pharma,,Bengaluru,Karnataka,suryahealthcareproduct.in,29CMSCS7208M1ZQ,640689011,,,33,USR-209,2025-01-05 01:54:46
ACC-04390,Sterling Life Sciences Pvt Ltd,Corporate (Staff & Executive Cars),Pharmaceuticals,,Bengaluru,Karnataka,sterlinglifesciences.co.in,29GEVCS7450K1Z0,206469633,,,18,USR-206,2025-02-09 01:36:30
ACC-04391,Vasudha Resorts LLP,Hotels & Travel,Hotels,,Mysuru,Karnataka,vasudharesorts.com,29JGDFV1581P1ZW,,,,8,USR-211,2026-06-17 22:22:17
ACC-04392,Shree Balaji Mobility Services LLP,Employee Transport Services,Transportation Services,,Bengaluru,Karnataka,shreebalajimobilityser.co.in,29JEBFS4724P1Z6,,,,61,USR-209,2025-05-01 20:57:59
ACC-04393,Hoysala Rent-a-Car,Car Rental & Self-Drive,Automotive Rental,,Bengaluru,Karnataka,hoysalarentacar.co.in,29OYAPH3080L1ZW,,,,55,USR-211,2024-06-08 09:48:32
ACC-04394,Yashas Holidays Pvt Ltd,Hotels & Travel,Hospitality,,Bengaluru ,Karnataka,yashasholidays.in,29DRBCY1410F1ZL,,,,22,USR-204,2025-06-14 17:55:46
ACC-04395,Sharada Pharmaceuticals Pvt Ltd,Corporate (Staff & Executive Cars),Pharmaceuticals,,Bengaluru,Karnataka,sharadapharmaceuticals.in,,,,Key,19,USR-198,2019-12-05 23:16:32
ACC-04396,Samruddhi Car Subscription Services Ltd,Leasing & Subscription,Banking & Financial Services,,Bengaluru,Karnataka,samruddhicarsubscripti.com,29UCHCS2040N1ZE,,,,372,USR-212,2021-02-20 19:41:05
ACC-04397,Navya Precision Components Pvt Ltd,Corporate (Staff & Executive Cars),Manufacturing,,Mangaluru,Karnataka,navyaprecisioncomponen.in,29NZBCN4628S1ZX,178334050,,,18,USR-208,2023-11-29 11:29:19
ACC-04398,Royal Corporate Mobility Pvt Ltd,Employee Transport Services,Transportation Services,,Bengaluru,Karnataka,royalcorporatemobility.co.in,29PVBCR1973F1ZO,728626955,,,99,USR-209,2025-05-16 11:43:59
ACC-04399,Netravati Builders Pvt Ltd,Corporate (Staff & Executive Cars),Construction & Real Estate,,BLR,Karnataka,netravatibuilders.in,29HKNCN4220L1ZB,,,,11,USR-202,2019-09-17 08:31:43
ACC-04400,City Municipal Office - Raichur,Government / PSU,Government,,Bengaluru,Karnataka,,29RSQGC7273O1ZW,,,Named,16,USR-205,2020-12-03 07:05:05
ACC-04401,Galaxy Traders Pvt Ltd,Corporate (Staff & Executive Cars),Retail,,Bengaluru,Karnataka,galaxytraders.in,29CZPCG3793U1ZP,497715399,,,17,USR-216,2022-10-27 03:18:21
ACC-04402,Orbit Credit Services Ltd,Corporate (Staff & Executive Cars),Banking & Financial Services,,BLR,Karnataka,orbitcreditservicesltd.in,29VCMCO9517P1ZV,192157667,,,13,USR-216,2023-03-09 22:26:18
ACC-04403,Sterling Cab Services Pvt Ltd,Cab Fleet Operator,Transportation Services,,Bengaluru,Karnataka,sterlingcabservices.co.in,29XCSCS4065K1ZT,,,,22,USR-202,2025-08-23 23:19:36
ACC-04404,Silicon Staff Transport Services Pvt Ltd,Employee Transport Services,Transportation Services,,Mysuru,Karnataka,siliconstafftransports.com,29DYACS4839K1ZG,875543199,,,127,USR-211,2026-03-11 15:36:37
ACC-04405,Horizon Holidays Pvt Ltd,Hotels & Travel,Hotel & Resorts,,Bengaluru,Karnataka,horizonholidays.com,29FXYCH0550G12S,,,,16,USR-202,2025-11-10 20:18:14
ACC-04406,Sapphire Rent-a-Car,Car Rental & Self-Drive,Automotive Rental,,Hubballi,Karnataka,sapphirerentacar.co.in,29POYPS2864A1ZX,,,Key,41,USR-198,2021-03-19 04:50:31
ACC-04407,Galaxy Self Drive Cars Pvt Ltd,Car Rental & Self-Drive,Automotive Rental,,Davanagere,Karnataka,galaxyselfdrivecars.com,29AOBCG6817K1ZG,,,,20,USR-216,2025-10-23 23:26:18
ACC-04408,Sharavathi Cab Services,Cab Fleet Operator,Transportation Services,,Bengaluru,Karnataka,sharavathicabservices.com,29ECLPS5899N1Z2,,,Named,7,USR-209,2026-05-18 06:34:19
ACC-04409,Chaitanya Self Drive Cars,Car Rental & Self-Drive,Automotive Rental,,Bengaluru,Karnataka,chaitanyaselfdrivecars.in,29NBUPC8643M1ZG,,,,57,USR-208,2025-07-27 16:45:54
ACC-04410,Sanjeevini Holidays,Hotels & Travel,Hospitality,,Belagavi,Karnataka,sanjeeviniholidays.com,29MOZPS7080Z1ZI,,,,10,USR-206,2022-08-17 09:03:56
ACC-04411,Rapid Leasing Pvt Ltd,Leasing & Subscription,Banking & Financial Services,,Bengaluru,Karnataka,rapidleasing.com,29XKQCR 3826W1ZS,695842609,,,920,USR-213,2021-07-14 09:46:51
ACC-04412,Sri Ganesh Travels LLP,Cab Fleet Operator,Transportation Services,,Bengaluru,Karnataka,sriganeshtravels.co.in,29EMMFS4639F1ZY,,,,29,USR-216,2026-04-26 05:24:42
ACC-04413,Sahyadri Auto Leasing Pvt Ltd,Leasing & Subscription,Banking & Financial Services,,Bengaluru,Karnataka,sahyadriautoleasing.in,29QIPCS3278H1ZS,423726617,,,285,USR-208,2025-09-05 12:01:23
ACC-04414,Mahalakshmi Hospitality Services Pvt Ltd,Hotels & Travel,Hospitality,,Hubli,Karnataka,mahalakshmihospitality.in,29SVCCM1695L1Z9,362747564,,,11,USR-211,2021-11-05 17:19:02
ACC-04415,Shubham Leasing Pvt Ltd,Leasing & Subscription,Banking & Financial Services,,Bengaluru,Karnataka,shubhamleasing.com,29NJRCS9440D1ZZ,179114864,,,436,USR-207,2021-08-05 15:03:18
ACC-04416,Emerald Staff Transport Services Pvt Ltd,Employee Transport Services,Transportation Services,,Bengaluru,Karnataka,emeraldstafftransports.com,29YFXCE8305A1ZH,,,Named,163,USR-204,2018-12-13 23:22:31
ACC-04417,Rapid Retail Pvt Ltd,Corporate (Staff & Executive Cars),Retail,,Bengaluru,Karnataka,rapidretail.in,,794158564,,,7,USR-210,2022-10-17 10:34:22
ACC-04418,Sri Ganesh Employee Transport Solutions LLP,Employee Transport Services,Transportation Services,,Shivamogga,Karnataka,sriganeshemployeetrans.co.in,29MOMFS7451F1ZM,541121288,,,88,USR-209,2025-09-23 23:54:24
ACC-04419,Skyline Supermarts Pvt Ltd,Corporate (Staff & Executive Cars),Retail,,Mysuru,Karnataka,skylinesupermarts.com,29ARLCS6835J1ZO,475625813,,Named,32,USR-209,2025-03-23 19:43:34
ACC-04420,Heritage Fleet Services Pvt Ltd,Cab Fleet Operator,Transportation Services,,Bengaluru,Karnataka,heritagefleetservices.in,29RXUCH1016I1ZK,,,Named,23,USR-214,2024-04-21 06:52:47
ACC-04421,Rural Development Office - Koppal,Government / PSU,Govt.,,Bengaluru,Karnataka,,29VYZGR0247L1ZE,,,,26,USR-216,2025-03-19 14:35:13
ACC-04422,Agriculture Department Office - Kolar,Government / PSU,Government,,Bengaluru,Karnataka,,29FHYGA0376O1ZZ,,,,19,USR-206,2025-10-17 06:44:27
ACC-04423,Krishna Hospital,Hospitals & Education,Healthcare,,Bengaluru,Karnataka,krishnahospital.com,29VXFTK5032M1ZD,,,,24,USR-211,2025-09-22 00:35:50
ACC-04424,Royal Polymers Pvt Ltd,Corporate (Staff & Executive Cars),Manufacturing,,Bengaluru,Karnataka,royalpolymers.co.in,29OMACR0811L1ZC,446121356,,,10,USR-208,2023-07-12 10:05:01
ACC-04425,Yashas Cab Services Pvt Ltd,Cab Fleet Operator,Transportation Services,,BLR,Karnataka,yashascabservices.co.in,29WRRCY3192S1ZC,188512483,,,82,USR-209,2020-10-31 16:06:07
ACC-04426,Mahalakshmi Mobility Services LLP,Employee Transport Services,Transportation Services,,Bengaluru,Karnataka,mahalakshmimobilityser.com,29YYFFM8184V1ZY,865632467,,,97,USR-206,2025-05-15 00:48:38
ACC-04427,Namma Car Hire Pvt Ltd,Car Rental & Self-Drive,Automotive Rental,,Bengaluru,Karnataka,nammacarhire.in,,,,,68,USR-214,2026-07-04 04:01:27
ACC-04428,Vijaya Infra Projects Pvt Ltd,Corporate (Staff & Executive Cars),Construction & Real Estate,,Bengaluru,Karnataka,vijayainfraprojects.in,29ADXCV7474D1ZA,563190996,,,24,USR-202,2022-11-01 19:25:54
ACC-04429,Skyline Holidays LLP,Hotels & Travel,Hotels,,Mangaluru,Karnataka,skylineholidays.com,29LZIFS8130W1ZC,,,,8,USR-209,2022-08-23 21:25:52
ACC-04430,Shree Balaji Car Rentals,Car Rental & Self-Drive,Car Rental,,Bengaluru,Karnataka,shreebalajicarrentals.in,29BIUPS4436R1ZW,701668793,,,72,USR-208,2026-04-20 18:57:59
ACC-04431,Sanjeevini Employee Transport Solutions Ltd,Employee Transport Services,Transportation Services,,Bengaluru,Karnataka,sanjeeviniemployeetran.co.in,29KLHCS2535Y1ZB,,,Named,331,USR-206,2025-11-04 16:24:41
ACC-04432,Vasudha Supermarts Ltd,Corporate (Staff & Executive Cars),Retail,,Bengaluru,Karnataka,vasudhasupermartsltd.in,,,,,28,USR-206,2021-09-05 13:15:03
ACC-04433,Nandi Corporate Mobility LLP,Employee Transport Services,Transportation Services,,Bengaluru,Karnataka,nandicorporatemobility.in,29ZPDFN3807H1ZP,,,,74,USR-202,2024-11-02 00:45:51
ACC-04434,Annapoorna College Pvt Ltd,Hospitals & Education,Education,,Bengaluru,Karnataka,annapoornacollege.com,29WWDCA8413V1Z0,,,,1,USR-203,2021-10-10 18:57:10
ACC-04435,Nakshatra Constructions Ltd,Corporate (Staff & Executive Cars),Construction & Real Estate,,Bengaluru,Karnataka,nakshatraconstructions.co.in,29CVWCN8689D1Z5,,,,17,USR-206,2026-01-08 00:36:38
ACC-04436,Kadamba Hospitality Services,Hotels & Travel,Hospitality,,Bengaluru,Karnataka,kadambahospitalityserv.co.in,29JPOPK4782V1Z7,498040747,,,8,USR-202,2025-07-13 08:59:26
ACC-04437,Crescent Mobility Services LLP,Employee Transport Services,Transportation Services,,Bengaluru,Karnataka,crescentmobilityservic.com,29XMRFC8939M1Z0,,,Named,76,USR-211,2023-06-20 03:35:58
ACC-04438,Aadhya Constructions Pvt Ltd,Corporate (Staff & Executive Cars),Construction & Real Estate,,Davanagere,Karnataka,aadhyaconstructions.in,29BBECA4438F1ZN,736404684,,,9,USR-209,2024-09-27 13:06:48
ACC-04439,Sunrise Hotels & Resorts LLP,Hotels & Travel,Hospitality,,BLR,Karnataka,sunrisehotelsresorts.in,29SGMFS4937W1ZX,459671278,,Named,4,USR-216,2022-08-24 16:54:02
ACC-04440,Sanjeevini Travels,Cab Fleet Operator,Transportation Services,,Mysuru,Karnataka,sanjeevinitravels.com,29WHKPS9262F1Z3,,,,29,USR-215,2022-08-29 14:04:42
ACC-04441,Sanjeevini Fleet Services LLP,Cab Fleet Operator,Transportation Services,,Hubli,Karnataka,sanjeevinifleetservice.com,29RNDFS1793D1ZV,,,,24,USR-210,2022-02-05 21:57:46
ACC-04442,Annapoorna Developers Pvt Ltd,Corporate (Staff & Executive Cars),Construction & Real Estate,,Bengaluru,Karnataka,annapoornadevelopers.in,,,,Named,39,USR-209,2026-07-12 01:52:04
ACC-04443,Royal Infotech Ltd,Corporate (Staff & Executive Cars),Information Technology,,Bengaluru,Karnataka,royalinfotechltd.co.in,29LQECR6162R1ZB,211010195,,,15,USR-209,2019-12-07 14:35:01
ACC-04444,Nandi Taxi Services,Cab Fleet Operator,Transportation Services,,Bengaluru,Karnataka,nanditaxiservices.co.in,29AQXPN6767P1Z9,,,,95,USR-201,2022-09-10 12:35:22
ACC-04445,Vijaya Cabs Pvt Ltd,Cab Fleet Operator,Transportation Services,,Mysuru,Karnataka,vijayacabs.co.in,29TIGCV8500K1ZX,,,,28,USR-204,2025-03-08 22:49:16
ACC-04446,Silicon Resorts Pvt Ltd,Hotels & Travel,Hospitality,,Mangaluru,Karnataka,siliconresorts.com,29ZSLCS7593O1ZE,,,,45,USR-211,2020-02-01 13:12:01
ACC-04447,Akshaya Car Rentals Pvt Ltd,Car Rental & Self-Drive,Automotive Rental,,Bengaluru,Karnataka,akshayacarrentals.in,29YKKCA8400N1Z0,,,,10,USR-211,2025-09-20 22:00:04
ACC-04448,Annapoorna Mobility Services Ltd,Employee Transport Services,Transportation Services,,Bengaluru,Karnataka,annapoornamobilityserv.co.in,29UHACA4350E1Z3,164512140,,,130,USR-202,2025-02-17 18:27:05
ACC-04449,Rapid Life Sciences LLP,Corporate (Staff & Executive Cars),Pharmaceuticals,,Bengaluru,Karnataka,rapidlifesciences.co.in,29WCAFR4456W1ZG,,,Named,10,USR-209,2019-12-13 13:37:39
ACC-04450,Hampi Holidays Pvt Ltd,Hotels & Travel,Hospitality,,Bengaluru,Karnataka,hampiholidays.in,29GSWCH4001F1ZB,876303732,,,5,USR-206,2023-06-06 22:38:07
ACC-04451,District Health Office - Davanagere,Government / PSU,Government,,Mysuru,Karnataka,,29KGQGD0177B1ZT,,,,19,USR-211,2022-03-07 16:22:05
ACC-04452,Hampi Cab Services,Cab Fleet Operator,Transportation Services,,Mysuru,Karnataka,hampicabservices.in,,,,Key,10,USR-198,2025-12-13 12:44:13
ACC-04453,Brindavan Supermarts LLP,Corporate (Staff & Executive Cars),Retail,,Bengaluru,Karnataka,brindavansupermarts.in,29NCIFB7006T1ZB,448111994,,,16,USR-206,2025-04-02 00:44:43
ACC-04454,Vega Life Sciences LLP,Corporate (Staff & Executive Cars),Pharmaceuticals,,Belgaum,Karnataka,vegalifesciences.com,29IQMFV1156R1Z4,,,,19,USR-216,2023-06-17 16:17:43
ACC-04455,Garuda Fleet Services LLP,Cab Fleet Operator,Transportation Services,,Mangaluru,Karnataka,garudafleetservices.in,29TWNFG0234S1Z0,,,Key,22,USR-200,2020-03-22 02:56:34
ACC-04456,Yashas Supermarts LLP,Corporate (Staff & Executive Cars),Retail,,Bengaluru,Karnataka,yashassupermarts.com,29NICFY5332B1ZH,,,,34,USR-205,2020-08-21 08:53:18
ACC-04457,Akshaya Corporate Mobility LLP,Employee Transport Services,Transportation Services,,Bengaluru,Karnataka,akshayacorporatemobili.in,29VWLFA9041B1ZQ,793623908,,,29,USR-209,2024-09-23 12:44:25
ACC-04458,Brindavan Car Rentals,Car Rental & Self-Drive,Automotive Rental,,Udupi,Karnataka,brindavancarrentals.in,,,,Named,39,USR-216,2026-09-17 13:39:59
ACC-04459,Krishna Software Solutions Pvt Ltd,Corporate (Staff & Executive Cars),Information Technology,,Mangaluru,Karnataka,krishnasoftwaresolutio.co.in,,,,,6,USR-206,2026-03-28 22:08:16
ACC-04460,Omkar Technologies Pvt Ltd,Corporate (Staff & Executive Cars),Information Technology,,Mysuru,Karnataka,omkartechnologies.in,29ATKCO0791Y1Z0,,,,10,USR-204,2019-01-01 14:16:45
ACC-04461,Crescent Fleet Leasing Pvt Ltd,Leasing & Subscription,Banking & Financial Services,,bengaluru,Karnataka,crescentfleetleasing.co.in,,935098720,,Key,420,USR-198,2019-11-13 14:57:17
ACC-04462,Greenline Staff Transport Services LLP,Employee Transport Services,Transportation Services,,Mangaluru,Karnataka,greenlinestafftranspor.co.in,29XSNFG9372D12A,,,,52,USR-206,2025-03-28 15:10:14
ACC-04463,Sri Lakshmi Taxi Services LLP,Cab Fleet Operator,Travels,,Bengaluru,Karnataka,srilakshmitaxiservices.co.in,29PVLFS1263M1Z1,,,,69,USR-206,2022-05-14 11:26:41
ACC-04464,Netravati Technologies Pvt Ltd,Corporate (Staff & Executive Cars),Information Technology,,Mangaluru,Karnataka,netravatitechnologies.in,29BXGCN9119F1ZV,703915671,,,6,USR-209,2026-09-22 02:16:55
ACC-04465,Unity Fleet Services,Cab Fleet Operator,Transportation Services,,Tumakuru,Karnataka,unityfleetservices.in,29WUTPU6418R1ZK,,,,22,USR-202,2025-01-08 01:13:11
ACC-04466,Sri Ganesh Engineering Works Ltd,Corporate (Staff & Executive Cars),Manufacturing,,Bengaluru,Karnataka,sriganeshengineeringwo.com,29SLDCS6726Y1ZY,916706129,,Named,30,USR-216,2022-01-15 17:57:08
ACC-04467,Deccan Cabs Pvt Ltd,Cab Fleet Operator,Transportation Services,,Mangaluru,Karnataka,deccancabs.in,29IVRCD1814F1Z5,,,,16,USR-204,2023-01-03 16:30:47
ACC-04468,Swift Taxi Services,Cab Fleet Operator,Transportation Services,,Mysuru,Karnataka,swifttaxiservices.in,29TJJPS2590Y1Z6,,,,53,USR-211,2025-11-29 12:34:50
ACC-04469,Kodagu Engineering Works Ltd,Corporate (Staff & Executive Cars),Manufacturing,,Belagavi,Karnataka,kodaguengineeringworks.co.in,29LKICK1078K1Z7,794819815,,Named,17,USR-208,2019-02-24 09:51:15
ACC-04470,Sterling Capital LLP,Corporate (Staff & Executive Cars),Banking & Financial Services,,Bengaluru,Karnataka,sterlingcapital.com,29utgfs3818t1zm,843286084,,,15,USR-205,2020-05-29 16:48:15
ACC-04471,Forest Division Office - Vijayapura,Government / PSU,Government,,Bengaluru,Karnataka,,29WVCGF1260F1ZW,,,,227,USR-202,2024-11-21 02:20:18
ACC-04472,Akshaya Auto Leasing Pvt Ltd,Leasing & Subscription,Banking & Financial Services,,Bengaluru,Karnataka,akshayaautoleasing.co.in,,140083010,,,524,USR-206,2025-10-13 01:33:12
ACC-04473,Crescent Pharmaceuticals Pvt Ltd,Corporate (Staff & Executive Cars),Pharmaceuticals,,Belagavi,Karnataka,crescentpharmaceutical.in,29ECYCC3975F1ZO,,,,9,USR-208,2020-06-23 19:00:38
ACC-04474,Shree Balaji Credit Services Pvt Ltd,Corporate (Staff & Executive Cars),Banking & Financial Services,,Mysuru,Karnataka,shreebalajicreditservi.com,29IBNCS4264L1ZC,,,,13,USR-202,2022-06-08 07:21:37
ACC-04475,Sharavathi Tours & Travels LLP,Cab Fleet Operator,Transportation Services,,Bengaluru,Karnataka,sharavathitourstravels.com,29FTMFS1014B1ZC,,,Named,41,USR-211,2018-12-28 10:26:22
ACC-04476,Rapid Engineering Works LLP,Corporate (Staff & Executive Cars),Manufacturing,,Bengaluru,Karnataka,rapidengineeringworks.com,29YOPFR1722Q1ZZ,873157760,,,10,USR-211,2023-12-04 14:52:47
ACC-04477,Tulasi Commute Solutions LLP,Employee Transport Services,Transportation Services,,Bengaluru,Karnataka,tulasicommutesolutions.com,29NJHFT2146D1ZD,689977738,,,93,USR-209,2021-11-18 20:10:59
ACC-04478,Skyline Tours & Travels Pvt Ltd,Cab Fleet Operator,Transportation Services,,Bengaluru,Karnataka,skylinetourstravels.in,29HGBCS3624Y1ZV,,,,10,USR-204,2025-04-17 11:09:40
ACC-04479,Chaitanya Credit Services Pvt Ltd,Corporate (Staff & Executive Cars),Banking & Financial Services,,Bengaluru,Karnataka,chaitanyacreditservice.com,29KGLCC0969L1ZE,754445731,,,14,USR-209,2019-12-10 17:09:06
ACC-04480,Shree Balaji Digital Systems Pvt Ltd,Corporate (Staff & Executive Cars),Information Technology,,Bengaluru,Karnataka,shreebalajidigitalsyst.in,29CFUCS1533A1Z0,902074576,,,19,USR-214,2021-02-14 01:48:43
ACC-04481,Urbanline Leasing Pvt Ltd,Leasing & Subscription,Banking & Financial Services,,Shivamogga,Karnataka,urbanlineleasing.com,,,,Named,644,USR-211,2026-09-04 00:04:39
ACC-04482,Skyline Car Hire LLP,Car Rental & Self-Drive,Automotive Rental,,Bengaluru,Karnataka,skylinecarhire.com,29TPDFS5309G1ZR,,,Key,8,USR-198,2025-01-22 09:48:30
ACC-04483,Swift Mobility Services Pvt Ltd,Employee Transport Services,Transportation Services,,Bengaluru,Karnataka,swiftmobilityservices.co.in,29XTFCS2962W1ZH,,,,98,USR-202,2025-05-17 10:36:19
ACC-04484,Heritage Travels,Cab Fleet Operator,Transportation Services,,Bengaluru,Karnataka,heritagetravels.com,29WXHPH7706C12X,,,,39,USR-208,2019-03-02 00:50:01
ACC-04485,Kaveri Industries Pvt Ltd,Corporate (Staff & Executive Cars),Manufacturing,,Hubballi,Karnataka,kaveriindustries.in,29BJKCK 2061I1ZS,,,,6,USR-206,2026-07-20 02:28:30
ACC-04486,Prime Credit Services Pvt Ltd,Corporate (Staff & Executive Cars),Banking & Financial Services,,Bengaluru,Karnataka,primecreditservices.in,29DTMCP0882H1ZT,407201474,,,23,USR-214,2026-07-13 15:57:03
ACC-04487,Sunrise Hospital,Hospitals & Education,Healthcare,,Mangaluru,Karnataka,sunrisehospital.com,29ONMTS3800X1Z7,,,,15,USR-208,2025-08-07 23:04:05
ACC-04488,Akshaya Rent-a-Car Pvt Ltd,Car Rental & Self-Drive,Automotive Rental,,Bengaluru,Karnataka,akshayarentacar.co.in,29IOHCA1630D1Z2,,,,138,USR-211,2021-08-19 22:34:02
ACC-04489,Srinidhi Constructions Pvt Ltd,Corporate (Staff & Executive Cars),Real Estate,,Bengaluru,Karnataka,srinidhiconstructions.in,29GRECS7137E1Z3,706557887,,,9,USR-206,2022-09-22 22:35:18
ACC-04490,Malnad Technologies Pvt Ltd,Corporate (Staff & Executive Cars),Information Technology,,Mysuru,Karnataka,malnadtechnologies.com,29ZLQCM2773H1ZK,821267914,,,17,USR-204,2022-08-08 19:15:23
ACC-04491,Srinidhi Taxi Services LLP,Cab Fleet Operator,Transportation Services,,Bangalore,Karnataka,srinidhitaxiservices.in,29RJXFS8739S1ZG,,,,9,USR-208,2026-01-03 06:23:01
ACC-04492,Trishul College Pvt Ltd,Hospitals & Education,Education,,bengaluru,Karnataka,trishulcollege.com,29BXTCT1609I1ZI,,,,7,USR-211,2022-03-28 01:11:45
ACC-04493,Forest Division Office - Belagavi,Government / PSU,Government,,Mysuru,Karnataka,,29GRXGF9078X1ZA,,,,181,USR-215,2019-03-12 14:04:27
ACC-04494,Galaxy Car Rentals,Car Rental & Self-Drive,Automotive Rental,,Bengaluru,Karnataka,galaxycarrentals.com,29GJUPG0582B1ZZ,,,,35,USR-214,2026-02-12 01:11:25
ACC-04495,Navya Education Trust,Hospitals & Education,Education,,Bengaluru,Karnataka,navyaeducationtrust.co.in,29MLUTN4537Y1ZW,,,,8,USR-202,2023-01-10 20:52:41
ACC-04496,Zenith Diagnostics Pvt Ltd,Hospitals & Education,Healthcare,,Mangaluru,Karnataka,zenithdiagnostics.co.in,29AQKCZ3320O1ZS,,,Named,6,USR-211,2026-05-02 00:49:18
ACC-04497,Akshaya Mobility Services LLP,Employee Transport Services,Transportation Services,,Bengaluru,Karnataka,akshayamobilityservice.co.in,29PZQFA1626M1Z7,290827203,,,89,USR-205,2019-02-03 01:25:27
ACC-04498,Netravati Corporate Mobility Ltd,Employee Transport Services,Transportation Services,,Bengaluru,Karnataka,netravaticorporatemobi.com,29CLKCN6625P1ZW,,,,140,USR-204,2021-02-21 10:34:19
ACC-04499,Omkar Infotech Pvt Ltd,Corporate (Staff & Executive Cars),Information Technology,,Mangalore,Karnataka,omkarinfotech.co.in,,,,,11,USR-216,2024-01-09 19:01:48
ACC-04500,Vega Resorts,Hotels & Travel,Hospitality,,Bengaluru,Karnataka,vegaresorts.com,,,,,6,USR-202,2022-11-26 18:47:05
ACC-04501,Emerald Car Subscription Services LLP,Leasing & Subscription,Banking & Financial Services,,Bengaluru ,Karnataka,emeraldcarsubscription.in,29GPMFE8636J1ZQ,,,,253,USR-209,2022-10-09 02:42:58
ACC-04502,Zilla Panchayat - Chikkamagaluru,Government / PSU,Government,,Mangaluru,Karnataka,,29UIUGZ6815B1ZJ,,,,18,USR-214,2019-08-08 15:53:48
ACC-04503,Amrutha Taxi Services LLP,Cab Fleet Operator,Transportation Services,,Mangaluru,Karnataka,amruthataxiservices.co.in,29KEIFA3916M1ZM,,,Key,39,USR-197,2024-03-16 05:54:47
ACC-04504,Agriculture Department Office - Vijayapura,Government / PSU,Govt.,,Bengaluru,Karnataka,,29VWGGA7082N1ZZ,,,Named,8,USR-208,2024-12-04 12:26:17
ACC-04505,Sharada Self Drive Cars Pvt Ltd,Car Rental & Self-Drive,Automotive Rental,,Bengaluru,Karnataka,sharadaselfdrivecars.co.in,29MQOCS4535Q1Z4,979612218,,Named,29,USR-204,2019-02-09 16:24:28
ACC-04506,Sahyadri Travels LLP,Cab Fleet Operator,Transportation Services,,Bengaluru,Karnataka,sahyadritravels.co.in,29MKMFS6027V1Z3,,,,42,USR-207,2019-05-08 19:43:59
ACC-04507,Hoysala Tours & Travels,Cab Fleet Operator,Transportation Services,,Bengaluru,Karnataka,hoysalatourstravels.in,29JSPPH8285M1ZF,,,Named,7,USR-214,2023-07-04 20:03:20
ACC-04508,Anugraha Self Drive Cars Pvt Ltd,Car Rental & Self-Drive,Automotive Rental,,Bengaluru,Karnataka,anugrahaselfdrivecars.co.in,29OXNCA8160Z1ZK,443009355,,,53,USR-209,2026-01-12 12:26:13
ACC-04509,Skyline Hospital,Hospitals & Education,Healthcare,,Mysuru,Karnataka,skylinehospital.com,29TBQTS9004V1ZJ,,,,44,USR-214,2023-04-12 06:21:44
ACC-04510,Kadamba Cab Services Pvt Ltd,Cab Fleet Operator,Transportation Services,,Bengaluru,Karnataka,kadambacabservices.co.in,29VTFCK5415W1ZX,,,,9,USR-211,2026-03-01 00:09:27
ACC-04511,Police Motor Transport Unit - Tumakuru,Government / PSU,Government,,Belagavi,Karnataka,,29TCWGP6800R1ZF,,,,28,USR-216,2025-09-30 03:52:51
ACC-04512,Mahalakshmi Pharmaceuticals Pvt Ltd,Corporate (Staff & Executive Cars),Pharmaceuticals,,Mangaluru,Karnataka,mahalakshmipharmaceuti.co.in,29LYLCM2045R1Z3,717502284,,,29,USR-209,2019-07-06 06:11:50
ACC-04513,Sai Krupa Healthcare Products LLP,Corporate (Staff & Executive Cars),Pharmaceuticals,,Mysuru,Karnataka,saikrupahealthcareprod.co.in,29SCYFS7953X1ZL,984067711,,,28,USR-204,2024-04-20 08:44:01
ACC-04514,Aadhya Polymers Ltd,Corporate (Staff & Executive Cars),Manufacturing,,Bengaluru,Karnataka,aadhyapolymersltd.co.in,29HQQCA7960J1ZS,258583111,,,5,USR-202,2020-11-09 17:36:02
ACC-04515,Sri Lakshmi Tours & Travels Pvt Ltd,Cab Fleet Operator,Transportation Services,,Davanagere,Karnataka,srilakshmitourstravels.co.in,29NRHCS0542S1ZD,,,Named,16,USR-209,2022-06-18 12:03:50
ACC-04516,Aadhya Healthcare Products LLP,Corporate (Staff & Executive Cars),Pharmaceuticals,,Mangaluru,Karnataka,aadhyahealthcareproduc.in,29XLJFA8421E1Z8,437494793,,,12,USR-216,2025-12-22 01:30:45
ACC-04517,Samruddhi Polymers Pvt Ltd,Corporate (Staff & Executive Cars),Manufacturing,,Bengaluru,Karnataka,samruddhipolymers.co.in,29JWQCS6939F1Z4,430904673,,,15,USR-208,2025-12-24 09:19:37
ACC-04518,Netravati Self Drive Cars Pvt Ltd,Car Rental & Self-Drive,Automotive Rental,,Mysuru,Karnataka,netravatiselfdrivecars.com,29AYOCN7205Y1ZS,771770769,,,25,USR-202,2025-01-25 16:05:44
ACC-04519,Garuda Pharmaceuticals LLP,Corporate (Staff & Executive Cars),Pharmaceuticals,,Bengaluru,Karnataka,garudapharmaceuticals.in,29PJHFG1749Y1ZA,,,,13,USR-209,2022-02-02 06:21:49
ACC-04520,Kadamba Credit Services Pvt Ltd,Corporate (Staff & Executive Cars),Banking & Financial Services,,Mangaluru,Karnataka,kadambacreditservices.com,29OLFCK1430Y1ZP,,,,13,USR-209,2018-11-11 11:48:16
ACC-04521,Kadamba Public School Pvt Ltd,Hospitals & Education,Education,,Bengaluru,Karnataka,kadambapublicschool.in,29SWCCK1585M1ZA,,,,5,USR-202,2023-06-18 08:21:18
ACC-04522,Prime Software Solutions Pvt Ltd,Corporate (Staff & Executive Cars),,,Belagavi,Karnataka,primesoftwaresolutions.co.in,29JYSCP3447Q1ZP,,,,20,USR-211,2025-12-05 07:15:33
ACC-04523,Vinayaka Resorts LLP,Hotels & Travel,Hospitality,,Bengaluru,Karnataka,vinayakaresorts.in,29IUJFV9231C1ZM,,,,8,USR-208,2019-09-05 20:27:38
ACC-04524,Akshaya Polymers Pvt Ltd,Corporate (Staff & Executive Cars),Manufacturing,,Shivamogga,Karnataka,akshayapolymers.co.in,29GQPCA3612Q1ZZ,483808881,,,4,USR-204,2019-06-24 10:49:36
ACC-04525,Krishna Staff Transport Services Pvt Ltd,Employee Transport Services,Transportation Services,,Bengaluru,Karnataka,krishnastafftransports.com,29YABCK7740C1ZY,960673264,,,58,USR-202,2021-10-28 13:18:34
ACC-04526,Greenline Car Rentals Pvt Ltd,Car Rental & Self-Drive,Automotive Rental,,Bengaluru,Karnataka,greenlinecarrentals.co.in,29NKCCG5958E1ZF,801288223,,,16,USR-209,2023-04-08 00:32:03
ACC-04527,Vijaya Travels,Cab Fleet Operator,Transportation Services,,bengaluru,Karnataka,vijayatravels.co.in,29EETPV1653O1Z,,,,11,USR-206,2026-08-11 16:43:22
ACC-04528,Emerald Cab Services,Cab Fleet Operator,Transportation Services,,Bengaluru,Karnataka,emeraldcabservices.in,29JEYPE6516M1ZG,,,,29,USR-204,2020-05-24 19:58:02
ACC-04529,Mahalakshmi College Pvt Ltd,Hospitals & Education,Education,,Mysore,Karnataka,mahalakshmicollege.com,29FRNCM3709C1ZB,934296197,,Key,20,USR-197,2023-03-11 07:10:22
ACC-04530,Greenline Fleet Leasing Ltd,Leasing & Subscription,Banking & Financial Services,,Bengaluru,Karnataka,greenlinefleetleasingl.co.in,29ATECG6217L1Z7,,,,765,USR-205,2021-06-19 04:45:23
ACC-04531,Malnad Education Trust,Hospitals & Education,,,Bengaluru,Karnataka,malnadeducationtrust.co.in,29JCPTM0547H1ZT,243364992,,,11,USR-208,2019-09-27 06:21:57
ACC-04532,Garuda Cab Services,Cab Fleet Operator,Transportation Services,,Mysuru,Karnataka,garudacabservices.co.in,29IPEPG2397Y1ZH,886381525,,,51,USR-209,2020-12-31 04:31:52
ACC-04533,Prime Pharmaceuticals LLP,Corporate (Staff & Executive Cars),Pharmaceuticals,,Bengaluru,Karnataka,primepharmaceuticals.co.in,29KJKFP4700L1Z4,707132997,,Key,55,USR-199,2026-03-23 19:30:19
ACC-04534,Garuda Cab Services LLP,Cab Fleet Operator,Transportation Services,,Bengaluru,Karnataka,garudacabservices.com,29ZBTFG8481A1Z7,,,Named,13,USR-216,2020-02-24 16:33:16
ACC-04535,Sai Krupa Precision Components Pvt Ltd,Corporate (Staff & Executive Cars),Manufacturing,,bengaluru,Karnataka,saikrupaprecisioncompo.in,29bbocs1064q1zg,698705399,,,14,USR-202,2024-10-23 11:59:34
ACC-04536,Annapoorna Pharmaceuticals Pvt Ltd,Corporate (Staff & Executive Cars),Pharmaceuticals,,Bengaluru,Karnataka,annapoornapharmaceutic.in,29JSPCA6888Q1Z0,795393864,,,10,USR-206,2026-03-19 21:54:00
ACC-04537,Chamundi Employee Transport Solutions LLP,Employee Transport Services,Transportation Services,,Bengaluru,Karnataka,chamundiemployeetransp.in,29HDNFC8212N1ZJ,,,Named,355,USR-211,2024-11-10 20:59:41
ACC-04538,Forest Division Office - Kodagu,Government / PSU,Government,,Bengaluru ,Karnataka,,29EWFGF6625S1Z7,,,,9,USR-211,2019-01-18 22:24:39
ACC-04539,Metro Cab Services Pvt Ltd,Cab Fleet Operator,Transportation Services,,Bengaluru,Karnataka,metrocabservices.in,29AEDCM0019N1Z5,,,Named,13,USR-201,2022-09-30 10:54:44
ACC-04540,Skyline Commute Solutions LLP,Employee Transport Services,Transportation Services,,Bengaluru,Karnataka,skylinecommutesolution.in,29ULIFS4169U1ZS,361103738,,,228,USR-206,2026-03-23 07:27:55
ACC-04541,Aadhya Industries LLP,Corporate (Staff & Executive Cars),Manufacturing,,Bengaluru,Karnataka,aadhyaindustries.in,29IJSFA4790K1ZX,340661809,,,42,USR-204,2021-03-07 14:28:49
ACC-04542,Sunrise Traders LLP,Corporate (Staff & Executive Cars),Retail,,Bengaluru,Karnataka,sunrisetraders.co.in,29FTOFS0281I1ZK,495806906,,,3,USR-204,2021-02-06 06:03:55
ACC-04543,Greenline Engineering Works Pvt Ltd,Corporate (Staff & Executive Cars),Manufacturing,,Bengaluru,Karnataka,greenlineengineeringwo.com,29BRPCG7037K1ZX,700235188,,,30,USR-214,2025-06-21 07:10:00
ACC-04544,Sharavathi Staff Transport Services Pvt Ltd,Employee Transport Services,Transportation Services,,Bengaluru,Karnataka,sharavathistafftranspo.com,29KNRCS9089X1ZC,,,,77,USR-215,2023-06-04 18:03:18
ACC-04545,Emerald Multispeciality Hospital Pvt Ltd,Hospitals & Education,Healthcare,,Bengaluru,Karnataka,emeraldmultispeciality.com,29JYFCE5017B1ZE,,,,5,USR-202,2021-07-12 20:21:58
ACC-04546,Nakshatra Hospitality Services LLP,Hotels & Travel,Hospitality,,Bengaluru,Karnataka,nakshatrahospitalityse.in,29ANAFN4861P1ZW,,,,20,USR-216,2022-08-28 10:08:22
ACC-04547,Samruddhi Traders Ltd,Corporate (Staff & Executive Cars),Retail,,Hubballi,Karnataka,samruddhitradersltd.co.in,29LKUCS9548P1ZY,272812950,,,14,USR-208,2026-04-03 19:21:42
ACC-04548,Omkar Resorts LLP,Hotels & Travel,Hotels,,Shivamogga,Karnataka,omkarresorts.in,29ZDSFO1809C1ZA,,,,8,USR-214,2026-08-18 09:12:03
ACC-04549,Navya Developers LLP,Corporate (Staff & Executive Cars),Construction & Real Estate,,Bengaluru,Karnataka,navyadevelopers.co.in,29LPNFN6635L1ZC,,,,30,USR-216,2025-07-26 12:41:55
ACC-04550,Vega Leasing Pvt Ltd,Leasing & Subscription,Banking & Financial Services,,Mysuru,Karnataka,vegaleasing.in,29XJXCV4252B1ZS,,,Named,510,USR-208,2020-05-29 16:19:39
ACC-04551,Akshaya Cabs LLP,Cab Fleet Operator,Transportation Services,,Bengaluru,Karnataka,akshayacabs.co.in,,,,,27,USR-204,2025-04-24 15:32:44
ACC-04552,Swift Developers Pvt Ltd,Corporate (Staff & Executive Cars),Construction & Real Estate,,Bengaluru,Karnataka,swiftdevelopers.in,,178647299,,Named,33,USR-204,2024-06-13 04:24:51
ACC-04553,Kadamba Tours & Travels Pvt Ltd,Cab Fleet Operator,Transportation Services,,Bengaluru,Karnataka,kadambatourstravels.in,,,,,51,USR-216,2021-10-28 18:39:53
ACC-04554,Navya Infotech LLP,Corporate (Staff & Executive Cars),Information Technology,,Tumakuru,Karnataka,navyainfotech.co.in,29ESQFN7234H1ZM,,,,8,USR-214,2026-04-04 04:04:55
ACC-04555,Mahalakshmi Public School Pvt Ltd,Hospitals & Education,Education,,Bengaluru,Karnataka,mahalakshmipublicschoo.co.in,29THJCM4079M1ZS,794745854,,Key,9,USR-200,2025-06-05 23:44:30
ACC-04556,Omkar Supermarts Ltd,Corporate (Staff & Executive Cars),Retail,,Bengaluru,Karnataka,omkarsupermartsltd.in,29JRFCO7393X12Q,,,,4,USR-214,2021-05-15 18:44:20
ACC-04557,Chandra Cabs,Cab Fleet Operator,Transportation Services,,Tumakuru,Karnataka,chandracabs.co.in,29SQJPC6935K1ZW,,,,30,USR-206,2024-10-27 02:44:42
ACC-04558,Trishul Resorts Pvt Ltd,Hotels & Travel,Hospitality,,Belagavi,Karnataka,trishulresorts.co.in,29DKUCT8552V1Z,,,,18,USR-202,2022-06-20 22:44:27
ACC-04559,Hoysala Builders Pvt Ltd,Corporate (Staff & Executive Cars),Construction & Real Estate,,Hubli,Karnataka,hoysalabuilders.com,29EXKCH0244G1Z8,,,Named,9,USR-210,2021-02-23 09:27:11
ACC-04560,Yashas Corporate Mobility LLP,Employee Transport Services,Transportation Services,,Udupi,Karnataka,yashascorporatemobilit.com,29SCFFY2356D1ZG,686108104,,,86,USR-209,2026-07-15 08:22:34
ACC-04561,Royal Software Solutions Pvt Ltd,Corporate (Staff & Executive Cars),Information Technology,,Bengaluru,Karnataka,royalsoftwaresolutions.in,29SCGCR6583R1ZM,,,,5,USR-202,2025-05-27 09:52:19
ACC-04562,Swift Cab Services,Cab Fleet Operator,Transportation Services,,Bengaluru,Karnataka,swiftcabservices.com,29NEXPS2248A1ZR,,,,16,USR-209,2022-10-07 16:20:53
ACC-04563,Lotus Cabs,Cab Fleet Operator,Transportation Services,,Bengaluru,Karnataka,lotuscabs.com,29YXLPL3923U1ZR,,,,6,USR-211,2024-11-21 20:53:54
ACC-04564,Sri Ganesh Precision Components Pvt Ltd,Corporate (Staff & Executive Cars),Manufacturing,,Mysore,Karnataka,sriganeshprecisioncomp.in,29UIJCS0974X1Z0,897808029,,Named,13,USR-206,2019-04-29 01:19:49
ACC-04565,Nakshatra Industries LLP,Corporate (Staff & Executive Cars),Mfg,,Shivamogga,Karnataka,nakshatraindustries.com,29BPVFN0846Y1ZV,,,,10,USR-216,2018-10-09 10:01:51
ACC-04566,Skyline Life Sciences Pvt Ltd,Corporate (Staff & Executive Cars),,,Mysuru,Karnataka,skylinelifesciences.com,29FAHCS7717V1ZZ,763668399,,,29,USR-208,2025-04-09 21:57:45
ACC-04567,Evergreen Diagnostics,Hospitals & Education,Healthcare,,Mysuru,Karnataka,evergreendiagnostics.co.in,29CNXTE6330J1Z7,,,,4,USR-206,2026-07-19 08:57:55
ACC-04568,Urbanline Staff Transport Services LLP,Employee Transport Services,Transportation Services,,Mangaluru,Karnataka,urbanlinestafftranspor.in,29QUYFU9302N1ZH,693725290,,Named,56,USR-211,2026-06-22 20:18:16
ACC-04569,Royal Fleet Services LLP,Cab Fleet Operator,Travels,,Bengaluru,Karnataka,royalfleetservices.in,,,,,37,USR-209,2021-02-21 07:42:49
ACC-04570,Orbit Resorts,Hotels & Travel,Hospitality,,Bengaluru,Karnataka,orbitresorts.com,29DXKPO8674T1ZU,,,Named,39,USR-216,2021-07-11 09:03:27
ACC-04571,Mahalakshmi Fleet Leasing Ltd,Leasing & Subscription,Banking & Financial Services,,Hubballi,Karnataka,mahalakshmifleetleasin.co.in,29IFFCM7966C1ZM,441397726,,,283,USR-206,2022-11-13 04:47:31
ACC-04572,Brindavan Industries Pvt Ltd,Corporate (Staff & Executive Cars),Manufacturing,,Bengaluru,Karnataka,brindavanindustries.co.in,,113468495,,,17,USR-202,2024-07-18 17:03:51
ACC-04573,Evergreen Cab Services LLP,Cab Fleet Operator,Transportation Services,,Hubballi,Karnataka,evergreencabservices.in,29PXGFE2935A1Z0,,,,19,USR-211,2026-04-05 20:21:10
ACC-04574,Sri Lakshmi Infra Projects Pvt Ltd,Corporate (Staff & Executive Cars),Construction & Real Estate,,Bengaluru,Karnataka,srilakshmiinfraproject.com,29VURCS1184Z1Z3,,,Named,18,USR-216,2026-02-13 02:51:44
ACC-04575,Crescent Public School Pvt Ltd,Hospitals & Education,Education,,Bengaluru,Karnataka,crescentpublicschool.co.in,29LJOCC5359T1ZL,858602608,,,3,USR-209,2020-08-19 11:20:26
ACC-04576,Sanjeevini Capital LLP,Corporate (Staff & Executive Cars),Banking & Financial Services,,Shivamogga,Karnataka,sanjeevinicapital.in,29EHOFS2850Z1Z9,864721501,,,5,USR-209,2018-10-14 15:35:44
ACC-04577,Yashas Retail LLP,Corporate (Staff & Executive Cars),,,Bengaluru,Karnataka,yashasretail.co.in,,867038136,,,17,USR-209,2019-08-10 23:46:57
ACC-04578,Elite Engineering Works Pvt Ltd,Corporate (Staff & Executive Cars),Manufacturing,,Bengaluru,Karnataka,eliteengineeringworks.com,29NUTCE2259R1Z1,785609509,,,3,USR-206,2020-08-08 10:43:33
ACC-04579,District Collectorate - Chamarajanagar,Government / PSU,Government,,Bengaluru,Karnataka,,29ISQGD2881O1Z8,,,,57,USR-202,2020-04-11 13:22:50
ACC-04580,Lotus Leasing Ltd,Leasing & Subscription,Banking & Financial Services,,Bengaluru,Karnataka,lotusleasingltd.com,29UNBCL2284J1ZY,,,Named,345,USR-216,2023-04-10 23:15:07
ACC-04581,Garuda Car Rentals,Car Rental & Self-Drive,,,Bengaluru,Karnataka,garudacarrentals.co.in,29SZTPG2113I1ZQ,,,Named,154,USR-211,2024-11-29 00:49:45
ACC-04582,Akshaya Hospitality Services Pvt Ltd,Hotels & Travel,Hospitality,,Bengaluru,Karnataka,akshayahospitalityserv.co.in,29CTECA0213Z1ZZ,,,,17,USR-214,2024-08-28 04:01:05
ACC-04583,Suvarna Capital Pvt Ltd,Corporate (Staff & Executive Cars),Banking & Financial Services,,Bengaluru,Karnataka,suvarnacapital.in,29LMMCS8666Y1ZJ,684303712,,,5,USR-209,2026-01-05 06:15:35
ACC-04584,Annapoorna Fleet Services LLP,Cab Fleet Operator,Transportation Services,,Bengaluru,Karnataka,annapoornafleetservice.in,29CCJFA0354W1ZJ,947423702,,Named,134,USR-207,2019-05-31 14:08:06
ACC-04585,Navya Credit Services Pvt Ltd,Corporate (Staff & Executive Cars),Banking & Financial Services,,Bengaluru,Karnataka,navyacreditservices.com,29BMJCN6445R1ZQ,611983942,,,88,USR-205,2025-03-29 02:28:51
ACC-04586,Silicon Self Drive Cars,Car Rental & Self-Drive,Automotive Rental,,Mysuru,Karnataka,siliconselfdrivecars.in,29IZLPS5689S1ZH,,,,13,USR-204,2021-05-04 09:25:39
ACC-04587,Hampi Cab Services LLP,Cab Fleet Operator,Transportation Services,,Bengaluru,Karnataka,hampicabservices.in,29CSPFH5180O1ZF,,,,11,USR-208,2023-03-14 18:16:15
ACC-04588,Shree Balaji Cabs Pvt Ltd,Cab Fleet Operator,Transportation Services,,Bengaluru,Karnataka,shreebalajicabs.in,29SECCS9202L1ZB,,,,15,USR-204,2024-10-28 18:46:44
ACC-04589,Kaveri Car Subscription Services Ltd,Leasing & Subscription,Banking & Financial Services,,Hubli,Karnataka,kavericarsubscriptions.com,,930298664,,,1106,USR-206,2019-09-18 09:40:01
ACC-04590,Crescent Corporate Mobility LLP,Employee Transport Services,Transportation Services,,Bengaluru,Karnataka,crescentcorporatemobil.co.in,29JJQFC4177Q1ZN,747688157,,Named,281,USR-216,2025-08-22 18:33:01
ACC-04591,Karavali Resorts,Hotels & Travel,Hospitality,,Hubballi,Karnataka,karavaliresorts.in,29BNDPK9784L1Z2,,,,24,USR-205,2025-02-27 02:29:24
ACC-04592,Sri Ganesh Constructions Pvt Ltd,Corporate (Staff & Executive Cars),Construction & Real Estate,,Mangaluru,Karnataka,sriganeshconstructions.co.in,29FSMCS7889W1ZA,,,,24,USR-206,2025-07-06 15:14:57
ACC-04593,Tunga Fleet Services Pvt Ltd,Cab Fleet Operator,Transportation Services,,Bengaluru,Karnataka,tungafleetservices.com,29AWUCT7109C1ZQ,,,,12,USR-202,2026-08-11 10:54:11
ACC-04594,Elite Auto Leasing LLP,Leasing & Subscription,Banking & Financial Services,,Bengaluru,Karnataka,eliteautoleasing.co.in,,365733836,,,717,USR-216,2019-06-14 05:02:15
ACC-04595,Vijaya Fleet Services Pvt Ltd,Cab Fleet Operator,Transportation Services,,Bengaluru,Karnataka,vijayafleetservices.co.in,29ZPBCV3171M1ZD,,,,12,USR-204,2026-08-15 02:47:23
ACC-04596,Heritage Travels Pvt Ltd,Cab Fleet Operator,Transportation Services,,Mangaluru,Karnataka,heritagetravels.in,29BNUCH5929D1Z9,,,,59,USR-214,2020-07-02 15:16:10
ACC-04597,Agriculture Department Office - Belagavi,Government / PSU,Government,,Bengaluru,Karnataka,,29KHCGA9038H1ZM,,,,16,USR-204,2026-07-06 09:23:45
ACC-04598,Namma Leasing Ltd,Leasing & Subscription,Banking & Financial Services,,Bengaluru,Karnataka,nammaleasingltd.in,29BELCN2660Y1ZY,912987435,,,230,USR-206,2026-06-14 03:59:58
ACC-04599,Silicon Commute Solutions Ltd,Employee Transport Services,Transportation Services,,Tumakuru,Karnataka,siliconcommutesolution.com,29QCMCS3384B1ZL,,,,68,USR-201,2021-04-19 08:47:55
ACC-04600,Sunrise Education Trust Pvt Ltd,Hospitals & Education,Education,,Bengaluru,Karnataka,sunriseeducationtrust.com,,,,,6,USR-210,2022-03-07 16:16:44
ACC-04601,Elite Hospital Pvt Ltd,Hospitals & Education,Healthcare,,Davanagere,Karnataka,elitehospital.co.in,29VQFCE3333J1Z2,,,,4,USR-211,2020-09-11 03:56:20
ACC-04602,Forest Division Office - Uttara Kannada,Government / PSU,Government,,Mangaluru,Karnataka,,29HZNGF9590F1Z3,,,,31,USR-216,2026-07-26 03:10:12
ACC-04603,Sharada Education Trust Pvt Ltd,Hospitals & Education,Education,,Mysuru,Karnataka,sharadaeducationtrust.com,29UNACS6555A1Z5,909911204,,,9,USR-201,2022-04-06 09:07:01
ACC-04604,Samruddhi Taxi Services LLP,Cab Fleet Operator,Transportation Services,,Bengaluru,Karnataka,samruddhitaxiservices.co.in,29RNPFS2326V1ZV,,,,18,USR-214,2019-06-15 04:05:20
ACC-04605,City Municipal Office - Chamarajanagar,Government / PSU,Government,,Bengaluru,Karnataka,,29AATGC7413K1ZT,,,,15,USR-208,2024-04-19 23:35:40
ACC-04606,Sanjeevini Supermarts Ltd,Corporate (Staff & Executive Cars),Retail,,Bengaluru,Karnataka,sanjeevinisupermartslt.co.in,29JHSCS3786O1ZF,873915536,,,5,USR-202,2022-11-26 01:42:53
ACC-04607,Swift Cab Services Pvt Ltd,Cab Fleet Operator,Transportation Services,,Bengaluru,Karnataka,swiftcabservices.in,29SSQCS0464E1ZL,754167838,,,58,USR-211,2020-02-19 02:35:08
ACC-04608,Rapid Healthcare Products Pvt Ltd,Corporate (Staff & Executive Cars),Pharmaceuticals,,Bengaluru,Karnataka,rapidhealthcareproduct.com,29YNFCR3418J1ZQ,929805919,,,15,USR-206,2024-09-28 09:52:28
ACC-04609,Tulasi Pharmaceuticals Ltd,Corporate (Staff & Executive Cars),Pharmaceuticals,,Hubballi,Karnataka,tulasipharmaceuticalsl.com,29ZNBCT3793Y1ZJ,320008880,,,7,USR-211,2025-07-10 16:12:17
ACC-04610,Chamundi Fleet Leasing LLP,Leasing & Subscription,Banking & Financial Services,,Bengaluru,Karnataka,chamundifleetleasing.com,29RHTFC4737W1Z7,,,,271,USR-208,2021-05-13 12:32:39
ACC-04611,Sri Lakshmi Car Rentals LLP,Car Rental & Self-Drive,Automotive Rental,,Bengaluru,Karnataka,srilakshmicarrentals.com,29EVQFS2104C1Z2,,,Named,54,USR-202,2026-09-01 11:23:48
ACC-04612,Heritage Employee Transport Solutions Pvt Ltd,Employee Transport Services,Transportation Services,,Bengaluru,Karnataka,heritageemployeetransp.com,29GKQCH3245O1Z2,384847546,,,508,USR-214,2020-10-25 08:08:39
ACC-04613,Surya Healthcare Products Pvt Ltd,Corporate (Staff & Executive Cars),Pharmaceuticals,,Bengaluru,Karnataka,suryahealthcareproduct.com,29HDNCS0984Y1ZG,210915919,,Named,11,USR-216,2026-05-02 09:06:36
ACC-04614,Evergreen Taxi Services Pvt Ltd,Cab Fleet Operator,Transportation Services,,Bengaluru,Karnataka,evergreentaxiservices.in,,,,,27,USR-209,2022-07-27 22:33:12
ACC-04615,Elite Cabs Pvt Ltd,Cab Fleet Operator,Transportation Services,,Bengaluru,Karnataka,elitecabs.com,29WFWCE0556E1ZF,,,Key,15,USR-198,2021-02-15 19:58:12
ACC-04616,Shree Balaji Hotels & Resorts,Hotels & Travel,Hospitality,,Bengaluru,Karnataka,shreebalajihotelsresor.co.in,29PRQPS7402B1Z5,,,,8,USR-208,2020-04-07 17:41:46
ACC-04617,Shubham Car Hire,Car Rental & Self-Drive,Automotive Rental,,Bengaluru,Karnataka,shubhamcarhire.in,29KUNPS0156T1Z9,,,Named,74,USR-209,2026-02-05 18:33:52
ACC-04618,Elite Staff Transport Services Ltd,Employee Transport Services,Transportation Services,,Tumakuru,Karnataka,elitestafftransportser.co.in,29IICCE8090K1ZG,,,,199,USR-214,2019-07-01 20:55:49
ACC-04619,Prime Infotech LLP,Corporate (Staff & Executive Cars),Information Technology,,Mysuru,Karnataka,primeinfotech.in,29ZOLFP9084C1ZA,743190324,,Named,35,USR-214,2025-05-17 15:06:39
ACC-04620,Navya Travels Pvt Ltd,Cab Fleet Operator,Transportation Services,,Bengaluru,Karnataka,navyatravels.in,,,,,15,USR-215,2024-10-22 04:34:50
ACC-04621,Chaitanya Staff Transport Services LLP,Employee Transport Services,Transportation,,Mysuru,Karnataka,chaitanyastafftranspor.co.in,29BWUFC7994Z1Z4,,,,116,USR-208,2019-04-21 10:51:11
ACC-04622,Ujwal Cab Services,Cab Fleet Operator,Transportation Services,,Bengaluru,Karnataka,ujwalcabservices.in,29SGEPU3493L1Z3,,,,35,USR-211,2021-02-28 11:45:45
ACC-04623,Tulasi Employee Transport Solutions LLP,Employee Transport Services,Transportation Services,,Bengaluru ,Karnataka,tulasiemployeetranspor.com,29LHEFT1140P1Z6,,,,162,USR-216,2023-06-20 10:09:29
ACC-04624,Pragati Retail Pvt Ltd,Corporate (Staff & Executive Cars),,,Belagavi,Karnataka,pragatiretail.com,29DMZCP0453G1Z5,,,,12,USR-205,2022-12-17 17:39:46
ACC-04625,Pragati Traders LLP,Corporate (Staff & Executive Cars),Retail,,Bengaluru,Karnataka,pragatitraders.co.in,29IFFFP5112D1Z1,,,,13,USR-211,2024-11-13 14:21:35
ACC-04626,Galaxy Multispeciality Hospital,Hospitals & Education,Healthcare,,Bengaluru,Karnataka,galaxymultispecialityh.in,29ZCFTG5157T1ZW,504410447,,,10,USR-215,2024-11-02 19:52:25
ACC-04627,Omkar Corporate Mobility LLP,Employee Transport Services,Transportation Services,,Bengaluru,Karnataka,omkarcorporatemobility.in,29YCGFO0377U1ZJ,630206799,,,123,USR-206,2020-11-22 21:12:45
ACC-04628,Orbit Travels,Cab Fleet Operator,Transportation Services,,Mysuru,Karnataka,orbittravels.com,29WINPO6505U1ZI,,,,45,USR-204,2025-09-19 06:13:22
ACC-04629,Metro Commute Solutions Pvt Ltd,Employee Transport Services,Transportation Services,,Shivamogga,Karnataka,metrocommutesolutions.in,29TBHCM0434Y1ZZ,,,,323,USR-202,2026-01-05 17:17:06
ACC-04630,Navya Tours & Travels LLP,Cab Fleet Operator,Transportation Services,,Bengaluru,Karnataka,navyatourstravels.com,29KCQFN5634D1ZL,,,,20,USR-206,2025-02-18 00:13:38
ACC-04631,Heritage Life Sciences LLP,Corporate (Staff & Executive Cars),Pharmaceuticals,,Bengaluru,Karnataka,heritagelifesciences.in,29XGJFH6763M1ZM,843468651,,,37,USR-213,2020-07-31 10:40:37
ACC-04632,Shubham Supermarts Ltd,Corporate (Staff & Executive Cars),Retail,,Bengaluru,Karnataka,shubhamsupermartsltd.in,29WHVCS7417O1Z7,,,,7,USR-209,2025-05-03 23:12:54
ACC-04633,Suvarna Cabs LLP,Cab Fleet Operator,Transportation Services,,Bengaluru,Karnataka,suvarnacabs.com,29NMVFS7050S1ZU,,,,4,USR-214,2025-12-27 01:12:16
ACC-04634,Sanjeevini Digital Systems Ltd,Corporate (Staff & Executive Cars),Info Tech,,Bengaluru,Karnataka,sanjeevinidigitalsyste.co.in,29EBMCS5438Z1ZN,274886714,,,24,USR-211,2025-03-21 07:15:17
ACC-04635,Sri Lakshmi Traders Pvt Ltd,Corporate (Staff & Executive Cars),,,Bengaluru,Karnataka,srilakshmitraders.in,29UISCS1778D1ZS,737647228,,,9,USR-211,2026-06-06 16:17:59
ACC-04636,Silicon Healthcare Products Ltd,Corporate (Staff & Executive Cars),Pharmaceuticals,,Bengaluru,Karnataka,siliconhealthcareprodu.in,29SUPCS8406N1ZT,883113531,,,11,USR-202,2026-02-11 00:11:01
ACC-04637,Sharavathi Cab Services Pvt Ltd,Cab Fleet Operator,Transportation Services,,Mysuru,Karnataka,sharavathicabservices.in,29KRXCS1645S1ZU,,,,39,USR-206,2021-10-08 15:33:10
ACC-04638,Chamundi Public School,Hospitals & Education,Education,,Belagavi,Karnataka,chamundipublicschool.co.in,29JXSTC1245X1ZZ,527554648,,Named,5,USR-208,2023-08-19 16:12:19
ACC-04639,Garuda Mobility Services LLP,Employee Transport Services,,,Bengaluru,Karnataka,garudamobilityservices.co.in,29LMCFG2882M1ZX,515766286,,,254,USR-209,2023-08-11 01:11:33
ACC-04640,Prime Diagnostics Pvt Ltd,Hospitals & Education,Healthcare,,Bengaluru ,Karnataka,primediagnostics.in,29VUECP9513Z1ZE,,,,7,USR-211,2022-12-25 10:23:04
ACC-04641,Unity Retail Pvt Ltd,Corporate (Staff & Executive Cars),Retail,,Bengaluru,Karnataka,unityretail.com,29DKTCU9582P1Z3,,,,20,USR-201,2021-08-17 08:00:24
ACC-04642,Galaxy Medical Trust,Hospitals & Education,Healthcare,,Bengaluru,Karnataka,galaxymedicaltrust.in,29PZBTG4327G1ZW,141089876,,Named,9,USR-211,2023-05-13 05:01:30
ACC-04643,Sapphire Diagnostics,Hospitals & Education,Healthcare,,Hubballi,Karnataka,sapphirediagnostics.com,29RIITS5310A1ZS,,,,10,USR-207,2019-06-03 02:19:13
ACC-04644,Vishwa Employee Transport Solutions LLP,Employee Transport Services,Transportation Services,,BLR,Karnataka,vishwaemployeetranspor.com,29YHQFV8749O1ZO,530166088,,,244,USR-216,2026-03-21 01:12:19
ACC-04645,Police Motor Transport Unit - Dharwad,Government / PSU,Govt.,,Bengaluru,Karnataka,,29YGNGP3307N1ZN,,,,17,USR-216,2025-09-23 04:36:02
ACC-04646,Suvarna Credit Services Ltd,Corporate (Staff & Executive Cars),,,Bengaluru,Karnataka,suvarnacreditservicesl.in,29WNYCS4477M1ZP,,,,18,USR-202,2025-05-07 06:47:49
ACC-04647,Vega Travels Pvt Ltd,Cab Fleet Operator,Transportation Services,,Bengaluru,Karnataka,vegatravels.com,29SXFCV2768T1ZD,,,,14,USR-204,2021-06-27 05:25:48
ACC-04648,Chaitanya Healthcare Products LLP,Corporate (Staff & Executive Cars),Pharmaceuticals,,Bengaluru,Karnataka,chaitanyahealthcarepro.in,29TFHFC6328Z1ZG,646005215,,Named,16,USR-214,2025-12-02 17:05:08
ACC-04649,Orbit Car Subscription Services Pvt Ltd,Leasing & Subscription,Banking & Financial Services,,Bengaluru,Karnataka,orbitcarsubscriptionse.com,29CHNCO3627X1ZP,890337150,,,387,USR-211,2026-02-02 10:59:22
ACC-04650,Sanjeevini Taxi Services LLP,Cab Fleet Operator,Transportation Services,,Bengaluru,Karnataka,sanjeevinitaxiservices.co.in,29IELFS5708G1ZE,,,,29,USR-202,2021-04-01 07:48:31
ACC-04651,Zenith Leasing Ltd,Leasing & Subscription,Banking & Financial Services,,Mangaluru,Karnataka,zenithleasingltd.co.in,29OUQCZ9822D1Z4,189880337,,Named,2163,USR-201,2020-06-17 03:49:09
ACC-04652,Netravati Polymers Pvt Ltd,Corporate (Staff & Executive Cars),Manufacturing,,Bengaluru,Karnataka,netravatipolymers.com,29OVACN5094C1ZW,162481598,,,6,USR-204,2026-03-16 14:00:26
ACC-04653,Sharavathi Cab Services LLP,Cab Fleet Operator,Transportation Services,,Tumakuru,Karnataka,sharavathicabservices.in,29JMBFS4393Q1ZE,,,,7,USR-211,2022-08-31 21:55:29
ACC-04654,Sanjeevini Digital Systems Pvt Ltd,Corporate (Staff & Executive Cars),Information Technology,,Bengaluru,Karnataka,sanjeevinidigitalsyste.com,29APNCS7038Z1ZX,,,,27,USR-206,2022-07-17 10:06:03
ACC-04655,Deccan Cabs LLP,Cab Fleet Operator,Transport,,Bengaluru,Karnataka,deccancabs.co.in,29ynpfd3913l1zk,377734516,,,104,USR-208,2026-02-20 23:09:48
ACC-04656,Prime Car Hire,Car Rental & Self-Drive,Automotive Rental,,Mysuru,Karnataka,primecarhire.com,29HOWPP6515Y1Z1,,,,211,USR-213,2020-10-23 03:03:01
ACC-04657,Bharath Taxi Services Pvt Ltd,Cab Fleet Operator,Transportation Services,,Bengaluru,Karnataka,bharathtaxiservices.com,29URHCB2623W1ZD,,,,41,USR-206,2026-02-14 19:45:39
ACC-04658,Annapoorna Credit Services Ltd,Corporate (Staff & Executive Cars),Banking & Financial Services,,Mangaluru,Karnataka,annapoornacreditservic.com,29TSECA7334N1ZO,122070694,,,13,USR-209,2020-09-06 15:01:51
ACC-04659,Aadhya Commute Solutions Ltd,Employee Transport Services,Transportation Services,,Bengaluru,Karnataka,aadhyacommutesolutions.com,29WULCA9755K1Z3,398663401,,,374,USR-209,2021-07-18 13:55:02
ACC-04660,Maruthi Nagar Precision Components Ltd,Corporate (Staff & Executive Cars),Manufacturing,,BLR,Karnataka,maruthinagarprecisionc.com,29SSXCM7004L1Z7,,,,18,USR-209,2019-05-31 21:27:02
ACC-04661,Sharavathi Holidays,Hotels & Travel,Hospitality,,Bengaluru,Karnataka,sharavathiholidays.co.in,29SANPS9064K1Z7,155508775,,Key,14,USR-198,2026-07-20 09:10:13
ACC-04662,Skyline Cab Services LLP,Cab Fleet Operator,Transportation Services,,Bengaluru,Karnataka,skylinecabservices.in,,,,,11,USR-215,2019-08-01 09:00:52
ACC-04663,Ujwal Multispeciality Hospital,Hospitals & Education,Healthcare,,Mangaluru,Karnataka,ujwalmultispecialityho.co.in,29QIETU6737I1ZX,,,,4,USR-212,2023-07-24 13:56:43
ACC-04664,Agriculture Department Office - Chitradurga,Government / PSU,Government,,Hubballi,Karnataka,,29DIOGA8986L1ZQ,,,,23,USR-209,2026-08-18 03:51:51
ACC-04665,Sunrise Holidays Pvt Ltd,Hotels & Travel,Hospitality,,Tumakuru,Karnataka,sunriseholidays.com,29UJDCS2477P1ZI,,,,4,USR-206,2026-05-07 02:55:57
ACC-04666,Vijaya Institute of Technology,Hospitals & Education,Educational Institution,,Mangaluru,Karnataka,vijayainstituteoftechn.com,29LPCTV5268E1ZY,,,Named,3,USR-216,2025-04-03 01:29:12
ACC-04667,Malnad Multispeciality Hospital Pvt Ltd,Hospitals & Education,Healthcare,,Bengaluru,Karnataka,malnadmultispecialityh.com,29HSICM8987G1ZE,268110641,,,5,USR-211,2025-01-16 06:56:22
ACC-04668,Sterling Fleet Services LLP,Cab Fleet Operator,Transportation Services,,Shivamogga,Karnataka,sterlingfleetservices.in,29mukfs4229x1zh,,,,37,USR-210,2023-03-05 15:02:23
ACC-04669,Akshaya Digital Systems LLP,Corporate (Staff & Executive Cars),Information Technology,,Belagavi,Karnataka,akshayadigitalsystems.in,29UAKFA0997J1ZD,945862084,,,15,USR-206,2022-09-28 17:58:24
ACC-04670,Vishwa Corporate Mobility LLP,Employee Transport Services,Transportation Services,,Mangaluru,Karnataka,vishwacorporatemobilit.in,29NWUFV1791M1ZG,540270907,,,48,USR-216,2019-07-19 00:28:50
ACC-04671,Bharath Retail Ltd,Corporate (Staff & Executive Cars),,,Mysuru,Karnataka,bharathretailltd.co.in,29JQGCB3865H1Z8,634573954,,,4,USR-208,2026-08-13 04:30:08
ACC-04672,Chaitanya Infotech Pvt Ltd,Corporate (Staff & Executive Cars),Information Technology,,bengaluru,Karnataka,chaitanyainfotech.com,29FIACC2311Q1ZZ,,,,13,USR-206,2023-07-30 07:27:17
ACC-04673,Urbanline Holidays LLP,Hotels & Travel,Hospitality,,Shivamogga,Karnataka,urbanlineholidays.in,,,,,7,USR-211,2025-08-15 12:15:03
ACC-04674,Rural Development Office - Tumakuru,Government / PSU,Government,,Bengaluru,Karnataka,,29XTVGR3773D1ZU,,,Named,74,USR-203,2023-03-06 11:59:45
ACC-04675,Malnad Holidays LLP,Hotels & Travel,Hospitality,,Mysuru,Karnataka,malnadholidays.com,29HZMFM9835B1ZB,388029357,,,29,USR-206,2022-05-02 11:30:53
ACC-04676,District Collectorate - Gadag,Government / PSU,Government,,Bengaluru,Karnataka,,,,,,13,USR-206,2023-09-02 00:06:35
ACC-04677,Public Works Division - Bagalkote,Government / PSU,Government,,Bengaluru,Karnataka,,29HUGGP3754S1ZX,,,,55,USR-206,2026-04-03 04:14:02
ACC-04678,Swift Fleet Services,Cab Fleet Operator,Transportation Services,,Bengaluru,Karnataka,swiftfleetservices.co.in,29ZVZPS9492S1ZT,,,,59,USR-202,2019-07-20 06:14:20
ACC-04679,Brindavan Mobility Services Ltd,Employee Transport Services,Transportation Services,,Hubballi,Karnataka,brindavanmobilityservi.in,29UKBCB6919J1Z8,842902210,,,81,USR-203,2021-02-28 09:47:14
ACC-04680,Swift Supermarts LLP,Corporate (Staff & Executive Cars),Retail,,Mysuru,Karnataka,swiftsupermarts.co.in,,714561464,,,10,USR-213,2023-01-25 16:32:03
ACC-04681,Kadamba Fleet Leasing Pvt Ltd,Leasing & Subscription,Banking & Financial Services,,Bengaluru,Karnataka,kadambafleetleasing.com,29NOFCK2316R1ZV,,,,120,USR-209,2020-10-25 18:01:01
ACC-04682,Yashas Car Rentals,Car Rental & Self-Drive,Automotive Rental,,Bengaluru,Karnataka,yashascarrentals.co.in,29FAPPY8236T1ZY,,,,11,USR-204,2025-02-26 01:05:56
ACC-04683,Rapid Fleet Services Pvt Ltd,Cab Fleet Operator,Transportation Services,,Bengaluru,Karnataka,rapidfleetservices.in,29UATCR6385G1ZY,,,Named,12,USR-214,2025-11-14 03:38:05
ACC-04684,Bharath Fleet Services LLP,Cab Fleet Operator,Transportation Services,,Mysuru,Karnataka,bharathfleetservices.com,29NCIFB9792G1ZD,,,,13,USR-202,2024-11-11 01:04:55
ACC-04685,Trishul Software Solutions Pvt Ltd,Corporate (Staff & Executive Cars),Information Technology,,Bengaluru,Karnataka,trishulsoftwaresolutio.co.in,29QMTCT6366E1ZI,,,,25,USR-216,2026-03-14 00:14:31
ACC-04686,Garden City Corporate Mobility LLP,Employee Transport Services,Transportation Services,,Bengaluru,Karnataka,gardencitycorporatemob.in,29DBHFG9311N1ZR,,,,218,USR-212,2019-01-25 10:11:28
ACC-04687,Crescent Digital Systems Pvt Ltd,Corporate (Staff & Executive Cars),Information Technology,,Hubballi,Karnataka,crescentdigitalsystems.in,29SRCCC4502E1ZM,689377615,,,49,USR-216,2025-11-11 20:02:47
ACC-04688,District Health Office - Udupi,Government / PSU,Government,,Mangaluru,Karnataka,,29CRRGD3859G1ZS,,,,17,USR-207,2024-05-30 18:52:38
ACC-04689,Chandra Polymers LLP,Corporate (Staff & Executive Cars),Manufacturing,,Udupi,Karnataka,chandrapolymers.co.in,29DATFC7875I1ZE,754185099,,,12,USR-214,2025-07-21 11:01:35
ACC-04690,Urbanline Pharmaceuticals Pvt Ltd,Corporate (Staff & Executive Cars),Pharmaceuticals,,Hubballi,Karnataka,urbanlinepharmaceutica.co.in,29LJKCU3258J1ZX,104950343,,,13,USR-206,2022-09-10 05:08:12
ACC-04691,Sterling Tours & Travels Pvt Ltd,Cab Fleet Operator,Transportation Services,,Belagavi,Karnataka,sterlingtourstravels.in,29DSZCS8975F1Z1,,,,17,USR-208,2024-08-27 09:58:47
ACC-04692,Akshaya Commute Solutions LLP,Employee Transport Services,Transportation Services,,Hubballi,Karnataka,akshayacommutesolution.in,,,,,136,USR-216,2019-06-05 13:26:10
ACC-04693,Samruddhi Employee Transport Solutions Pvt Ltd,Employee Transport Services,Transportation Services,,Bengaluru,Karnataka,samruddhiemployeetrans.in,29BDGCS6134N1ZL,,,,648,USR-214,2023-05-03 04:53:39
ACC-04694,Vishwa Fleet Services LLP,Cab Fleet Operator,Transportation Services,,Bengaluru,Karnataka,vishwafleetservices.co.in,29QQJFV9915Y1Z6,,,,10,USR-209,2024-03-09 14:40:14
ACC-04695,Elite Travels,Cab Fleet Operator,Transportation Services,,Mangaluru,Karnataka,elitetravels.in,29GPRPE3847U1ZJ,,,,13,USR-205,2021-05-03 23:06:47
ACC-04696,Kadamba Infotech Ltd,Corporate (Staff & Executive Cars),Information Technology,,Bengaluru,Karnataka,kadambainfotechltd.com,29AQXCK9175B1ZW,872489217,,Named,5,USR-208,2026-05-31 12:59:04
ACC-04697,Mahalakshmi Infra Projects Ltd,Corporate (Staff & Executive Cars),Construction & Real Estate,,Mangaluru,Karnataka,mahalakshmiinfraprojec.in,29CQMCM2709C1ZJ,497996821,,,10,USR-209,2019-03-06 00:57:37
ACC-04698,Sharavathi Car Rentals,Car Rental & Self-Drive,Rental,,Bengaluru,Karnataka,sharavathicarrentals.co.in,29IUCPS0962G1Z7,,,,37,USR-211,2018-11-17 04:57:58
ACC-04699,Vinayaka Hospital Pvt Ltd,Hospitals & Education,Medical,,Davanagere,Karnataka,vinayakahospital.com,29AKBCV7831X1ZJ,,,,17,USR-216,2023-11-25 13:46:05
ACC-04700,Sri Ganesh Staff Transport Services LLP,Employee Transport Services,Transportation Services,,Mangaluru,Karnataka,sriganeshstafftranspor.in,29LQOFS8765P1ZL,,,Named,71,USR-202,2024-12-26 21:35:24
ACC-04701,Lotus Taxi Services,Cab Fleet Operator,Transportation Services,,Hubballi,Karnataka,lotustaxiservices.in,29KEZPL6304X1ZR,,,,14,USR-209,2019-03-28 11:35:41
ACC-04702,Netravati Commute Solutions Ltd,Employee Transport Services,Transportation Services,,Bengaluru,Karnataka,netravaticommutesoluti.co.in,29UQFCN1710Z1Z5,139063553,,,336,USR-205,2023-07-10 20:38:29
ACC-04703,Pinnacle Cabs LLP,Cab Fleet Operator,Transportation Services,,Bengaluru,Karnataka,pinnaclecabs.in,29RMCFP3720T1ZH,,,,29,USR-209,2021-04-09 09:10:24
ACC-04704,Chandra Fleet Services,Cab Fleet Operator,Transportation Services,,Hubballi,Karnataka,chandrafleetservices.co.in,29ZNNPC9206D1ZC,,,,52,USR-204,2025-10-23 08:00:26
ACC-04705,Pinnacle Infra Projects Pvt Ltd,Corporate (Staff & Executive Cars),Construction & Real Estate,,Hubballi,Karnataka,pinnacleinfraprojects.com,29VGNCP6796G1ZM,,,,9,USR-209,2021-06-01 05:00:50
ACC-04706,Chamundi Fleet Leasing Pvt Ltd,Leasing & Subscription,Banking & Financial Services,,Bengaluru,Karnataka,chamundifleetleasing.co.in,29CCKCC9791F1ZU,,,,915,USR-201,2023-08-07 20:32:38
ACC-04707,Sanjeevini Cab Services,Cab Fleet Operator,Transportation Services,,Davanagere,Karnataka,sanjeevinicabservices.co.in,29WNAPS5450N1ZT,,,,55,USR-214,2026-02-27 21:59:00
ACC-04708,Mahalakshmi Credit Services LLP,Corporate (Staff & Executive Cars),Banking & Financial Services,,Udupi,Karnataka,mahalakshmicreditservi.com,29FOMFM5105K1Z1,,,,39,USR-206,2023-05-24 17:56:52
ACC-04709,Mahalakshmi Car Subscription Services Ltd,Leasing & Subscription,Banking & Financial Services,,Bengaluru,Karnataka,mahalakshmicarsubscrip.com,29ZYQCM7750J1ZM,,,,1115,USR-202,2019-12-27 21:02:12
ACC-04710,Horizon Credit Services Pvt Ltd,Corporate (Staff & Executive Cars),Banking & Financial Services,,Bengaluru,Karnataka,horizoncreditservices.in,29AZFCH9228S1Z6,907480865,,,88,USR-209,2025-07-04 15:33:20
ACC-04711,Vishwa Technologies Pvt Ltd,Corporate (Staff & Executive Cars),I.T.,,Mysuru,Karnataka,vishwatechnologies.co.in,29RDFCV7911X1ZG,973705508,,,20,USR-205,2019-07-07 21:52:25
ACC-04712,Unity Corporate Mobility LLP,Employee Transport Services,,,Bengaluru,Karnataka,unitycorporatemobility.com,29TMGFU6020V1Z3,769106244,,,64,USR-215,2025-03-05 22:58:10
ACC-04713,Akshaya Cab Services Pvt Ltd,Cab Fleet Operator,Transportation Services,,Belagavi,Karnataka,akshayacabservices.in,29RUOCA5654P1Z5,,,,12,USR-215,2019-07-11 06:58:51
ACC-04714,Galaxy Institute of Technology Pvt Ltd,Hospitals & Education,Education,,Tumakuru,Karnataka,galaxyinstituteoftechn.co.in,29ZSBCG3635J1ZR,862586653,,,4,USR-211,2024-04-18 03:38:04
ACC-04715,Prime Cab Services Pvt Ltd,Cab Fleet Operator,Transportation Services,,Bengaluru ,Karnataka,primecabservices.in,29TGLCP2002F1ZT,,,,45,USR-216,2026-08-14 21:23:30
ACC-04716,Shree Balaji Precision Components Pvt Ltd,Corporate (Staff & Executive Cars),Manufacturing,,Bengaluru,Karnataka,shreebalajiprecisionco.co.in,29UDWCS3342Q1ZK,230233824,,Key,11,USR-197,2026-08-03 21:34:56
ACC-04717,Vishwa Diagnostics Pvt Ltd,Hospitals & Education,Healthcare,,Mangaluru,Karnataka,vishwadiagnostics.in,29CRACV3575F1Z4,,,Named,11,USR-209,2026-08-12 01:34:45
ACC-04718,Hampi Taxi Services Pvt Ltd,Cab Fleet Operator,Transportation Services,,Bengaluru,Karnataka,hampitaxiservices.com,29OFYCH0614Z1ZK,,,,15,USR-204,2024-06-24 14:47:46
ACC-04719,Akshaya Cabs Pvt Ltd,Cab Fleet Operator,Transportation Services,,Mysuru,Karnataka,akshayacabs.co.in,29XTXCA0807H1ZO,,,,10,USR-206,2021-12-21 12:02:18
ACC-04720,Airavata Car Hire LLP,Car Rental & Self-Drive,Automotive Rental,,Bengaluru,Karnataka,airavatacarhire.com,29ORUFA5191S1ZW,627898375,,,82,USR-208,2020-09-29 00:47:40
ACC-04721,Tulasi Industries LLP,Corporate (Staff & Executive Cars),Manufacturing,,Bengaluru,Karnataka,tulasiindustries.com,29FZFFT6740W1ZG,746996217,,,5,USR-214,2022-10-27 06:50:58
ACC-04722,Pinnacle Holidays,Hotels & Travel,Hotel & Resorts,,Shivamogga,Karnataka,pinnacleholidays.co.in,,,,,5,USR-216,2026-08-15 17:32:21
ACC-04723,Sunrise Staff Transport Services Pvt Ltd,Employee Transport Services,Transportation Services,,Bengaluru,Karnataka,sunrisestafftransports.com,29VRKCS2898N1ZP,118978477,,,117,USR-216,2025-10-02 23:12:18
ACC-04724,Yashas Mobility Services Pvt Ltd,Employee Transport Services,Transportation Services,,Shivamogga,Karnataka,yashasmobilityservices.in,29MKKCY5251Z1ZX,,,,69,USR-210,2022-02-12 10:03:56
ACC-04725,Vishwa Education Trust,Hospitals & Education,Education,,Bengaluru,Karnataka,vishwaeducationtrust.in,29EIPTV8471D1Z5,393406802,,,3,USR-206,2019-08-25 21:05:23
ACC-04726,Garuda Institute of Technology Pvt Ltd,Hospitals & Education,Education,,Shivamogga,Karnataka,garudainstituteoftechn.in,29MRCCG1520W1ZR,208515198,,,16,USR-204,2020-09-29 20:33:56
ACC-04727,Orbit Pharmaceuticals Ltd,Corporate (Staff & Executive Cars),Pharmaceuticals,,BLR,Karnataka,orbitpharmaceuticalslt.in,29VOLCO0402W1ZC,522659560,,,15,USR-211,2026-08-09 13:41:48
ACC-04728,Royal Mobility Services Pvt Ltd,Employee Transport Services,Transportation,,Tumakuru,Karnataka,royalmobilityservices.com,29SBKCR2216G1ZT,,,,123,USR-202,2025-02-14 01:31:15
ACC-04729,Mahalakshmi Engineering Works LLP,Corporate (Staff & Executive Cars),Manufacturing,,Bengaluru,Karnataka,mahalakshmiengineering.com,29GAHFM7014V1Z8,633307880,,,3,USR-216,2024-12-11 01:33:42
ACC-04730,Chaitanya Mobility Services Pvt Ltd,Employee Transport Services,Transportation Services,,Bengaluru,Karnataka,chaitanyamobilityservi.co.in,29AVCCC2457Z1ZF,203335678,,,58,USR-204,2025-12-03 16:48:08
ACC-04731,Vishwa Cabs,Cab Fleet Operator,Transportation Services,,Belagavi,Karnataka,vishwacabs.in,29VNZPV5646Q1ZQ,,,,30,USR-208,2023-02-03 12:08:09
ACC-04732,Evergreen Tours & Travels Pvt Ltd,Cab Fleet Operator,Transportation Services,,Bengaluru,Karnataka,evergreentourstravels.in,29SZACE7173X1ZM,,,Named,21,USR-216,2019-06-22 05:26:20
ACC-04733,Sanjeevini Fleet Services Pvt Ltd,Cab Fleet Operator,Transportation Services,,Mysuru,Karnataka,sanjeevinifleetservice.com,29WSWCS9906J1ZN,,,,32,USR-202,2020-07-28 23:53:47
ACC-04734,Zenith College Pvt Ltd,Hospitals & Education,,,Mysuru,Karnataka,zenithcollege.co.in,29QANCZ3211F1ZR,,,,6,USR-209,2025-11-27 23:57:05
ACC-04735,Namma Tours & Travels LLP,Cab Fleet Operator,Transportation Services,,Tumakuru,Karnataka,nammatourstravels.com,29JMTFN8554D1ZP,,,,42,USR-214,2026-01-16 01:32:32
ACC-04736,Agriculture Department Office - Kalaburagi,Government / PSU,Government,,Bengaluru,Karnataka,,,,,,26,USR-203,2020-07-26 00:26:40
ACC-04737,Akshaya Car Rentals,Car Rental & Self-Drive,Automotive Rental,,Mangaluru,Karnataka,akshayacarrentals.co.in,29ZPGPA5348R1ZL,,,,83,USR-211,2025-04-17 10:58:08
ACC-04738,Deccan Constructions Pvt Ltd,Corporate (Staff & Executive Cars),Construction & Real Estate,,Bengaluru,Karnataka,deccanconstructions.com,29UZCCD9293Z1Z6,979885825,,,35,USR-211,2018-11-29 15:53:09
ACC-04739,Shree Balaji Taxi Services,Cab Fleet Operator,Transportation Services,,Bengaluru,Karnataka,shreebalajitaxiservice.com,29FDWPS7548J1Z6,,,,19,USR-214,2025-05-03 22:40:45
ACC-04740,Bharath Staff Transport Services LLP,Employee Transport Services,Transportation Services,,Bengaluru,Karnataka,bharathstafftransports.co.in,29OBZFB2400O1ZH,792921797,,,70,USR-204,2025-02-25 23:23:20
ACC-04741,Police Motor Transport Unit - Chikkamagaluru,Government / PSU,Government,,Shivamogga,Karnataka,,29FKYGP7323U1Z0,,,,27,USR-211,2020-06-04 05:19:49
ACC-04742,Rural Development Office - Gadag,Government / PSU,Government,,Mangaluru,Karnataka,,29BWOGR1626Y1ZM,,,,34,USR-209,2023-06-08 20:39:27
ACC-04743,Deccan Cab Services,Cab Fleet Operator,Transportation Services,,Bengaluru,Karnataka,deccancabservices.co.in,29OKTPD0393Y1ZH,,,Key,26,USR-197,2022-04-03 20:43:20
ACC-04744,Maruthi Nagar Industries Pvt Ltd,Corporate (Staff & Executive Cars),Manufacturing,,Mysuru,Karnataka,maruthinagarindustries.in,29NNUCM5925U1ZX,898581219,,,20,USR-208,2025-10-11 21:50:29
ACC-04745,Orbit Retail Pvt Ltd,Corporate (Staff & Executive Cars),Retail,,Mangaluru,Karnataka,orbitretail.in,29YNTCO6652O1ZV,,,,13,USR-215,2025-04-24 12:42:23
ACC-04746,Swift Capital Pvt Ltd,Corporate (Staff & Executive Cars),Banking & Financial Services,,Bengaluru ,Karnataka,swiftcapital.co.in,29ZWGCS7197I1ZN,804209336,,,7,USR-202,2021-06-11 06:37:48
ACC-04747,Evergreen Taxi Services,Cab Fleet Operator,Transportation Services,,Bangalore,Karnataka,evergreentaxiservices.co.in,29DNZPE2592G1ZB,,,,15,USR-209,2026-05-11 17:22:46
ACC-04748,Prime Hotels & Resorts,Hotels & Travel,Hospitality,,Bengaluru,Karnataka,primehotelsresorts.in,29ULXPP9860M1Z3,738168634,,,12,USR-209,2019-09-26 17:56:01
ACC-04749,Swift Tours & Travels Pvt Ltd,Cab Fleet Operator,Transportation Services,,Tumakuru,Karnataka,swifttourstravels.in,29BGOCS3284P1ZY,,,Named,17,USR-209,2023-01-17 17:00:08
ACC-04750,Kodagu Pharmaceuticals Ltd,Corporate (Staff & Executive Cars),Pharmaceuticals,,Hubballi,Karnataka,kodagupharmaceuticalsl.co.in,29VRYCK0734X1ZK,599748531,,,19,USR-216,2020-09-05 15:09:54
ACC-04751,Vasudha Software Solutions Pvt Ltd,Corporate (Staff & Executive Cars),Information Technology,,Udupi,Karnataka,vasudhasoftwaresolutio.com,29TBFCV4301Q1ZA,457658469,,,63,USR-209,2025-11-02 10:54:08
ACC-04752,Metro Credit Services LLP,Corporate (Staff & Executive Cars),Banking & Financial Services,,Belagavi,Karnataka,metrocreditservices.com,29HEXFM9920F1Z5,396862550,,,28,USR-214,2023-08-28 04:48:01
ACC-04753,Greenline Commute Solutions Ltd,Employee Transport Services,Transportation Services,,Bengaluru,Karnataka,greenlinecommutesoluti.co.in,29MOQCG2931O1ZQ,,,,61,USR-212,2019-05-31 09:23:20
ACC-04754,Navya Commute Solutions LLP,Employee Transport Services,Transportation Services,,Bengaluru,Karnataka,navyacommutesolutions.co.in,29IJJFN3330Y1ZJ,,,,170,USR-214,2023-04-11 14:00:49
ACC-04755,Vinayaka Taxi Services Pvt Ltd,Cab Fleet Operator,Travels,,Hubballi,Karnataka,vinayakataxiservices.co.in,29JXRCV5600V1ZL,,,Named,24,USR-209,2022-09-20 16:23:27
ACC-04756,Shubham Hospital Pvt Ltd,Hospitals & Education,Healthcare,,Bengaluru,Karnataka,shubhamhospital.co.in,29WNOCS9647Z1Z3,,,,1,USR-202,2025-05-23 05:15:34
ACC-04757,Kodagu Cabs,Cab Fleet Operator,Travels,,Bengaluru,Karnataka,kodagucabs.co.in,29JWOPK9994U1ZF,,,,17,USR-202,2019-09-17 10:31:13
ACC-04758,Airavata Mobility Services Ltd,Employee Transport Services,Transportation Services,,Bengaluru,Karnataka,airavatamobilityservic.co.in,29PEJCA3987M1Z7,,,,173,USR-209,2022-03-16 20:12:45
ACC-04759,M/s ROYAL STAFF TRANSPORT SERVICES LLP,Employee Transport Services,Transportation Services,,Bengaluru,Karnataka,,29PSYFR6042E1Z9,,,,68,USR-216,2025-11-13 11:07:24
ACC-04760,Metro Cab eSrvices,Cab Fleet Operator,Transportation Services,,Mangalore,Karnataka,metrocabservices.in,,,,,18,USR-211,2026-03-09 06:09:23
ACC-04761,Srinidhi Mobility Services Pvt Ltd.,Employee Transport Services,Transportation Services,,Hubballi,Karnataka,srinidhimobilityservic.com,29AJOCS2860H1ZD,480732110,,,39,USR-204,2026-05-05 15:07:00
ACC-04762,Garuda  Multispeciality Hospital.,Hospitals & Education,Healthcare,,Bengaluru,Karnataka,garudamultispecialityh.in,29TAZTG7749K12U,,,,7,USR-202,2025-09-15 02:39:38
ACC-04763,Merto Credit Services Pvt Ltd.,Corporate (Staff & Executive Cars),Banking & Financial Services,,Bengaluru,Karnataka,metrocreditservices.com,,323136959,,,9,USR-214,2026-02-14 19:58:36
ACC-04764,Vasudha Institute of Technology Private Limited,Hospitals & Education,Education,,Bengaluru ,Karnataka,vasudhainstituteoftech.com,29DVMCV4392W1ZJ,,,,14,USR-215,2023-12-27 21:21:36
ACC-04765,Mahalkashmi Tours & Travels,Cab Fleet Operator,Transportation Services,,Mangalore,Karnataka,,29IVEPM 2311X1ZN,,,,8,USR-211,2026-01-31 17:42:44
ACC-04766,M/s Malnad Cabs.,Cab Fleet Operator,Transportation Services,,Mangalore,Karnataka,malnadcabs.com,29TQXPM0226M1ZU,,,,92,USR-204,2026-05-20 13:47:12
ACC-04767,M/s Chandra Taxi Services,Cab Fleet Operator,Transportation Services,,Mangaluru,Karnataka,chandrataxiservices.com,29pnvfc3538w1zx,,,,39,USR-211,2024-08-06 02:02:27
ACC-04768,Galaxy Auto Leasing,Leasing & Subscription,Banking & Financial Services,,Bengaluru,Karnataka,galaxyautoleasing.in,29FWKCG 3289O1ZA,,,,550,USR-202,2023-10-27 10:12:33
ACC-04769,VEGA COMMUTE SOLUTIONS PVT LTD,Employee Transport Services,Transportation Services,,Bengaluru,Karnataka,,29VFNCV2698F1ZR,,,,470,USR-203,2024-11-16 03:34:21
ACC-04770,M/s Surya Credti Services Pvt Ltd,Corporate (Staff & Executive Cars),Banking & Financial Services,,Davanagere,Karnataka,,29SNQCS2338B1Z,,,,7,USR-211,2024-07-11 08:07:22
ACC-04771,M/s Chaitayna Healthcare Products Ltd,Corporate (Staff & Executive Cars),Pharmaceuticals,,Bengaluru,Karnataka,,29MYYCC7201C1ZU,,,,8,USR-204,2026-03-07 21:21:32
ACC-04772,Bluehcip Medical Trust Pvt. Ltd.,Hospitals & Education,Healthcare,,Bengaluru,Karnataka,bluechipmedicaltrust.in,,,,,15,USR-209,2024-01-31 19:53:31
ACC-04773,SRI LAKSHMI COMMUTE SOLUTIONS PVT LTD.,Employee Transport Services,Transportation Services,,Mysuru,Karnataka,,29SYQCS8478E12N,,,,69,USR-204,2025-11-23 04:08:06
ACC-04774,TRISHUL TOURS & TRAVELS,Cab Fleet Operator,Transportation Services,,Bengaluru,Karnataka,trishultourstravels.co.in,,,,,45,USR-215,2024-10-11 08:38:31
ACC-04775,M/s Nakshatra Resorts LLP,Hotels & Travel,Hospitality,,Mysuru,Karnataka,,29PEEFN2179Q1ZV,,,,10,USR-209,2024-06-05 12:10:28
ACC-04776,Emerald Corporate Mobility,Employee Transport Services,Transportation Services,,Bengaluru,Karnataka,emeraldcorporatemobili.com,29MYDCE5117M1ZP,,,,56,USR-202,2023-12-09 23:10:04
ACC-04777,Heritage Rent-a-Car Pvt. Ltd.,Car Rental & Self-Drive,Automotive Rental,,Davanagere,Karnataka,heritagerentacar.in,29ujuph2605x1zj,,,,23,USR-204,2026-09-01 11:59:51
ACC-04778,Ujwal Self Drive Cars Private Limited,Car Rental & Self-Drive,Automotive Rental,,Hubballi,Karnataka,ujwalrentacar.in,29RIACU3214M1Z9,,,,112,USR-209,2026-03-24 21:45:35
ACC-04779,Greenline  Cab Services LLP Pvt. Ltd.,Cab Fleet Operator,Transportation Services,,Bengaluru,Karnataka,,29FOHFG8980Q1Z,,,,40,USR-205,2024-07-19 04:38:05
ACC-04780,Sharada Capital LLP Pvt. Ltd.,Corporate (Staff & Executive Cars),Banking & Financial Services,,Mangaluru,Karnataka,sharadacapital.in,29WPVFS5550U1ZA,,,,31,USR-206,2025-09-04 02:57:26
ACC-04781,Sharada Taxi Services LLP.,Cab Fleet Operator,Transportation Services,,BLR,Karnataka,,29QQMFS4751M1Z2,,,,82,USR-202,2025-08-10 02:57:15
ACC-04782,Rapid  Travels Pvt Ltd,Cab Fleet Operator,Transportation Services,,Bengaluru,Karnataka,rapidtravels.co.in,29ysfcr3231z1zp,,,,41,USR-208,2025-12-05 11:52:08
ACC-04783,SANJEEVINI  SUPERMARTS LTD,Corporate (Staff & Executive Cars),Retail,,Bengaluru,Karnataka,sanjeevinisupermartslt.co.in,29JHSCS3786O1ZF,,,,5,USR-209,2025-12-24 05:02:14
ACC-04784,M/s STERLING HOSPITAL PVT LTD,Hospitals & Education,Healthcare,,Tumakuru,Karnataka,,29JRFCS5880C1ZX,999508497,,,6,USR-204,2026-05-19 11:33:29
ACC-04785,Police  Motor Transport Unit - Udupi,Government / PSU,Government,,bengaluru,Karnataka,,29DBVGP4990Q1ZL,,,,19,USR-208,2025-10-16 20:01:48
ACC-04786,Rapid Healthcare Products Private Limited,Corporate (Staff & Executive Cars),Pharmaceuticals,,Bengaluru,Karnataka,rapidhealthcareproduct.com,29YNFCR3418J1ZQ,,,,15,USR-202,2026-04-24 12:02:14
ACC-04787,Sanjeevini Digital Systems Ptv Ltd,Corporate (Staff & Executive Cars),Information Technology,,Bengaluru ,Karnataka,sanjeevinidigitalsyste.com,29APNCS7038Z1ZX,,,,27,USR-211,2026-03-23 12:25:44
ACC-04788,Vasudha Precision Components Private Limited,Corporate (Staff & Executive Cars),Manufacturing,,Bengaluru,Karnataka,vasudhaprecisioncompon.com,29GLNCV4579V1ZW,,,,18,USR-209,2024-04-08 11:07:35
ACC-04789,Tunga Precision Components,Corporate (Staff & Executive Cars),Manufacturing,,Bengaluru,Karnataka,tungaprecisioncomponen.com,29YQBCT4517X1Z,,,,20,USR-208,2026-01-12 14:45:32
ACC-04790,M/s Srinidhi Supermarts Ltd,Corporate (Staff & Executive Cars),Retail,,Bengaluru ,Karnataka,srinidhisupermartsltd.com,29YAYCS1801P1ZU,,,,29,USR-211,2025-12-23 08:52:24
ACC-04791,Yashas  Corporate Mobility LLP.,Employee Transport Services,Transportation Services,,Udupi,Karnataka,yashascorporatemobilit.com,29SCFFY2356D1ZG,686108104,,,86,USR-209,2026-09-10 20:53:06
ACC-04792,Namma Hotels & Resorts.,Hotels & Travel,Hospitality,,Bengaluru,Karnataka,nammahotelsresorts.in,29UHRCN9544T1Z0,,,,12,USR-211,2026-08-16 21:15:28
ACC-04793,NAVYA HOLIDAYS PVT LTD,Hotels & Travel,Hospitality,,Mysore,Karnataka,navyaholidays.com,,,,,9,USR-215,2024-09-01 16:04:28
ACC-04794,Sahyadri Medical Trust Pvt. Ltd.,Hospitals & Education,Healthcare,,Bengaluru ,Karnataka,sahyadrimedicaltrust.com,,,,,3,USR-211,2026-08-22 15:26:11
ACC-04795,Krishna  Taxi Services,Cab Fleet Operator,Transportation Services,,BLR,Karnataka,,29ANSFK4060W1ZC,,,,31,USR-215,2025-03-18 17:23:07
ACC-04796,Garuda Healthcare Products LLP.,Corporate (Staff & Executive Cars),Pharmaceuticals,,Mangaluru,Karnataka,,29lbvfg0234i1zr,,,,17,USR-209,2026-03-25 22:43:44
ACC-04797,Shubham  Supermarts Pvt Ltd.,Corporate (Staff & Executive Cars),Retail,,Bengaluru,Karnataka,shubhamsupermarts.com,29TWCCS6817C1ZL,,,,8,USR-215,2024-09-10 07:59:00
ACC-04798,Hoysala Hotels and Resorts Pvt Ltd,Hotels & Travel,Hospitality,,Bengaluru,Karnataka,hoysalahotelsresorts.co.in,,,,,7,USR-216,2026-06-15 04:05:02
ACC-04799,Brindavan Staff Transport Services Private Limited,Employee Transport Services,Transportation Services,,Davanagere,Karnataka,,29VDHCB0484E1ZZ,846691687,,,183,USR-203,2024-03-07 10:47:38
ACC-04800,Maruthi Nagar Fleet Services Pvt..,Cab Fleet Operator,Transportation Services,,Hubli,Karnataka,maruthinagarfleetservi.co.in,,,,,40,USR-216,2026-01-23 13:52:36
ACC-04801,M/s  Lotus Car Subscription Services Pvt Ltd,Leasing & Subscription,Banking & Financial Services,,Bengaluru,Karnataka,lotuscarsubscriptionse.in,29OHSCL 6545L1ZS,,,,377,USR-202,2026-08-17 15:07:28
ACC-04802,SAI KRUPA INFRA PROJECTS PVT LTD.,Corporate (Staff & Executive Cars),Construction & Real Estate,,Bengaluru,Karnataka,saikrupainfraprojects.co.in,29PRUCS5524X1ZG,,,,10,USR-205,2025-03-22 02:10:34
ACC-04803,Suvarna Rent-a-Car Private Limited,Car Rental & Self-Drive,Automotive Rental,,Shivamogga,Karnataka,,29JWMCS7622G1ZG,,,,16,USR-209,2025-06-26 06:25:44
ACC-04804,NAVYA EDUCATION TRUST PVT LTD,Hospitals & Education,Education,,Bengaluru ,Karnataka,,29CQOCN2736D1ZB,,,,5,USR-202,2026-05-21 12:59:51
ACC-04805,Netravati Commute Solutions Prviate Limited,Employee Transport Services,Transportation Services,,Bengaluru,Karnataka,netravaticommutesoluti.com,29ZGYCN0423Z1Z2,,,,50,USR-206,2026-04-30 03:59:22
ACC-04806,Prime Cab Services.,Cab Fleet Operator,Transportation Services,,Bengaluru,Karnataka,primecabservices.in,,,,,45,USR-214,2026-09-20 16:18:33
ACC-04807,Akshaya Resorts Private Limited,Hotels & Travel,Hospitality,,BLR,Karnataka,akshayaresorts.co.in,29IQICA0243Z1ZP,,,,21,USR-204,2026-09-16 11:11:21
ACC-04808,Sharavathi Digital ySstems,Corporate (Staff & Executive Cars),Information Technology,,Mysuru,Karnataka,sharavathidigitalsyste.co.in,29XPNCS3531H1ZL,,,,36,USR-205,2024-05-29 19:51:09
ACC-04809,BHARATH FINANCE PVT LTD,Corporate (Staff & Executive Cars),Banking & Financial Services,,Udupi,Karnataka,bharathbuilders.co.in,29ANXCB6552A1ZM,,,,20,USR-209,2024-05-02 09:40:49
ACC-04810,Greenline Medical Trust Pvt. Ltd.,Hospitals & Education,Healthcare,,Bengaluru,Karnataka,greenlinemedicaltrust.com,29FYCTG0313E1ZP,,,,5,USR-206,2025-12-24 06:16:51
ACC-04811,M/s Annapoorna Travels.,Cab Fleet Operator,Transportation Services,,Bengaluru,Karnataka,annapoornatravels.com,29SYMPA8360C1ZX,,,,8,USR-202,2026-01-09 19:14:04
ACC-04812,M/s Police Motor Transport Unit - Raichur,Government / PSU,Government,,Bengaluru,Karnataka,,,,,,81,USR-214,2026-06-25 12:39:29
ACC-04813,Rapid  Leasing Pvt Ltd,Leasing & Subscription,Banking & Financial Services,,BLR,Karnataka,rapidleasing.com,29XKQCR3826W1ZS,,,,920,USR-215,2025-03-01 18:22:37
ACC-04814,City Municipal Office - Ramanagara ,Government / PSU,Government,,Bengaluru,Karnataka,,29TXEGC7053O1Z2,,,,17,USR-211,2024-05-30 07:59:54
ACC-04815,M/s Prime Cabs LLP,Cab Fleet Operator,Transportation Services,,Bengaluru,Karnataka,primecabs.co.in,29ZRBFP4286R12P,,,,69,USR-205,2024-03-12 20:40:08
ACC-04816,Rapid Commute Solutions Pvt tLd.,Employee Transport Services,Transportation Services,,Bengaluru,Karnataka,rapidcommutesolutions.com,29IIGCR5161X1ZJ,,,,87,USR-204,2026-05-17 02:28:38
ACC-04817,Kaarvali Credit Services Ltd,Corporate (Staff & Executive Cars),Banking & Financial Services,,Tumakuru,Karnataka,karavalicreditservices.com,,,,,9,USR-211,2024-11-05 12:49:57
ACC-04818,CHAMUNDI EMPLOYEE TRANSPORT SOLUTIONS PVT LTD,Employee Transport Services,Transportation Services,,Bengaluru,Karnataka,chamundiemployeetransp.in,29EFZCC 5475A1ZS,,,,87,USR-209,2025-06-02 14:33:39
ACC-04819,M/s Mahalakshmi  Polymers Pvt Ltd,Corporate (Staff & Executive Cars),Manufacturing,,Bengaluru,Karnataka,mahalakshmipolymers.co.in,29ZRGCM8039A1Z0,222555794,,,34,USR-202,2024-09-24 05:47:40
ACC-04820,Yashas  Tours & Travels,Cab Fleet Operator,Transportation Services,,BLR,Karnataka,,29YLTPY4895F128,,,,24,USR-209,2025-12-15 06:47:12
ACC-04821,HOYSALA TOURS & TRAVELS LLP,Cab Fleet Operator,Transportation Services,,Bengaluru,Karnataka,hoysalatourstravels.com,29dtyfh4744w1zn,,,,54,USR-206,2026-09-20 02:46:25
ACC-04822,Roayl Car Hire,Car Rental & Self-Drive,Automotive Rental,,Bengaluru,Karnataka,royalcarhire.com,29VWPPR7162G1Z8,,,,115,USR-202,2026-01-02 03:49:10
ACC-04823,Omkar Employee Transport Solutions,Employee Transport Services,Transportation Services,,Bengaluru,Karnataka,omkaremployeetransport.co.in,29YWXFO2764D1ZT,,,,101,USR-211,2025-01-15 17:24:16
ACC-04824,M/s Heritage Taxi Services Pvt. Ltd.,Cab Fleet Operator,Transportation Services,,Bengaluru,Karnataka,,29pweph8385c1zw,,,,101,USR-208,2025-07-05 14:43:38
ACC-04825,Hoysala Diagnostics ,Hospitals & Education,Healthcare,,Bengaluru,Karnataka,hoysaladiagnostics.co.in,29RVXTH4617D1ZK,,,,13,USR-205,2025-06-27 16:35:10
ACC-04826,SURYA SELF DRIVE CARS PVT LTD,Car Rental & Self-Drive,Automotive Rental,,bengaluru,Karnataka,suryaselfdrivecars.in,29JQUCS5321L1ZH,,,,731,USR-204,2025-11-13 10:52:34
ACC-04827,Vinayaka Infra Projects Private Limited,Corporate (Staff & Executive Cars),Construction & Real Estate,,Hubballi,Karnataka,vinayakainfraprojects.co.in,29JCSCV3652O12X,,,,23,USR-214,2024-12-12 01:48:56
ACC-04828,Chamundi Staff Transport Services,Employee Transport Services,Transportation Services,,Tumakuru,Karnataka,chamundistafftransport.com,29KFFCC8068S1Z2,606093510,,,134,USR-214,2026-04-07 18:04:34
ACC-04829,Vijaya Tehcnologies Private Limited,Corporate (Staff & Executive Cars),Information Technology,,Tumkur,Karnataka,vijayatechnologies.in,29NGDCV9129H1Z7,,,,7,USR-215,2024-07-25 12:18:08
ACC-04830,Horizon Travels Pvt Ltd.,Cab Fleet Operator,Transportation Services,,Bengaluru,Karnataka,horizontravels.com,29JSUCH3324R12D,,,,28,USR-208,2025-12-21 00:17:36
ACC-04831,Samruddhi Supermarts.,Corporate (Staff & Executive Cars),Retail,,Belgaum,Karnataka,,29QBMFS1004A1Z6,,,,10,USR-216,2026-07-31 07:27:28
ACC-04832,SUVARNA TRAVELS.,Cab Fleet Operator,Transportation Services,,Bengaluru,Karnataka,suvarnatravels.co.in,,,,,6,USR-206,2026-06-10 02:38:15
ACC-04833,Ujwal Commute Solutions.,Employee Transport Services,Transportation Services,,Bengaluru,Karnataka,ujwalcommutesolutions.in,29ROTFU1661L1Z3,,,,157,USR-206,2026-07-30 01:36:43
ACC-04834,M/s Hampi Car Rentals,Car Rental & Self-Drive,Automotive Rental,,Belagavi,Karnataka,hampicarrentals.com,29EZQPH8659V1ZL,,,,37,USR-202,2025-10-28 15:32:27
ACC-04835,CHANRDA CAB SERVICES PVT LTD,Cab Fleet Operator,Transportation Services,,Mangaluru,Karnataka,,29MYCCC5810Z1Z9,,,,9,USR-214,2026-09-03 20:43:43
ACC-04836,PUBLIC WORKS DIVISION - CHIKKABALLAPUR,Government / PSU,Government,,Bengaluru,Karnataka,,29HAVGP0443Q1Z3,,,,24,USR-214,2025-10-04 13:24:03
ACC-04837,M/s Airavata Captial Pvt Ltd,Corporate (Staff & Executive Cars),Banking & Financial Services,,Mysore,Karnataka,airavatacapital.co.in,29NXOCA7379N1ZX,,,,18,USR-202,2026-01-05 05:22:00
ACC-04838,Sri Balaji Hospitality Services.,Hotels & Travel,Hospitality,,Hubballi,Karnataka,,29CPAPS9971V1ZB,,,,9,USR-204,2026-06-01 14:29:58
ACC-04839,M/s Malnad  Retail Pvt Ltd,Corporate (Staff & Executive Cars),Retail,,Mysuru,Karnataka,malnadretail.in,29LYMCM0895A1ZN,,,,5,USR-216,2026-06-05 03:25:53
ACC-04840,NAVYA SUPERMARTS LTD.,Corporate (Staff & Executive Cars),Retail,,Udupi,Karnataka,navyasupermartsltd.co.in,,,,,12,USR-207,2025-02-04 23:28:17
ACC-04841,Orbit Supermarts,Corporate (Staff & Executive Cars),Retail,,bengaluru,Karnataka,orbitsupermarts.in,29TDYCO8888V12K,,,,2,USR-214,2026-06-04 21:30:36
ACC-04842,M/s Mahalakshmi Car Hire Pvt. Ltd.,Car Rental & Self-Drive,Automotive Rental,,Bengaluru,Karnataka,mahalakshmicarhire.co.in,29BEKPM7013A1ZP,,,,53,USR-205,2024-08-23 03:29:31
ACC-04843,Rapid Auto Leasing Private Limited.,Leasing & Subscription,Banking & Financial Services,,Tumakuru,Karnataka,rapidautoleasing.in,29EIDCR6218W1ZS,,,,156,USR-205,2024-11-10 17:51:28
ACC-04844,VIJAYA DIAGNOSTICS,Hospitals & Education,Healthcare,,Mangalore,Karnataka,,,,,,11,USR-207,2024-04-08 23:08:29
ACC-04845,Akshaya  Fleet Services,Cab Fleet Operator,Transportation Services,,Mangaluru,Karnataka,akshayafleetservices.in,29MYKPA4953K1ZP,,,,50,USR-209,2026-07-21 01:11:45
ACC-04846,M/s Chaitanya Commute Soltuions LLP,Employee Transport Services,Transportation Services,,Bengaluru,Karnataka,chaitanyacommutesoluti.co.in,29BLGFC2430E1Z6,,,,131,USR-216,2026-03-04 09:11:14
ACC-04847,Sterling Commute Solutinos LLP Pvt. Ltd.,Employee Transport Services,Transportation Services,,Bangalore,Karnataka,,29MCSFS3783Y1Z,,,,31,USR-215,2025-01-26 11:08:47
ACC-04848,Nandi  Rent-a-Car,Car Rental & Self-Drive,Automotive Rental,,Mysuru,Karnataka,nandirentacar.co.in,29WTYCN2408I1Z7,,,,57,USR-208,2026-03-15 01:46:07
ACC-04849,Maruthi Nagar Infra Porjects LLP Pvt. Ltd.,Corporate (Staff & Executive Cars),Construction & Real Estate,,Shimoga,Karnataka,,29VOMFM6551U1ZP,,,,6,USR-211,2026-03-17 01:41:05
ACC-04850,Chaitanya Technologies Pvt. Ltd.,Corporate (Staff & Executive Cars),Information Technology,,Mangaluru,Karnataka,chaitanyatechnologiesl.co.in,,,,,22,USR-208,2025-08-16 04:20:36
ACC-04851,Yashas Engineernig Works Pvt Ltd,Corporate (Staff & Executive Cars),Manufacturing,,Bengaluru,Karnataka,yashasengineeringworks.in,29QKPCY4301X1Z3,,,,23,USR-204,2026-01-01 17:34:10
ACC-04852,Emerald Staff Transport Services Private Limited.,Employee Transport Services,Transportation Services,,Bengaluru,Karnataka,,29YFXCE8305A1ZO,,,,163,USR-202,2024-12-02 07:55:58
ACC-04853,NAVYA CAPITAL LLP,Corporate (Staff & Executive Cars),Banking & Financial Services,,Tumakuru,Karnataka,navyacapital.co.in,29PVMFN4624G12F,,,,15,USR-208,2025-11-25 20:31:28
ACC-04854,M/s EVERGREEN DEVELOPERS LLP,Corporate (Staff & Executive Cars),Construction & Real Estate,,Udupi,Karnataka,evergreendevelopers.in,29fanfe3306q1zq,,,,54,USR-211,2026-09-21 00:00:00
ACC-04855,TRISHUL FLEET SERVICES LLP.,Cab Fleet Operator,Transportation Services,,Belagavi,Karnataka,,29KKWFT7681P12S,,,,28,USR-216,2025-09-23 20:55:50
ACC-04856,Skyline Travels LLP Pvt. Ltd.,Cab Fleet Operator,Transportation Services,,Bengaluru,Karnataka,skylinetravels.co.in,29ZMBFS3021H1Z2,,,,9,USR-207,2025-02-18 05:33:40
ACC-04857,Chandra Staff Transport Services LLP ,Employee Transport Services,Transportation Services,,Bengaluru,Karnataka,chandrastafftransports.in,29BKDFC1731P1ZM,,,,455,USR-211,2025-08-09 03:11:26
ACC-04858,Urbanline Supermarts Pvt Ltd.,Corporate (Staff & Executive Cars),Retail,,Mangalore,Karnataka,urbanlineinfotech.in,29RYYCU8568E1ZF,,,,27,USR-211,2026-04-12 18:11:54
ACC-04859,NETRAVATI HOTELS & RESORTS PVT LTD,Hotels & Travel,Hospitality,,Bengaluru ,Karnataka,netravatihotelsresorts.in,,,,,17,USR-209,2024-10-13 05:26:38
ACC-04860,Sahyadri  Pharmaceuticals Pvt Ltd,Corporate (Staff & Executive Cars),Pharmaceuticals,,Bengaluru,Karnataka,sahyadripharmaceutical.in,29QYWCS9939M1Z2,,,,21,USR-214,2025-02-19 03:38:51
ACC-04861,M/s RAPID PHARMACEUTICALS PVT LTD,Corporate (Staff & Executive Cars),Pharmaceuticals,,Shivamogga,Karnataka,rapidpharmaceuticals.in,29LTOCR 2025J1ZP,,,,22,USR-208,2026-09-02 09:34:45
ACC-04862,Chamundi Polymers Private Limited.,Corporate (Staff & Executive Cars),Manufacturing,,Bengaluru,Karnataka,chamundipolymers.in,29MCICC7865N1ZA,,,,18,USR-209,2026-09-21 00:00:00
ACC-04863,OMKAR RENT-A-CAR LLP,Car Rental & Self-Drive,Automotive Rental,,Tumkur,Karnataka,omkarrentacar.co.in,29KTCFO5993G1ZF,,,,13,USR-202,2026-02-09 16:59:44
ACC-04864,SHREE BALAJI EMPLOYEE TRANSPORT SOLUTIONS,Employee Transport Services,Transportation Services,,Hubli,Karnataka,,29XZOFS0168I1ZO,,,,27,USR-205,2025-07-27 05:52:22
ACC-04865,SILICON HOTELS & RESORTS.,Hotels & Travel,Hospitality,,Bangalore,Karnataka,siliconhotelsresorts.co.in,29XXCPS4265P1ZZ,,,,27,USR-209,2026-09-10 07:30:40
ACC-04866,M/S HOYSALA HEALTHCARE PRODUCTS LTD,Corporate (Staff & Executive Cars),Pharmaceuticals,,Hubli,Karnataka,,29TWQCH0635Y1ZL,,,,26,USR-216,2026-04-08 11:20:49
ACC-04867,MALNAD TAXI SERVICES,Cab Fleet Operator,Transportation Services,,Bengaluru,Karnataka,malnadtaxiservices.in,29MBECM9310Z1ZY,,,,39,USR-214,2025-09-02 03:18:03
ACC-04868,AKSHAYA FINANCE PVT LTD,Corporate (Staff & Executive Cars),Banking & Financial Services,,Bengaluru,Karnataka,akshayafinance.co.in,,104877819,,,61,USR-215,2024-06-20 20:47:37
ACC-04869,Prime  Supermarts Pvt Ltd,Corporate (Staff & Executive Cars),Retail,,Bengaluru,Karnataka,primesupermarts.com,29BCSCP1922G12Z,,,,29,USR-216,2026-03-31 07:02:00
ACC-04870,Suvarna  Fleet Services Private Limited,Cab Fleet Operator,Transportation Services,,Bengaluru,Karnataka,suvarnafleetservices.com,,,,,14,USR-213,2024-03-15 14:37:49
ACC-04871,M/s Trishul Cabs LLP Pvt. Ltd.,Cab Fleet Operator,Transportation Services,,Bengaluru,Karnataka,trishulcabs.in,29RIPFT5479Q1ZU,,,,30,USR-208,2025-07-09 04:58:06
ACC-04872,Bharath Self Drive Cars Pvt. Ltd.,Car Rental & Self-Drive,Automotive Rental,,Davanagere,Karnataka,bharathselfdrivecars.co.in,29JCRCB8330A1ZH,,,,42,USR-209,2025-01-08 11:35:31
ACC-04873,Shree aBlaji Travels Private Limited,Cab Fleet Operator,Transportation Services,,Davangere,Karnataka,shreebalajitravels.com,29XKPCS6718T1ZT,,,,137,USR-209,2026-03-10 07:52:11
ACC-04874,Sri Constructions LLP Pvt. Ltd.,Corporate (Staff & Executive Cars),Construction & Real Estate,,Udupi,Karnataka,srilakshmicapital.co.in,29BCWFS8304Y1ZF,,,,14,USR-216,2025-05-18 05:12:56
ACC-04875,M/s Netravati Cab Services,Cab Fleet Operator,Transportation Services,,Bengaluru,Karnataka,netravaticabservices.in,29DWLPN5781D1Z,,,,73,USR-208,2025-05-27 23:58:46
ACC-04876,M/s Maruthi Nagar Taxi Services.,Cab Fleet Operator,Transportation Services,,Davangere,Karnataka,maruthinagartaxiservic.co.in,29RHVPM9307L1ZW,,,,19,USR-202,2024-12-03 05:07:25
ACC-04877,MARUTHI NAGAR RESORTS PVT LTD,Hotels & Travel,Hospitality,,Tumakuru,Karnataka,,29YOHCM 6062Q1Z7,,,,4,USR-216,2026-07-05 06:55:21
ACC-04878,M/s Crescent Staff Transport Services,Employee Transport Services,Transportation Services,,Bengaluru,Karnataka,crescentstafftransport.in,29LZKCC8123C1Z0,,,,177,USR-214,2025-07-14 18:03:16
ACC-04879,KRISHNA CABS,Cab Fleet Operator,Transportation Services,,Bengaluru,Karnataka,krishnacabs.in,29MJEPK8766K1Z4,687353835,,,35,USR-214,2025-10-30 23:21:43
ACC-04880,M/s Sapphire Precision Components Private Limited,Corporate (Staff & Executive Cars),Manufacturing,,Bengaluru,Karnataka,sapphireprecisioncompo.in,,,,,8,USR-209,2024-02-06 05:56:43
ACC-04881,ROYAL SOFTWARE SOLUTIONS LTD,Corporate (Staff & Executive Cars),Information Technology,,BLR,Karnataka,royalsoftwaresolutions.in,29UURCR7668U1ZY,,,,38,USR-215,2025-02-06 10:28:54
ACC-04882,LOTUS CAPITLA LLP,Corporate (Staff & Executive Cars),Banking & Financial Services,,Bengaluru,Karnataka,lotuscapital.co.in,,,,,5,USR-211,2026-04-02 10:29:22
ACC-04883,M/s Annapoorna Staff Transport Services Private Limited,Employee Transport Services,Transportation Services,,Bengaluru,Karnataka,,29lizca8162r1zj,,,,221,USR-202,2026-08-23 11:54:11
ACC-04884,Evergreen Self Drive Cars Private Limited,Car Rental & Self-Drive,Automotive Rental,,Shimoga,Karnataka,evergreenselfdrivecars.in,29XWNCE6066S1ZM,,,,13,USR-206,2026-06-08 12:40:58
ACC-04885,Shree Balaji Car Rentals.,Car Rental & Self-Drive,Automotive Rental,,Bengaluru,Karnataka,shreebalajicarrentals.co.in,29YMECS1374K1ZN,,,,85,USR-204,2026-05-24 22:55:05
ACC-04886,Tunga  Mobility Services Private Limited,Employee Transport Services,Transportation Services,,Bengaluru,Karnataka,tungamobilityservices.com,29JYWCT9187W1ZO,,,,80,USR-209,2026-05-03 13:20:31
ACC-04887,M/s Trishul Commute Solutions LLP Pvt. Ltd.,Employee Transport Services,Transportation Services,,Mangalore,Karnataka,trishulcommutesolution.com,29SYMFT 1619G1Z3,,,,147,USR-205,2023-11-28 14:03:50
ACC-04888,Namma Commute Solutions,Employee Transport Services,Transportation Services,,Hubli,Karnataka,nammacommutesolutions.in,29AWTCN4658O120,976272967,,,360,USR-208,2025-11-13 12:57:25
ACC-04889,Kadamab Hospitality Services,Hotels & Travel,Hospitality,,Bengaluru,Karnataka,kadambahospitalityserv.co.in,29jpopk4782v1z7,498040747,,,8,USR-202,2025-12-07 19:37:47
ACC-04890,Navya  Leasing Pvt Ltd,Leasing & Subscription,Banking & Financial Services,,Bengaluru,Karnataka,,29LRPCN1633Q1ZE,,,,394,USR-206,2026-05-04 21:51:03
ACC-04891,Krishna Engineering Works,Corporate (Staff & Executive Cars),Manufacturing,,Hubballi,Karnataka,krishnaengineeringwork.in,29CPXCK9749Q1ZX,,,,32,USR-209,2026-08-14 15:29:44
ACC-04892,AMRUTHA CABS PVT LTD,Cab Fleet Operator,Transportation Services,,Hubballi,Karnataka,,29MQDCA9783J1ZR,,,,25,USR-216,2025-06-25 10:06:01
ACC-04893,Malnad Capital Private Limited,Corporate (Staff & Executive Cars),Banking & Financial Services,,Bengaluru ,Karnataka,malnadcapital.com,29kkacm4780w1zj,600410041,,,13,USR-208,2026-09-10 00:55:03
ACC-04894,Ujwal Car Subscription Services LLP.,Leasing & Subscription,Banking & Financial Services,,Bengaluru,Karnataka,,29SBXFU9210J1ZS,,,,665,USR-211,2026-08-08 22:32:30
ACC-04895,SAMRUDDHI  STAFF TRANSPORT SERVICES PVT LTD,Employee Transport Services,Transportation Services,,Hubballi,Karnataka,samruddhistafftranspor.com,29THUCS2361B1Z9,,,,138,USR-205,2025-01-07 17:01:42
ACC-04896,Shree Balaji Commute Solutions Pvt Ltd.,Employee Transport Services,Transportation Services,,Belgaum,Karnataka,shreebalajicommutesolu.com,29cfecs3189j1zh,,,,495,USR-209,2026-05-22 17:00:01
ACC-04897,M/S AADHYA EDUCATION TRUST PVT LTD,Hospitals & Education,Education,,Bengaluru,Karnataka,,29CSRCA7802E1ZE,,,,5,USR-208,2025-11-22 11:57:56
ACC-04898,Ujwal Fleet Services.,Cab Fleet Operator,Transportation Services,,Hubballi,Karnataka,ujwalfleetservices.in,29BVYFU1824Y1ZD,,,,44,USR-208,2026-06-21 17:20:16
ACC-04899,SKYLINE  TOURS & TRAVELS,Cab Fleet Operator,Transportation Services,,Hubballi,Karnataka,skylinecabs.com,29WZSPS 9202A1ZG,,,,25,USR-202,2025-03-23 19:37:06
ACC-04900,Hampi Infra Proejcts Pvt Ltd.,Corporate (Staff & Executive Cars),Construction & Real Estate,,Hubballi,Karnataka,hampiinfraprojects.in,29SSACH6706I1Z,,,,11,USR-214,2026-07-12 12:20:24
ACC-04901,Hampi Tours & Travels ,Cab Fleet Operator,Transportation Services,,Mangaluru,Karnataka,hampitourstravels.in,,,,,47,USR-208,2025-07-19 20:47:39
ACC-04902,UJWAL HOSPITALITY SERVICES PVT LTD,Hotels & Travel,Hospitality,,Shivamogga,Karnataka,,29PGPCU5096N1ZF,,,,56,USR-216,2025-12-14 16:38:34
ACC-04903,M/S SRI LAKSHMI SUPERMARTS PVT LTD,Corporate (Staff & Executive Cars),Retail,,Bengaluru,Karnataka,srilakshmisupermarts.com,29MESCS4482J1ZX,,,,13,USR-205,2025-01-27 23:04:50
ACC-04904,Srinidhi  Cabs Pvt Ltd,Cab Fleet Operator,Transportation Services,,Bangalore,Karnataka,,29FPDCS6217I1Z5,,,,20,USR-214,2026-06-12 10:43:48
ACC-04905,Zenith Cabs Pvt. Ltd.,Cab Fleet Operator,Transportation Services,,Bengaluru,Karnataka,,29QFSCZ0243I1Z3,,,,16,USR-208,2026-09-09 03:28:24
ACC-04906,Evergreen Public School,Hospitals & Education,Education,,Mysuru,Karnataka,evergreenpublicschool.in,29THMCE3974H1Z6,,,,11,USR-202,2026-06-01 19:04:42
ACC-04907,Sri Lakshmi Capital Pvt Ltd.,Corporate (Staff & Executive Cars),Banking & Financial Services,,Mangaluru,Karnataka,,29BLHCS3571R1ZS,,,,32,USR-215,2024-03-20 00:05:36
ACC-04908,Chaitayna Corporate Mobility,Employee Transport Services,Transportation Services,,BLR,Karnataka,,29BTZCC7166P1Z7,,,,37,USR-209,2025-01-19 08:53:23
ACC-04909,Garuda Mdeical Trust,Hospitals & Education,Healthcare,,Shivamogga,Karnataka,garudamedicaltrust.com,29DQNCG0948H1Z8,,,,2,USR-209,2025-07-04 04:18:30
ACC-04910,Sunrise Hospitality Services Private Limited,Hotels & Travel,Hospitality,,Bengaluru,Karnataka,,,,,,22,USR-209,2024-06-02 02:04:12
ACC-04911,Aadhya Hotels and Resorts LLP.,Hotels & Travel,Hospitality,,Bengaluru,Karnataka,aadhyahotelsresorts.com,29JZOFA1846Q1Z,,,,10,USR-204,2025-04-23 14:30:48
ACC-04912,Galaxy Car Rentals.,Car Rental & Self-Drive,Automotive Rental,,Bengaluru,Karnataka,galaxycarrentals.com,,,,,35,USR-209,2026-08-24 00:30:56
ACC-04913,Urbanline  Software Solutions Pvt Ltd.,Corporate (Staff & Executive Cars),Information Technology,,Bengaluru,Karnataka,,29CMJCU 6201S1ZU,,,,35,USR-202,2026-04-27 19:32:10
ACC-04914,Sapphire Industries Private Limited.,Corporate (Staff & Executive Cars),Manufacturing,,Mysuru,Karnataka,,29MWZCS5557R1Z7,,,,17,USR-211,2026-04-18 12:08:31
ACC-04915,Chamundi Public School Pvt. Ltd.,Hospitals & Education,Education,,Belagavi,Karnataka,chamundipublicschool.co.in,29JXSTC1245X1ZZ,,,,5,USR-206,2026-02-06 16:03:01
ACC-04916,Sanejevini Precision Components,Corporate (Staff & Executive Cars),Manufacturing,,Bengaluru,Karnataka,sanjeeviniprecisioncom.in,29YQXFS7052S1Z7,,,,5,USR-204,2025-10-07 08:36:14
ACC-04917,Bharath Supermarts Private Limited,Corporate (Staff & Executive Cars),Retail,,Mysuru,Karnataka,bharathsupermarts.co.in,29ZIBCB1817K1ZI,,,,20,USR-205,2024-07-24 15:59:37
ACC-04918,M/s Vishwa Commute Solutions,Employee Transport Services,Transportation Services,,Bengaluru,Karnataka,vishwacommutesolutions.co.in,,,,,93,USR-211,2024-02-06 05:37:55
ACC-04919,CRESCENT FLEET SERVICES LLP.,Cab Fleet Operator,Transportation Services,,Hubballi,Karnataka,crescentfleetservices.com,29GBCFC3966U12A,782342009,,,37,USR-207,2024-04-02 15:40:34
ACC-04920,Nakshatra Constructions Ldt.,Corporate (Staff & Executive Cars),Construction & Real Estate,,Bangalore,Karnataka,nakshatraconstructions.co.in,29CVWCN8689D1Z5,,,,17,USR-209,2026-03-15 15:03:47
ACC-04921,M/s Suvarna Corporate Mobility Pvt Ltd,Employee Transport Services,Transportation Services,,BLR,Karnataka,suvarnacorporatemobili.com,29PUOCS 4934W1ZE,,,,152,USR-214,2026-07-05 04:41:06
ACC-04922,Switf  Cabs LLP,Cab Fleet Operator,Transportation Services,,Hubli,Karnataka,swiftcabs.in,29MIUFS2413A1ZG,,,,94,USR-211,2024-10-19 00:02:25
ACC-04923,Mahalakshmi tSaff Transport Services Private Limited,Employee Transport Services,Transportation Services,,Bengaluru,Karnataka,mahalakshmistafftransp.com,29KOMCM4240S1ZK,,,,48,USR-209,2025-05-18 06:59:27
ACC-04924,M/s NAKSHATRA MOBILITY SERVICES PVT LTD,Employee Transport Services,Transportation Services,,Hubballi,Karnataka,nakshatramobilityservi.co.in,29VEPCN0669L1ZV,,,,121,USR-207,2024-01-21 10:42:42
ACC-04925,Horizon Supermarts.,Corporate (Staff & Executive Cars),Retail,,BLR,Karnataka,horizonsupermarts.co.in,,,,,4,USR-202,2026-03-22 11:26:11
ACC-04926,Sri Ganesh Taxi Services Pvt. Ltd.,Cab Fleet Operator,Transportation Services,,Bengaluru,Karnataka,sriganeshtaxiservices.in,29KXDPS6045S1Z7,,,,26,USR-204,2025-07-16 09:13:04
ACC-04927,Vega Resorts LLP Pvt. Ltd..,Hotels & Travel,Hospitality,,Bengaluru ,Karnataka,vegaresorts.co.in,29LLPFV9696X1Z3,,,,6,USR-202,2025-11-20 02:22:17
ACC-04928,Evergreen Precision Components Private Limited,Corporate (Staff & Executive Cars),Manufacturing,,Bengaluru,Karnataka,evergreenprecisioncomp.co.in,,,,,15,USR-208,2026-02-19 09:04:22
ACC-04929,Evergreen Cab Serivces Pvt Ltd,Cab Fleet Operator,Transportation Services,,Bengaluru,Karnataka,evergreencabservices.in,29MSYCE 4667Q1ZV,,,,29,USR-202,2026-09-21 00:00:00
ACC-04930,M/s Vishwa Taxi Services Private Limited,Cab Fleet Operator,Transportation Services,,Mangalore,Karnataka,vishwataxiservices.co.in,,,,,20,USR-215,2024-12-26 12:37:58
ACC-04931,Malnad Public Scohol.,Hospitals & Education,Education,,Bengaluru,Karnataka,malnadpublicschool.com,29SWKTM8988D1Z6,,,,6,USR-209,2025-10-26 08:36:21
ACC-04932,M/s Vijaya Cab Services Pvt Ltd,Cab Fleet Operator,Transportation Services,,Mysore,Karnataka,vijayacabservices.co.in,,,,,59,USR-208,2026-05-21 23:46:38
ACC-04933,Malnad Tours & Travels Pvt Ltd.,Cab Fleet Operator,Transportation Services,,Bengaluru ,Karnataka,,29APTCM6076O1ZF,,,,9,USR-203,2024-06-07 00:24:46
ACC-04934,SHARAVATHI INSTITUTE OF TECHNOLOGY.,Hospitals & Education,Education,,Mysuru,Karnataka,sharavathiinstituteoft.co.in,29ZJXTS9430Z1ZB,,,,7,USR-214,2025-04-30 10:28:13
ACC-04935,Sharavathi Staff Transport Services,Employee Transport Services,Transportation Services,,Bengaluru,Karnataka,,29KNRCS9089X1ZC,,,,77,USR-204,2026-01-24 18:50:47
ACC-04936,Sai Krupa Commute Solutions Private Limited,Employee Transport Services,Transportation Services,,bengaluru,Karnataka,,,,,,85,USR-211,2024-05-21 22:43:10
ACC-04937,Horizon  Fleet Services Pvt. Ltd.,Cab Fleet Operator,Transportation Services,,Bengaluru ,Karnataka,horizonfleetservices.in,,363379267,,,12,USR-214,2025-12-19 16:50:58
ACC-04938,ZILLA PANCHAYTA - MYSURU,Government / PSU,Government,,Mysuru,Karnataka,,,,,,78,USR-216,2026-09-21 00:00:00
ACC-04939,AGRICULTURE DEPARTMENT OFFICE - MYSURU,Government / PSU,Government,,Bengaluru,Karnataka,,29GYFGA0733X1Z7,,,,73,USR-203,2024-08-01 12:56:15
ACC-04940,Aadhya uSpermarts Pvt Ltd,Corporate (Staff & Executive Cars),Retail,,Bengaluru,Karnataka,aadhyasupermarts.co.in,29CKCCA1920N12Z,,,,10,USR-211,2024-12-12 02:07:50
ACC-04941,Sri Lakshmi Staff Transport Services Pvt Ltd.,Employee Transport Services,Transportation Services,,Hubballi,Karnataka,srilakshmistafftranspo.in,,746543726,,,47,USR-204,2026-09-02 18:15:47
ACC-04942,M/s Sri Balaji Medical Trust Pvt Ltd,Hospitals & Education,Healthcare,,Shimoga,Karnataka,shreebalajimedicaltrus.com,29OWNCS0981Z1Z7,,,,6,USR-211,2026-01-19 03:33:14
ACC-04943,Garuda Staff Transport Services,Employee Transport Services,Transportation Services,,Bengaluru,Karnataka,garudastafftransportse.in,29LGKFG0883N1Z3,196407003,,,96,USR-208,2026-06-07 11:12:05
ACC-04944,Airavata Diagnositcs,Hospitals & Education,Healthcare,,Mysore,Karnataka,airavatadiagnostics.in,29XRCTA0503W12Q,,,,11,USR-208,2026-09-06 07:18:25
ACC-04945,Suvrana Rent-a-Car,Car Rental & Self-Drive,Automotive Rental,,Bengaluru,Karnataka,,,,,,128,USR-211,2026-08-12 06:05:58
ACC-04946,Elite Auto Leasing LLP.,Leasing & Subscription,Banking & Financial Services,,Bengaluru,Karnataka,,,,,,717,USR-204,2025-01-29 07:04:36
ACC-04947,M/s  Sharada Mobility Services Ltd,Employee Transport Services,Transportation Services,,Udupi,Karnataka,sharadamobilityservice.in,29WSTCS1484O1ZN,924944261,,,175,USR-204,2025-05-30 14:02:33
ACC-04948,District  Health Ofifce - Bengaluru Urban,Government / PSU,Government,,Belagavi,Karnataka,,29LDXGD8296D1ZA,,,,23,USR-204,2025-12-25 18:28:03
ACC-04949,Nakshatra Traders Pvt Ltd,Hospitals & Education,Education,,Bengaluru,Karnataka,nakshatratraders.co.in,29BNUCN6627F1Z2,,,,6,USR-211,2026-09-23 15:15:40
ACC-04950,Garuda Corporate Mobility Pvt Ltd,Corporate (Staff & Executive Cars),Retail,,Hubballi,Karnataka,garudacorporatemobilit.co.in,29AJTCG4299Z1Z6,973998281,,,38,USR-204,2026-09-23 05:39:52
ACC-04951,Tulasi Taxi Services Private Limited,Cab Fleet Operator,Transportation Services,,Udupi,Karnataka,tulasitaxiservicespriv.com,29LGIPT0236C1Z7,391445645,,,34,USR-214,2026-09-23 02:47:58
ACC-04952,Pinnacle Travels,Corporate (Staff & Executive Cars),Construction & Real Estate,,Bengaluru,Karnataka,pinnacletravels.com,,,,,31,USR-214,2026-09-24 17:30:20
ACC-04953,Aadhya Leasing Pvt Ltd,Government / PSU,Government,,Bengaluru,Karnataka,,,,,,4,USR-211,2026-09-24 16:05:25
ACC-04954,District Health Office - Belagavi,Employee Transport Services,Transportation Services,,Bengaluru,Karnataka,districthealthofficebe.in,29MZVPD6163Z1ZH,,,,314,USR-208,2026-09-24 04:53:12
ACC-04955,Nakshatra Tours & Travels LLP,Car Rental & Self-Drive,Automotive Rental,,Mysuru,Karnataka,nakshatratourstravels.co.in,29KEPFN3503X1ZP,,,,48,USR-209,2026-09-25 14:15:26
ACC-04956,Vasudha Digital Systems LLP,Corporate (Staff & Executive Cars),Retail,,Hubballi,Karnataka,vasudhadigitalsystems.co.in,,916383740,,,13,USR-209,2026-09-25 16:02:03
