RequestID,RequestedOn,RequestedBy,Category,RequestType,Priority,SLAHours,DueOn,DeliveredOn,Status,AssignedToUserID,ReworkRequired
REQ-00001,2023-09-23 10:27:00,USR-105,Ad hoc Analysis,Ad hoc,P3,72,2023-09-26 10:27:00,2023-09-25 03:21:52,Delivered,USR-005,False
REQ-00002,2023-09-23 13:09:21,USR-076,Daily Sales Flash,Standing - Daily,P1,4,2023-09-23 17:09:21,2023-09-23 14:45:31,Delivered,USR-005,False
REQ-00003,2023-09-24 12:44:27,USR-007,Lead Source ROI,Ad hoc,P3,72,2023-09-27 12:44:27,2023-09-26 02:23:34,Delivered,USR-002,False
REQ-00004,2023-09-26 13:59:09,USR-197,Data Correction,Ad hoc,P2,24,2023-09-27 13:59:09,2023-09-27 02:52:44,Delivered,USR-002,False
REQ-00005,2023-09-26 17:03:14,USR-198,Data Correction,Ad hoc,P2,24,2023-09-27 17:03:14,2023-09-27 12:02:01,Delivered,USR-005,False
REQ-00006,2023-09-28 17:41:28,USR-001,Data Correction,Ad hoc,P2,24,2023-09-29 17:41:28,2023-09-29 01:25:35,Delivered,USR-005,False
REQ-00007,2023-09-30 13:04:16,USR-076,Lead Source ROI,Ad hoc,P3,72,2023-10-03 13:04:16,2023-10-01 06:41:14,Delivered,USR-002,False
REQ-00008,2023-09-30 14:23:23,USR-042,Ad hoc Analysis,Ad hoc,P1,4,2023-09-30 18:23:23,2023-09-30 16:55:19,Delivered,USR-005,False
REQ-00009,2023-10-01 12:25:26,USR-131,Ad hoc Analysis,Ad hoc,P3,72,2023-10-04 12:25:26,2023-10-02 03:19:28,Delivered,USR-002,False
REQ-00010,2023-10-01 14:37:26,USR-043,Board / Owner Review Pack,Ad hoc,P1,4,2023-10-01 18:37:26,2023-10-01 20:10:42,Delivered,USR-005,False
REQ-00011,2023-10-02 16:54:02,USR-199,Data Correction,Ad hoc,P2,24,2023-10-03 16:54:02,2023-10-03 07:54:28,Delivered,USR-005,False
REQ-00012,2023-10-04 18:21:31,USR-178,Target vs Achievement,Standing - Monthly,P2,24,2023-10-05 18:21:31,2023-10-05 23:08:29,Delivered,USR-002,False
REQ-00013,2023-10-05 09:45:33,USR-162,Weekly Pipeline Review,Standing - Weekly,P2,24,2023-10-06 09:45:33,2023-10-06 10:25:59,Delivered,USR-005,False
REQ-00014,2023-10-05 11:20:53,USR-043,Daily Sales Flash,Standing - Daily,P1,4,2023-10-05 15:20:53,2023-10-05 12:53:58,Delivered,USR-002,True
REQ-00015,2023-10-05 16:41:27,USR-104,Weekly Pipeline Review,Standing - Weekly,P2,24,2023-10-06 16:41:27,2023-10-06 00:05:23,Delivered,USR-005,False
REQ-00016,2023-10-06 16:52:07,USR-178,Weekly Pipeline Review,Standing - Weekly,P2,24,2023-10-07 16:52:07,2023-10-06 22:49:39,Delivered,USR-002,False
REQ-00017,2023-10-06 18:01:42,OEM Regional Office,OEM Submission,Standing - Monthly,P1,4,2023-10-06 22:01:42,2023-10-07 01:10:53,Delivered,USR-002,False
REQ-00018,2023-10-07 13:07:36,USR-075,Daily Sales Flash,Standing - Daily,P1,4,2023-10-07 17:07:36,2023-10-07 14:38:16,Delivered,USR-005,False
REQ-00019,2023-10-08 10:57:30,USR-007,Ad hoc Analysis,Ad hoc,P3,72,2023-10-11 10:57:30,2023-10-09 05:05:13,Delivered,USR-005,False
REQ-00020,2023-10-08 13:33:01,USR-198,Weekly Pipeline Review,Standing - Weekly,P2,24,2023-10-09 13:33:01,2023-10-09 16:43:27,Delivered,USR-002,False
REQ-00021,2023-10-12 11:57:56,USR-007,Data Correction,Ad hoc,P2,24,2023-10-13 11:57:56,2023-10-12 20:02:02,Delivered,USR-005,False
REQ-00022,2023-10-12 15:29:25,USR-076,Data Correction,Ad hoc,P2,24,2023-10-13 15:29:25,2023-10-13 00:35:52,Delivered,USR-005,True
REQ-00023,2023-10-12 17:23:34,USR-198,Ad hoc Analysis,Ad hoc,P3,72,2023-10-15 17:23:34,2023-10-14 05:02:05,Delivered,USR-005,True
REQ-00024,2023-10-13 11:22:03,USR-076,Data Correction,Ad hoc,P2,24,2023-10-14 11:22:03,2023-10-13 16:37:56,Delivered,USR-002,False
REQ-00025,2023-10-13 13:16:17,USR-196,Lead Source ROI,Ad hoc,P3,72,2023-10-16 13:16:17,2023-10-16 01:21:34,Delivered,USR-005,False
REQ-00026,2023-10-14 14:18:25,USR-042,Daily Sales Flash,Standing - Daily,P1,4,2023-10-14 18:18:25,2023-10-14 16:10:58,Delivered,USR-005,False
REQ-00027,2023-10-17 10:12:03,USR-131,Lead Source ROI,Ad hoc,P3,72,2023-10-20 10:12:03,2023-10-20 15:59:34,Delivered,USR-002,False
REQ-00028,2023-10-18 16:40:15,USR-042,Weekly Pipeline Review,Standing - Weekly,P2,24,2023-10-19 16:40:15,2023-10-19 01:36:11,Delivered,USR-002,False
REQ-00029,2023-10-18 18:20:19,USR-200,Ad hoc Analysis,Ad hoc,P3,72,2023-10-21 18:20:19,2023-10-21 14:52:40,Delivered,USR-002,False
REQ-00030,2023-10-19 13:36:59,USR-042,Ad hoc Analysis,Ad hoc,P3,72,2023-10-22 13:36:59,2023-10-20 23:31:29,Delivered,USR-005,True
REQ-00031,2023-10-23 09:35:15,USR-200,Target vs Achievement,Standing - Monthly,P2,24,2023-10-24 09:35:15,2023-10-24 16:09:27,Delivered,USR-005,False
REQ-00032,2023-10-23 12:53:11,USR-006,Weekly Pipeline Review,Standing - Weekly,P2,24,2023-10-24 12:53:11,2023-10-24 17:55:14,Delivered,USR-005,False
REQ-00033,2023-10-25 11:08:34,OEM Regional Office,OEM Submission,Standing - Monthly,P1,4,2023-10-25 15:08:34,2023-10-25 12:31:28,Delivered,USR-002,False
REQ-00034,2023-10-25 11:19:03,USR-104,Data Correction,Ad hoc,P2,24,2023-10-26 11:19:03,2023-10-25 19:00:09,Delivered,USR-002,False
REQ-00035,2023-10-25 11:34:32,USR-196,Target vs Achievement,Standing - Monthly,P2,24,2023-10-26 11:34:32,2023-10-26 02:13:55,Delivered,USR-005,False
REQ-00036,2023-10-25 16:19:30,USR-200,Daily Sales Flash,Standing - Daily,P1,4,2023-10-25 20:19:30,2023-10-25 18:44:30,Delivered,USR-005,False
REQ-00037,2023-10-26 15:47:48,USR-104,Ad hoc Analysis,Ad hoc,P3,72,2023-10-29 15:47:48,2023-10-28 06:09:04,Delivered,USR-005,True
REQ-00038,2023-10-26 15:54:30,USR-105,Incentive Calculation,Standing - Monthly,P1,4,2023-10-26 19:54:30,2023-10-26 16:44:25,Delivered,USR-005,False
REQ-00039,2023-10-26 17:51:55,USR-196,Daily Sales Flash,Standing - Daily,P1,4,2023-10-26 21:51:55,2023-10-26 19:09:47,Delivered,USR-002,False
REQ-00040,2023-10-28 09:58:30,USR-076,Lead Source ROI,Ad hoc,P1,4,2023-10-28 13:58:30,2023-10-28 12:30:55,Delivered,USR-002,False
REQ-00041,2023-10-28 13:26:30,USR-041,Data Correction,Ad hoc,P1,4,2023-10-28 17:26:30,2023-10-28 14:55:11,Delivered,USR-005,False
REQ-00042,2023-10-28 15:15:05,USR-076,Weekly Pipeline Review,Standing - Weekly,P2,24,2023-10-29 15:15:05,2023-10-28 20:18:39,Delivered,USR-002,False
REQ-00043,2023-10-28 18:28:11,USR-076,Weekly Pipeline Review,Standing - Weekly,P2,24,2023-10-29 18:28:11,2023-10-28 22:38:31,Delivered,USR-002,False
REQ-00044,2023-10-31 12:22:02,USR-196,Data Correction,Ad hoc,P2,24,2023-11-01 12:22:02,2023-11-01 02:24:38,Delivered,USR-002,False
REQ-00045,2023-10-31 15:48:01,USR-178,Ad hoc Analysis,Ad hoc,P3,72,2023-11-03 15:48:01,2023-11-03 02:48:58,Delivered,USR-002,False
REQ-00046,2023-10-31 16:30:56,USR-006,Weekly Pipeline Review,Standing - Weekly,P2,24,2023-11-01 16:30:56,2023-11-01 00:21:12,Delivered,USR-002,False
REQ-00047,2023-11-01 13:28:33,USR-075,Lead Source ROI,Ad hoc,P3,72,2023-11-04 13:28:33,2023-11-02 18:38:44,Delivered,USR-005,True
REQ-00048,2023-11-02 11:17:39,USR-043,Ad hoc Analysis,Ad hoc,P3,72,2023-11-05 11:17:39,2023-11-04 09:56:43,Delivered,USR-005,False
REQ-00049,2023-11-03 10:33:03,USR-178,Data Correction,Ad hoc,P2,24,2023-11-04 10:33:03,2023-11-04 10:40:18,Delivered,USR-002,False
REQ-00050,2023-11-04 11:56:27,USR-042,Daily Sales Flash,Standing - Daily,P1,4,2023-11-04 15:56:27,2023-11-04 22:15:00,Delivered,USR-002,False
REQ-00051,2023-11-04 12:12:52,USR-006,Daily Sales Flash,Standing - Daily,P1,4,2023-11-04 16:12:52,2023-11-04 13:58:21,Delivered,USR-005,False
REQ-00052,2023-11-04 12:52:53,USR-104,Data Correction,Ad hoc,P2,24,2023-11-05 12:52:53,2023-11-05 15:01:07,Delivered,USR-005,False
REQ-00053,2023-11-05 11:11:15,USR-178,Data Correction,Ad hoc,P2,24,2023-11-06 11:11:15,2023-11-06 05:30:39,Delivered,USR-002,False
REQ-00054,2023-11-05 11:52:30,USR-161,Target vs Achievement,Standing - Monthly,P2,24,2023-11-06 11:52:30,2023-11-06 05:37:44,Delivered,USR-005,False
REQ-00055,2023-11-07 18:17:15,USR-198,Data Correction,Ad hoc,P2,24,2023-11-08 18:17:15,2023-11-09 03:50:16,Delivered,USR-002,False
REQ-00056,2023-11-08 09:32:19,USR-042,Incentive Calculation,Standing - Monthly,P1,4,2023-11-08 13:32:19,2023-11-08 10:49:58,Delivered,USR-002,False
REQ-00057,2023-11-08 13:32:23,USR-132,Weekly Pipeline Review,Standing - Weekly,P2,24,2023-11-09 13:32:23,2023-11-09 05:55:59,Delivered,USR-002,False
REQ-00058,2023-11-08 15:33:22,USR-196,Ad hoc Analysis,Ad hoc,P3,72,2023-11-11 15:33:22,2023-11-09 21:43:15,Delivered,USR-005,False
REQ-00059,2023-11-09 16:09:08,USR-041,Ad hoc Analysis,Ad hoc,P3,72,2023-11-12 16:09:08,2023-11-10 23:03:44,Delivered,USR-005,False
REQ-00060,2023-11-10 10:37:20,USR-104,Target vs Achievement,Standing - Monthly,P2,24,2023-11-11 10:37:20,2023-11-10 16:06:15,Delivered,USR-005,False
REQ-00061,2023-11-10 12:01:43,USR-104,Daily Sales Flash,Standing - Daily,P1,4,2023-11-10 16:01:43,2023-11-10 14:23:31,Delivered,USR-002,False
REQ-00062,2023-11-10 14:19:37,USR-105,Board / Owner Review Pack,Ad hoc,P1,4,2023-11-10 18:19:37,2023-11-10 16:51:36,Delivered,USR-002,False
REQ-00063,2023-11-10 14:58:44,USR-041,Daily Sales Flash,Standing - Daily,P1,4,2023-11-10 18:58:44,2023-11-10 15:50:20,Delivered,USR-005,True
REQ-00064,2023-11-10 16:37:50,USR-105,Daily Sales Flash,Standing - Daily,P1,4,2023-11-10 20:37:50,2023-11-11 02:02:09,Delivered,USR-002,False
REQ-00065,2023-11-13 15:41:54,USR-007,Daily Sales Flash,Standing - Daily,P1,4,2023-11-13 19:41:54,2023-11-13 17:20:22,Delivered,USR-005,False
REQ-00066,2023-11-14 12:32:43,OEM Regional Office,OEM Submission,Standing - Monthly,P1,4,2023-11-14 16:32:43,2023-11-14 13:27:39,Delivered,USR-002,False
REQ-00067,2023-11-14 14:58:54,USR-041,Ad hoc Analysis,Ad hoc,P3,72,2023-11-17 14:58:54,2023-11-15 14:25:01,Delivered,USR-005,False
REQ-00068,2023-11-15 17:59:26,USR-076,Weekly Pipeline Review,Standing - Weekly,P2,24,2023-11-16 17:59:26,2023-11-16 02:01:45,Delivered,USR-002,False
REQ-00069,2023-11-15 18:13:42,USR-162,Daily Sales Flash,Standing - Daily,P1,4,2023-11-15 22:13:42,2023-11-15 22:03:58,Delivered,USR-005,False
REQ-00070,2023-11-16 15:30:21,USR-043,Lead Source ROI,Ad hoc,P1,4,2023-11-16 19:30:21,,Cancelled,USR-002,False
REQ-00071,2023-11-17 16:58:49,USR-199,Target vs Achievement,Standing - Monthly,P2,24,2023-11-18 16:58:49,2023-11-18 03:19:23,Delivered,USR-005,False
REQ-00072,2023-11-19 14:34:37,USR-007,Ad hoc Analysis,Ad hoc,P1,4,2023-11-19 18:34:37,2023-11-19 15:40:17,Delivered,USR-005,False
REQ-00073,2023-11-19 17:03:41,OEM Regional Office,OEM Submission,Standing - Monthly,P1,4,2023-11-19 21:03:41,2023-11-19 19:15:31,Delivered,USR-002,False
REQ-00074,2023-11-20 13:19:32,USR-178,Incentive Calculation,Standing - Monthly,P1,4,2023-11-20 17:19:32,2023-11-20 13:53:30,Delivered,USR-002,False
REQ-00075,2023-11-21 14:06:11,USR-041,Daily Sales Flash,Standing - Daily,P1,4,2023-11-21 18:06:11,2023-11-21 15:51:53,Delivered,USR-002,False
REQ-00076,2023-11-23 17:36:19,USR-161,Lead Source ROI,Ad hoc,P1,4,2023-11-23 21:36:19,2023-11-23 19:16:02,Delivered,USR-002,False
REQ-00077,2023-11-25 13:15:11,USR-132,Weekly Pipeline Review,Standing - Weekly,P2,24,2023-11-26 13:15:11,2023-11-26 10:30:34,Delivered,USR-005,False
REQ-00078,2023-11-25 15:54:32,USR-041,Target vs Achievement,Standing - Monthly,P2,24,2023-11-26 15:54:32,2023-11-26 01:16:21,Delivered,USR-005,False
REQ-00079,2023-11-25 18:17:54,USR-043,Data Correction,Ad hoc,P1,4,2023-11-25 22:17:54,2023-11-25 21:52:39,Delivered,USR-005,True
REQ-00080,2023-11-26 11:58:19,USR-041,Lead Source ROI,Ad hoc,P3,72,2023-11-29 11:58:19,2023-12-04 06:35:24,Delivered,USR-002,False
REQ-00081,2023-11-26 15:15:18,OEM Regional Office,OEM Submission,Standing - Monthly,P1,4,2023-11-26 19:15:18,2023-11-26 18:56:05,Delivered,USR-002,False
REQ-00082,2023-11-27 09:54:57,USR-196,Weekly Pipeline Review,Standing - Weekly,P2,24,2023-11-28 09:54:57,2023-11-27 21:18:04,Delivered,USR-002,False
REQ-00083,2023-11-27 13:08:17,USR-198,Lead Source ROI,Ad hoc,P3,72,2023-11-30 13:08:17,2023-11-28 22:21:02,Delivered,USR-005,False
REQ-00084,2023-11-27 18:05:08,USR-200,Daily Sales Flash,Standing - Daily,P1,4,2023-11-27 22:05:08,2023-11-27 19:56:33,Delivered,USR-005,False
REQ-00085,2023-11-28 17:32:45,USR-043,Lead Source ROI,Ad hoc,P3,72,2023-12-01 17:32:45,2023-12-01 02:04:53,Delivered,USR-002,True
REQ-00086,2023-11-30 16:25:35,USR-197,Target vs Achievement,Standing - Monthly,P2,24,2023-12-01 16:25:35,2023-12-01 13:57:47,Delivered,USR-002,False
REQ-00087,2023-12-01 11:07:28,USR-001,Target vs Achievement,Standing - Monthly,P2,24,2023-12-02 11:07:28,2023-12-01 19:04:41,Delivered,USR-005,False
REQ-00088,2023-12-02 16:41:33,USR-200,Ad hoc Analysis,Ad hoc,P3,72,2023-12-05 16:41:33,2023-12-04 11:08:23,Delivered,USR-002,False
REQ-00089,2023-12-03 14:17:58,USR-198,Ad hoc Analysis,Ad hoc,P3,72,2023-12-06 14:17:58,2023-12-08 05:32:52,Delivered,USR-002,False
REQ-00090,2023-12-04 12:23:59,USR-006,Daily Sales Flash,Standing - Daily,P1,4,2023-12-04 16:23:59,2023-12-04 13:51:32,Delivered,USR-005,False
REQ-00091,2023-12-04 16:34:07,USR-196,Lead Source ROI,Ad hoc,P3,72,2023-12-07 16:34:07,2023-12-07 01:21:09,Delivered,USR-005,False
REQ-00092,2023-12-05 14:37:11,USR-075,Ad hoc Analysis,Ad hoc,P3,72,2023-12-08 14:37:11,2023-12-09 06:42:53,Delivered,USR-005,False
REQ-00093,2023-12-06 12:29:37,USR-041,Daily Sales Flash,Standing - Daily,P1,4,2023-12-06 16:29:37,2023-12-06 14:45:25,Delivered,USR-002,False
REQ-00094,2023-12-06 13:57:36,USR-161,Ad hoc Analysis,Ad hoc,P3,72,2023-12-09 13:57:36,2023-12-07 05:08:49,Delivered,USR-002,False
REQ-00095,2023-12-07 10:21:58,USR-198,Lead Source ROI,Ad hoc,P3,72,2023-12-10 10:21:58,2023-12-08 11:48:19,Delivered,USR-002,True
REQ-00096,2023-12-07 15:39:36,USR-041,Ad hoc Analysis,Ad hoc,P3,72,2023-12-10 15:39:36,2023-12-11 09:34:18,Delivered,USR-002,False
REQ-00097,2023-12-08 11:32:47,OEM Regional Office,OEM Submission,Standing - Monthly,P1,4,2023-12-08 15:32:47,2023-12-08 12:13:15,Delivered,USR-002,False
REQ-00098,2023-12-08 17:48:20,USR-007,Data Correction,Ad hoc,P1,4,2023-12-08 21:48:20,2023-12-08 18:42:35,Delivered,USR-002,False
REQ-00099,2023-12-09 09:34:17,USR-104,Data Correction,Ad hoc,P2,24,2023-12-10 09:34:17,,Cancelled,USR-002,False
REQ-00100,2023-12-09 13:51:44,USR-043,Daily Sales Flash,Standing - Daily,P1,4,2023-12-09 17:51:44,2023-12-09 17:34:20,Delivered,USR-005,False
REQ-00101,2023-12-09 18:22:30,USR-076,Ad hoc Analysis,Ad hoc,P3,72,2023-12-12 18:22:30,2023-12-11 23:25:25,Delivered,USR-002,False
REQ-00102,2023-12-10 11:22:04,USR-104,Weekly Pipeline Review,Standing - Weekly,P2,24,2023-12-11 11:22:04,2023-12-10 20:58:03,Delivered,USR-002,False
REQ-00103,2023-12-11 18:06:18,USR-162,Daily Sales Flash,Standing - Daily,P1,4,2023-12-11 22:06:18,2023-12-11 20:23:30,Delivered,USR-002,True
REQ-00104,2023-12-12 17:30:07,USR-197,Weekly Pipeline Review,Standing - Weekly,P2,24,2023-12-13 17:30:07,2023-12-13 08:22:41,Delivered,USR-002,False
REQ-00105,2023-12-13 16:17:02,USR-043,Weekly Pipeline Review,Standing - Weekly,P2,24,2023-12-14 16:17:02,2023-12-14 09:15:39,Delivered,USR-002,False
REQ-00106,2023-12-14 15:12:17,USR-200,Data Correction,Ad hoc,P2,24,2023-12-15 15:12:17,2023-12-16 01:14:09,Delivered,USR-002,False
REQ-00107,2023-12-15 10:07:28,USR-076,Ad hoc Analysis,Ad hoc,P3,72,2023-12-18 10:07:28,2023-12-17 00:43:30,Delivered,USR-005,False
REQ-00108,2023-12-15 10:51:27,OEM Regional Office,OEM Submission,Standing - Monthly,P1,4,2023-12-15 14:51:27,2023-12-15 15:30:55,Delivered,USR-005,False
REQ-00109,2023-12-16 09:40:33,USR-006,Daily Sales Flash,Standing - Daily,P1,4,2023-12-16 13:40:33,2023-12-16 10:43:04,Delivered,USR-002,False
REQ-00110,2023-12-17 09:54:58,USR-162,Daily Sales Flash,Standing - Daily,P1,4,2023-12-17 13:54:58,2023-12-17 12:19:31,Delivered,USR-002,False
REQ-00111,2023-12-18 09:32:01,USR-131,Board / Owner Review Pack,Ad hoc,P1,4,2023-12-18 13:32:01,2023-12-18 13:30:26,Delivered,USR-002,False
REQ-00112,2023-12-18 16:00:31,USR-198,Lead Source ROI,Ad hoc,P3,72,2023-12-21 16:00:31,2023-12-20 20:33:38,Delivered,USR-005,False
REQ-00113,2023-12-18 18:00:10,USR-131,Board / Owner Review Pack,Ad hoc,P1,4,2023-12-18 22:00:10,2023-12-18 19:40:34,Delivered,USR-005,False
REQ-00114,2023-12-19 10:35:11,USR-007,Incentive Calculation,Standing - Monthly,P1,4,2023-12-19 14:35:11,2023-12-19 12:38:27,Delivered,USR-002,False
REQ-00115,2023-12-20 15:58:30,USR-001,Ad hoc Analysis,Ad hoc,P3,72,2023-12-23 15:58:30,2023-12-21 18:44:12,Delivered,USR-005,False
REQ-00116,2023-12-20 15:59:00,USR-199,Daily Sales Flash,Standing - Daily,P1,4,2023-12-20 19:59:00,2023-12-20 19:00:14,Delivered,USR-002,False
REQ-00117,2023-12-21 10:51:30,USR-075,Daily Sales Flash,Standing - Daily,P1,4,2023-12-21 14:51:30,2023-12-21 13:33:09,Delivered,USR-002,True
REQ-00118,2023-12-21 12:25:23,USR-105,Weekly Pipeline Review,Standing - Weekly,P2,24,2023-12-22 12:25:23,2023-12-22 04:16:55,Delivered,USR-002,False
REQ-00119,2023-12-21 14:21:05,USR-197,Weekly Pipeline Review,Standing - Weekly,P2,24,2023-12-22 14:21:05,2023-12-22 02:20:34,Delivered,USR-002,False
REQ-00120,2023-12-23 12:50:02,USR-075,Ad hoc Analysis,Ad hoc,P3,72,2023-12-26 12:50:02,2023-12-23 22:53:34,Delivered,USR-005,False
REQ-00121,2023-12-25 13:25:42,USR-198,Data Correction,Ad hoc,P2,24,2023-12-26 13:25:42,2023-12-26 02:24:46,Delivered,USR-002,False
REQ-00122,2023-12-26 11:31:52,USR-178,Daily Sales Flash,Standing - Daily,P1,4,2023-12-26 15:31:52,2023-12-26 14:38:28,Delivered,USR-002,False
REQ-00123,2023-12-27 10:05:39,USR-007,Data Correction,Ad hoc,P1,4,2023-12-27 14:05:39,2023-12-27 11:30:25,Delivered,USR-005,False
REQ-00124,2023-12-28 17:16:34,USR-197,Data Correction,Ad hoc,P2,24,2023-12-29 17:16:34,2023-12-29 04:00:03,Delivered,USR-005,False
REQ-00125,2023-12-29 10:09:00,USR-076,Data Correction,Ad hoc,P2,24,2023-12-30 10:09:00,2023-12-29 21:25:44,Delivered,USR-005,False
REQ-00126,2023-12-29 14:47:09,USR-042,Data Correction,Ad hoc,P1,4,2023-12-29 18:47:09,2023-12-29 17:03:58,Delivered,USR-005,False
REQ-00127,2023-12-29 16:00:03,USR-197,Weekly Pipeline Review,Standing - Weekly,P2,24,2023-12-30 16:00:03,2023-12-30 17:50:08,Delivered,USR-005,False
REQ-00128,2023-12-30 14:11:01,USR-043,Data Correction,Ad hoc,P2,24,2023-12-31 14:11:01,2023-12-31 02:05:52,Delivered,USR-002,False
REQ-00129,2023-12-31 16:45:54,USR-178,Data Correction,Ad hoc,P2,24,2024-01-01 16:45:54,2024-01-01 05:39:16,Delivered,USR-002,False
REQ-00130,2024-01-02 10:47:18,USR-076,Weekly Pipeline Review,Standing - Weekly,P2,24,2024-01-03 10:47:18,2024-01-02 16:48:43,Delivered,USR-002,True
REQ-00131,2024-01-02 10:56:50,USR-007,Data Correction,Ad hoc,P2,24,2024-01-03 10:56:50,2024-01-02 22:22:17,Delivered,USR-005,False
REQ-00132,2024-01-02 15:37:13,OEM Regional Office,OEM Submission,Standing - Monthly,P1,4,2024-01-02 19:37:13,2024-01-02 18:12:09,Delivered,USR-002,False
REQ-00133,2024-01-03 13:39:09,USR-196,Data Correction,Ad hoc,P2,24,2024-01-04 13:39:09,2024-01-04 11:59:43,Delivered,USR-002,False
REQ-00134,2024-01-03 17:39:48,USR-043,Daily Sales Flash,Standing - Daily,P1,4,2024-01-03 21:39:48,2024-01-03 20:44:49,Delivered,USR-002,False
REQ-00135,2024-01-04 11:44:05,USR-131,Daily Sales Flash,Standing - Daily,P1,4,2024-01-04 15:44:05,2024-01-04 15:03:00,Delivered,USR-001,False
REQ-00136,2024-01-04 15:49:58,USR-105,Target vs Achievement,Standing - Monthly,P2,24,2024-01-05 15:49:58,2024-01-05 04:09:32,Delivered,USR-005,False
REQ-00137,2024-01-06 17:40:40,USR-200,Lead Source ROI,Ad hoc,P3,72,2024-01-09 17:40:40,2024-01-07 12:48:10,Delivered,USR-005,False
REQ-00138,2024-01-07 11:45:23,OEM Regional Office,OEM Submission,Standing - Monthly,P1,4,2024-01-07 15:45:23,2024-01-07 14:29:02,Delivered,USR-001,False
REQ-00139,2024-01-07 12:12:36,USR-178,Weekly Pipeline Review,Standing - Weekly,P2,24,2024-01-08 12:12:36,2024-01-07 19:47:59,Delivered,USR-005,False
REQ-00140,2024-01-08 11:00:23,USR-196,Weekly Pipeline Review,Standing - Weekly,P2,24,2024-01-09 11:00:23,2024-01-09 03:39:33,Delivered,USR-005,True
REQ-00141,2024-01-08 17:22:53,USR-162,Data Correction,Ad hoc,P2,24,2024-01-09 17:22:53,2024-01-09 06:10:41,Delivered,USR-005,False
REQ-00142,2024-01-09 13:29:17,USR-076,Data Correction,Ad hoc,P2,24,2024-01-10 13:29:17,2024-01-10 02:25:05,Delivered,USR-005,False
REQ-00143,2024-01-09 15:33:33,USR-196,Ad hoc Analysis,Ad hoc,P1,4,2024-01-09 19:33:33,2024-01-09 17:20:14,Delivered,USR-005,False
REQ-00144,2024-01-10 12:55:42,USR-001,Daily Sales Flash,Standing - Daily,P1,4,2024-01-10 16:55:42,2024-01-10 13:59:32,Delivered,USR-005,False
REQ-00145,2024-01-12 11:30:58,USR-104,Target vs Achievement,Standing - Monthly,P2,24,2024-01-13 11:30:58,2024-01-13 04:51:40,Delivered,USR-001,False
REQ-00146,2024-01-12 16:34:56,OEM Regional Office,OEM Submission,Standing - Monthly,P1,4,2024-01-12 20:34:56,2024-01-12 18:19:53,Delivered,USR-005,False
REQ-00147,2024-01-12 16:55:04,USR-104,Incentive Calculation,Standing - Monthly,P1,4,2024-01-12 20:55:04,2024-01-12 18:45:22,Delivered,USR-005,False
REQ-00148,2024-01-13 14:10:13,USR-161,Target vs Achievement,Standing - Monthly,P2,24,2024-01-14 14:10:13,2024-01-15 02:47:42,Delivered,USR-001,False
REQ-00149,2024-01-13 14:25:01,USR-196,Ad hoc Analysis,Ad hoc,P1,4,2024-01-13 18:25:01,2024-01-13 16:54:10,Delivered,USR-005,False
REQ-00150,2024-01-15 11:06:23,USR-178,Lead Source ROI,Ad hoc,P3,72,2024-01-18 11:06:23,2024-01-16 02:22:55,Delivered,USR-005,False
REQ-00151,2024-01-16 11:58:58,USR-076,Data Correction,Ad hoc,P2,24,2024-01-17 11:58:58,2024-01-16 18:52:23,Delivered,USR-005,False
REQ-00152,2024-01-16 15:29:13,USR-043,Data Correction,Ad hoc,P2,24,2024-01-17 15:29:13,2024-01-17 02:28:29,Delivered,USR-005,False
REQ-00153,2024-01-17 09:50:28,USR-041,Ad hoc Analysis,Ad hoc,P3,72,2024-01-20 09:50:28,2024-01-19 00:10:29,Delivered,USR-001,False
REQ-00154,2024-01-17 12:59:50,USR-105,Data Correction,Ad hoc,P2,24,2024-01-18 12:59:50,2024-01-18 12:39:23,Delivered,USR-005,True
REQ-00155,2024-01-19 13:09:55,USR-178,Weekly Pipeline Review,Standing - Weekly,P2,24,2024-01-20 13:09:55,,Cancelled,USR-005,False
REQ-00156,2024-01-19 16:47:37,USR-001,Daily Sales Flash,Standing - Daily,P1,4,2024-01-19 20:47:37,2024-01-19 18:55:35,Delivered,USR-005,False
REQ-00157,2024-01-20 11:46:06,USR-006,Lead Source ROI,Ad hoc,P3,72,2024-01-23 11:46:06,2024-01-21 10:29:56,Delivered,USR-001,False
REQ-00158,2024-01-20 14:00:56,USR-075,Incentive Calculation,Standing - Monthly,P1,4,2024-01-20 18:00:56,2024-01-20 14:47:06,Delivered,USR-005,False
REQ-00159,2024-01-20 18:16:57,USR-076,Daily Sales Flash,Standing - Daily,P1,4,2024-01-20 22:16:57,2024-01-20 20:25:47,Delivered,USR-005,False
REQ-00160,2024-01-21 09:45:01,USR-199,Ad hoc Analysis,Ad hoc,P3,72,2024-01-24 09:45:01,2024-01-22 18:57:16,Delivered,USR-001,False
REQ-00161,2024-01-22 16:39:16,USR-076,Incentive Calculation,Standing - Monthly,P1,4,2024-01-22 20:39:16,2024-01-22 19:34:28,Delivered,USR-001,False
REQ-00162,2024-01-23 10:50:38,USR-104,Target vs Achievement,Standing - Monthly,P2,24,2024-01-24 10:50:38,2024-01-23 19:59:06,Delivered,USR-005,False
REQ-00163,2024-01-24 13:50:36,USR-041,Target vs Achievement,Standing - Monthly,P2,24,2024-01-25 13:50:36,2024-01-25 08:42:08,Delivered,USR-005,False
REQ-00164,2024-01-24 17:40:52,USR-043,Daily Sales Flash,Standing - Daily,P1,4,2024-01-24 21:40:52,2024-01-24 19:08:01,Delivered,USR-005,False
REQ-00165,2024-01-28 13:52:57,USR-178,Lead Source ROI,Ad hoc,P3,72,2024-01-31 13:52:57,2024-01-30 20:37:40,Delivered,USR-005,False
REQ-00166,2024-01-29 12:13:13,USR-075,Ad hoc Analysis,Ad hoc,P3,72,2024-02-01 12:13:13,2024-01-31 15:08:26,Delivered,USR-001,False
REQ-00167,2024-01-29 17:37:04,USR-196,Daily Sales Flash,Standing - Daily,P1,4,2024-01-29 21:37:04,2024-01-29 18:56:47,Delivered,USR-001,False
REQ-00168,2024-01-31 15:16:47,USR-198,Ad hoc Analysis,Ad hoc,P3,72,2024-02-03 15:16:47,2024-02-02 12:59:30,Delivered,USR-005,False
REQ-00169,2024-01-31 15:44:04,USR-161,Ad hoc Analysis,Ad hoc,P3,72,2024-02-03 15:44:04,2024-02-02 13:45:41,Delivered,USR-001,False
REQ-00170,2024-02-01 13:57:59,USR-076,Weekly Pipeline Review,Standing - Weekly,P2,24,2024-02-02 13:57:59,2024-02-02 18:57:45,Delivered,USR-001,False
REQ-00171,2024-02-02 12:54:34,USR-162,Data Correction,Ad hoc,P2,24,2024-02-03 12:54:34,2024-02-03 00:27:42,Delivered,USR-001,False
REQ-00172,2024-02-02 14:00:41,USR-007,Ad hoc Analysis,Ad hoc,P3,72,2024-02-05 14:00:41,2024-02-03 14:46:07,Delivered,USR-005,True
REQ-00173,2024-02-02 17:48:33,OEM Regional Office,OEM Submission,Standing - Monthly,P1,4,2024-02-02 21:48:33,2024-02-02 19:29:55,Delivered,USR-001,False
REQ-00174,2024-02-03 14:12:34,USR-196,Target vs Achievement,Standing - Monthly,P2,24,2024-02-04 14:12:34,2024-02-04 03:03:44,Delivered,USR-001,False
REQ-00175,2024-02-05 11:05:54,USR-131,Target vs Achievement,Standing - Monthly,P2,24,2024-02-06 11:05:54,2024-02-05 22:15:51,Delivered,USR-005,False
REQ-00176,2024-02-05 14:32:27,USR-001,Weekly Pipeline Review,Standing - Weekly,P2,24,2024-02-06 14:32:27,2024-02-05 23:39:55,Delivered,USR-005,False
REQ-00177,2024-02-06 13:21:40,USR-200,Weekly Pipeline Review,Standing - Weekly,P2,24,2024-02-07 13:21:40,2024-02-07 01:59:07,Delivered,USR-001,False
REQ-00178,2024-02-07 16:08:23,USR-006,Data Correction,Ad hoc,P2,24,2024-02-08 16:08:23,2024-02-08 00:56:08,Delivered,USR-005,False
REQ-00179,2024-02-08 10:14:09,USR-132,Ad hoc Analysis,Ad hoc,P3,72,2024-02-11 10:14:09,2024-02-11 08:45:19,Delivered,USR-005,False
REQ-00180,2024-02-09 10:36:05,USR-076,Data Correction,Ad hoc,P2,24,2024-02-10 10:36:05,2024-02-09 23:37:40,Delivered,USR-005,True
REQ-00181,2024-02-09 14:51:41,OEM Regional Office,OEM Submission,Standing - Monthly,P1,4,2024-02-09 18:51:41,2024-02-09 17:40:19,Delivered,USR-001,False
REQ-00182,2024-02-09 16:59:06,USR-075,Data Correction,Ad hoc,P1,4,2024-02-09 20:59:06,2024-02-09 23:45:07,Delivered,USR-005,False
REQ-00183,2024-02-10 10:31:12,USR-041,Lead Source ROI,Ad hoc,P3,72,2024-02-13 10:31:12,2024-02-14 08:25:47,Delivered,USR-005,False
REQ-00184,2024-02-10 17:08:42,USR-104,Data Correction,Ad hoc,P1,4,2024-02-10 21:08:42,2024-02-10 19:42:29,Delivered,USR-001,False
REQ-00185,2024-02-10 17:20:33,USR-162,Weekly Pipeline Review,Standing - Weekly,P2,24,2024-02-11 17:20:33,2024-02-10 20:45:06,Delivered,USR-005,False
REQ-00186,2024-02-11 10:18:40,USR-041,Data Correction,Ad hoc,P1,4,2024-02-11 14:18:40,,Cancelled,USR-005,False
REQ-00187,2024-02-11 18:06:36,USR-041,Daily Sales Flash,Standing - Daily,P1,4,2024-02-11 22:06:36,2024-02-11 18:49:45,Delivered,USR-005,False
REQ-00188,2024-02-12 10:49:13,USR-043,Weekly Pipeline Review,Standing - Weekly,P2,24,2024-02-13 10:49:13,2024-02-12 22:47:40,Delivered,USR-001,False
REQ-00189,2024-02-12 13:35:06,USR-076,Incentive Calculation,Standing - Monthly,P1,4,2024-02-12 17:35:06,2024-02-12 15:10:13,Delivered,USR-005,False
REQ-00190,2024-02-12 14:20:51,USR-105,Target vs Achievement,Standing - Monthly,P2,24,2024-02-13 14:20:51,2024-02-12 22:02:05,Delivered,USR-001,False
REQ-00191,2024-02-12 17:13:32,USR-007,Ad hoc Analysis,Ad hoc,P3,72,2024-02-15 17:13:32,2024-02-14 15:29:34,Delivered,USR-005,False
REQ-00192,2024-02-12 17:19:12,USR-105,Target vs Achievement,Standing - Monthly,P2,24,2024-02-13 17:19:12,2024-02-13 13:04:42,Delivered,USR-005,False
REQ-00193,2024-02-13 15:23:30,USR-104,Ad hoc Analysis,Ad hoc,P3,72,2024-02-16 15:23:30,2024-02-15 17:06:00,Delivered,USR-001,False
REQ-00194,2024-02-14 16:05:35,USR-196,Incentive Calculation,Standing - Monthly,P1,4,2024-02-14 20:05:35,2024-02-14 18:26:42,Delivered,USR-001,False
REQ-00195,2024-02-16 11:02:25,USR-162,Data Correction,Ad hoc,P2,24,2024-02-17 11:02:25,2024-02-17 23:35:27,Delivered,USR-005,False
REQ-00196,2024-02-17 13:59:51,USR-132,Lead Source ROI,Ad hoc,P3,72,2024-02-20 13:59:51,2024-02-19 09:39:20,Delivered,USR-005,False
REQ-00197,2024-02-18 09:47:11,USR-196,Daily Sales Flash,Standing - Daily,P1,4,2024-02-18 13:47:11,2024-02-18 15:39:06,Delivered,USR-003,False
REQ-00198,2024-02-18 10:09:47,OEM Regional Office,OEM Submission,Standing - Monthly,P1,4,2024-02-18 14:09:47,2024-02-18 15:51:55,Delivered,USR-005,True
REQ-00199,2024-02-18 10:49:48,USR-196,Lead Source ROI,Ad hoc,P3,72,2024-02-21 10:49:48,2024-02-19 10:52:40,Delivered,USR-005,False
REQ-00200,2024-02-18 15:37:48,USR-197,Board / Owner Review Pack,Ad hoc,P1,4,2024-02-18 19:37:48,2024-02-18 18:57:41,Delivered,USR-003,False
REQ-00201,2024-02-20 16:16:24,USR-162,Weekly Pipeline Review,Standing - Weekly,P2,24,2024-02-21 16:16:24,2024-02-22 11:46:39,Delivered,USR-005,False
REQ-00202,2024-02-20 17:48:51,USR-076,Ad hoc Analysis,Ad hoc,P3,72,2024-02-23 17:48:51,2024-02-27 15:09:02,Delivered,USR-005,False
REQ-00203,2024-02-21 17:19:42,USR-105,Ad hoc Analysis,Ad hoc,P3,72,2024-02-24 17:19:42,2024-02-22 11:44:30,Delivered,USR-005,False
REQ-00204,2024-02-22 14:03:29,USR-131,Ad hoc Analysis,Ad hoc,P3,72,2024-02-25 14:03:29,2024-02-23 15:43:03,Delivered,USR-003,False
REQ-00205,2024-02-22 15:09:04,USR-131,Lead Source ROI,Ad hoc,P3,72,2024-02-25 15:09:04,2024-02-24 04:16:19,Delivered,USR-003,False
REQ-00206,2024-02-23 14:36:07,USR-105,Weekly Pipeline Review,Standing - Weekly,P2,24,2024-02-24 14:36:07,2024-02-24 03:51:49,Delivered,USR-003,False
REQ-00207,2024-02-24 13:56:55,USR-197,Ad hoc Analysis,Ad hoc,P3,72,2024-02-27 13:56:55,2024-02-25 20:51:57,Delivered,USR-005,False
REQ-00208,2024-02-24 15:14:34,USR-197,Incentive Calculation,Standing - Monthly,P1,4,2024-02-24 19:14:34,2024-02-24 18:43:25,Delivered,USR-005,True
REQ-00209,2024-02-25 09:34:38,USR-042,Daily Sales Flash,Standing - Daily,P1,4,2024-02-25 13:34:38,2024-02-25 12:05:18,Delivered,USR-005,False
REQ-00210,2024-02-25 11:09:58,USR-198,Target vs Achievement,Standing - Monthly,P2,24,2024-02-26 11:09:58,2024-02-26 17:33:15,Delivered,USR-005,False
REQ-00211,2024-02-25 13:49:05,USR-196,Ad hoc Analysis,Ad hoc,P3,72,2024-02-28 13:49:05,2024-02-27 13:34:31,Delivered,USR-003,False
REQ-00212,2024-02-25 15:25:01,USR-043,Data Correction,Ad hoc,P2,24,2024-02-26 15:25:01,2024-02-26 03:39:42,Delivered,USR-003,True
REQ-00213,2024-02-28 14:49:47,USR-198,Weekly Pipeline Review,Standing - Weekly,P2,24,2024-02-29 14:49:47,2024-02-29 07:45:42,Delivered,USR-005,False
REQ-00214,2024-03-02 13:59:03,OEM Regional Office,OEM Submission,Standing - Monthly,P1,4,2024-03-02 17:59:03,2024-03-02 16:43:21,Delivered,USR-003,False
REQ-00215,2024-03-02 15:30:43,USR-007,Data Correction,Ad hoc,P1,4,2024-03-02 19:30:43,2024-03-02 18:15:02,Delivered,USR-003,False
REQ-00216,2024-03-03 14:41:07,USR-197,Daily Sales Flash,Standing - Daily,P1,4,2024-03-03 18:41:07,2024-03-03 16:15:04,Delivered,USR-003,False
REQ-00217,2024-03-03 18:10:11,USR-007,Target vs Achievement,Standing - Monthly,P2,24,2024-03-04 18:10:11,2024-03-04 04:47:54,Delivered,USR-003,False
REQ-00218,2024-03-07 15:50:55,OEM Regional Office,OEM Submission,Standing - Monthly,P1,4,2024-03-07 19:50:55,2024-03-07 18:23:07,Delivered,USR-005,False
REQ-00219,2024-03-08 15:04:55,USR-076,Daily Sales Flash,Standing - Daily,P1,4,2024-03-08 19:04:55,2024-03-08 16:13:54,Delivered,USR-003,False
REQ-00220,2024-03-08 15:15:23,USR-196,Board / Owner Review Pack,Ad hoc,P1,4,2024-03-08 19:15:23,2024-03-08 20:26:38,Delivered,USR-005,False
REQ-00221,2024-03-08 15:56:30,USR-104,Target vs Achievement,Standing - Monthly,P2,24,2024-03-09 15:56:30,2024-03-09 10:54:56,Delivered,USR-005,False
REQ-00222,2024-03-09 10:40:39,USR-104,Weekly Pipeline Review,Standing - Weekly,P2,24,2024-03-10 10:40:39,2024-03-10 18:12:37,Delivered,USR-003,False
REQ-00223,2024-03-09 11:52:09,USR-043,Ad hoc Analysis,Ad hoc,P3,72,2024-03-12 11:52:09,2024-03-10 12:11:45,Delivered,USR-005,False
REQ-00224,2024-03-10 10:00:47,USR-131,Ad hoc Analysis,Ad hoc,P3,72,2024-03-13 10:00:47,2024-03-11 21:53:28,Delivered,USR-003,False
REQ-00225,2024-03-11 15:14:07,USR-199,Lead Source ROI,Ad hoc,P3,72,2024-03-14 15:14:07,2024-03-12 13:37:05,Delivered,USR-003,False
REQ-00226,2024-03-12 15:08:20,USR-075,Daily Sales Flash,Standing - Daily,P1,4,2024-03-12 19:08:20,2024-03-12 18:08:26,Delivered,USR-005,False
REQ-00227,2024-03-12 18:16:13,USR-001,Ad hoc Analysis,Ad hoc,P3,72,2024-03-15 18:16:13,2024-03-14 03:51:50,Delivered,USR-003,False
REQ-00228,2024-03-13 15:15:40,USR-105,Target vs Achievement,Standing - Monthly,P2,24,2024-03-14 15:15:40,2024-03-14 02:21:43,Delivered,USR-005,False
REQ-00229,2024-03-13 18:19:45,OEM Regional Office,OEM Submission,Standing - Monthly,P1,4,2024-03-13 22:19:45,2024-03-13 18:47:57,Delivered,USR-005,False
REQ-00230,2024-03-14 10:50:44,USR-200,Ad hoc Analysis,Ad hoc,P3,72,2024-03-17 10:50:44,2024-03-17 22:23:09,Delivered,USR-005,False
REQ-00231,2024-03-15 16:12:23,USR-001,Ad hoc Analysis,Ad hoc,P3,72,2024-03-18 16:12:23,2024-03-18 01:03:24,Delivered,USR-005,False
REQ-00232,2024-03-16 10:26:26,USR-041,Ad hoc Analysis,Ad hoc,P3,72,2024-03-19 10:26:26,2024-03-17 04:44:59,Delivered,USR-003,False
REQ-00233,2024-03-16 16:26:47,USR-198,Daily Sales Flash,Standing - Daily,P1,4,2024-03-16 20:26:47,2024-03-16 19:32:38,Delivered,USR-005,False
REQ-00234,2024-03-17 10:29:09,OEM Regional Office,OEM Submission,Standing - Monthly,P1,4,2024-03-17 14:29:09,2024-03-17 15:37:50,Delivered,USR-003,False
REQ-00235,2024-03-17 13:14:52,USR-006,Data Correction,Ad hoc,P2,24,2024-03-18 13:14:52,2024-03-17 18:15:56,Delivered,USR-005,False
REQ-00236,2024-03-18 13:02:40,OEM Regional Office,OEM Submission,Standing - Monthly,P1,4,2024-03-18 17:02:40,2024-03-18 17:53:01,Delivered,USR-003,False
REQ-00237,2024-03-18 16:56:12,USR-042,Ad hoc Analysis,Ad hoc,P3,72,2024-03-21 16:56:12,2024-03-20 02:17:13,Delivered,USR-003,False
REQ-00238,2024-03-19 15:36:51,USR-041,Target vs Achievement,Standing - Monthly,P2,24,2024-03-20 15:36:51,2024-03-19 20:13:08,Delivered,USR-005,False
REQ-00239,2024-03-19 16:32:14,OEM Regional Office,OEM Submission,Standing - Monthly,P1,4,2024-03-19 20:32:14,2024-03-19 18:15:42,Delivered,USR-005,False
REQ-00240,2024-03-20 17:07:00,OEM Regional Office,OEM Submission,Standing - Monthly,P1,4,2024-03-20 21:07:00,2024-03-20 18:14:40,Delivered,USR-003,False
REQ-00241,2024-03-21 09:57:50,USR-105,Data Correction,Ad hoc,P2,24,2024-03-22 09:57:50,2024-03-21 17:39:03,Delivered,USR-003,False
REQ-00242,2024-03-21 10:56:08,USR-198,Daily Sales Flash,Standing - Daily,P1,4,2024-03-21 14:56:08,2024-03-21 12:17:20,Delivered,USR-003,True
REQ-00243,2024-03-22 12:27:36,USR-199,Incentive Calculation,Standing - Monthly,P1,4,2024-03-22 16:27:36,2024-03-22 15:07:09,Delivered,USR-003,False
REQ-00244,2024-03-24 11:39:53,USR-200,Daily Sales Flash,Standing - Daily,P1,4,2024-03-24 15:39:53,2024-03-24 13:46:03,Delivered,USR-005,False
REQ-00245,2024-03-25 14:46:12,USR-105,Target vs Achievement,Standing - Monthly,P2,24,2024-03-26 14:46:12,2024-03-28 01:39:49,Delivered,USR-005,False
REQ-00246,2024-03-26 14:22:51,USR-131,Lead Source ROI,Ad hoc,P3,72,2024-03-29 14:22:51,2024-03-27 20:03:58,Delivered,USR-003,False
REQ-00247,2024-03-27 12:30:55,USR-131,Ad hoc Analysis,Ad hoc,P3,72,2024-03-30 12:30:55,2024-03-29 06:22:25,Delivered,USR-005,False
REQ-00248,2024-03-28 12:03:07,USR-198,Lead Source ROI,Ad hoc,P3,72,2024-03-31 12:03:07,2024-03-29 14:21:53,Delivered,USR-003,False
REQ-00249,2024-03-29 09:56:18,USR-001,Daily Sales Flash,Standing - Daily,P1,4,2024-03-29 13:56:18,2024-03-29 13:58:37,Delivered,USR-005,False
REQ-00250,2024-03-29 11:15:29,USR-197,Daily Sales Flash,Standing - Daily,P1,4,2024-03-29 15:15:29,2024-03-29 13:40:21,Delivered,USR-003,False
REQ-00251,2024-03-29 12:29:46,USR-043,Lead Source ROI,Ad hoc,P3,72,2024-04-01 12:29:46,2024-04-01 21:45:17,Delivered,USR-005,False
REQ-00252,2024-03-29 17:56:04,USR-041,Incentive Calculation,Standing - Monthly,P1,4,2024-03-29 21:56:04,2024-03-29 22:44:13,Delivered,USR-003,True
REQ-00253,2024-03-30 10:30:42,USR-196,Daily Sales Flash,Standing - Daily,P1,4,2024-03-30 14:30:42,2024-03-30 13:44:36,Delivered,USR-005,False
REQ-00254,2024-03-30 11:12:29,USR-196,Weekly Pipeline Review,Standing - Weekly,P2,24,2024-03-31 11:12:29,2024-03-31 01:39:27,Delivered,USR-005,False
REQ-00255,2024-03-30 17:12:21,USR-200,Incentive Calculation,Standing - Monthly,P1,4,2024-03-30 21:12:21,2024-03-30 22:33:02,Delivered,USR-003,False
REQ-00256,2024-04-01 11:00:22,USR-006,Incentive Calculation,Standing - Monthly,P1,4,2024-04-01 15:00:22,2024-04-01 12:22:48,Delivered,USR-005,False
REQ-00257,2024-04-01 12:28:42,USR-131,Weekly Pipeline Review,Standing - Weekly,P2,24,2024-04-02 12:28:42,2024-04-02 00:04:55,Delivered,USR-005,False
REQ-00258,2024-04-01 15:28:03,USR-178,Incentive Calculation,Standing - Monthly,P1,4,2024-04-01 19:28:03,2024-04-01 20:34:06,Delivered,USR-003,True
REQ-00259,2024-04-02 11:53:33,USR-042,Board / Owner Review Pack,Ad hoc,P1,4,2024-04-02 15:53:33,2024-04-02 13:20:27,Delivered,USR-005,False
REQ-00260,2024-04-03 16:29:16,USR-132,Ad hoc Analysis,Ad hoc,P3,72,2024-04-06 16:29:16,2024-04-06 03:13:44,Delivered,USR-003,False
REQ-00261,2024-04-04 17:15:40,USR-105,Weekly Pipeline Review,Standing - Weekly,P2,24,2024-04-05 17:15:40,2024-04-05 18:53:13,Delivered,USR-005,False
REQ-00262,2024-04-05 10:26:43,USR-200,Weekly Pipeline Review,Standing - Weekly,P2,24,2024-04-06 10:26:43,2024-04-08 10:53:44,Delivered,USR-005,False
REQ-00263,2024-04-05 12:40:11,USR-001,Lead Source ROI,Ad hoc,P1,4,2024-04-05 16:40:11,2024-04-05 16:36:53,Delivered,USR-003,False
REQ-00264,2024-04-05 16:24:13,USR-131,Weekly Pipeline Review,Standing - Weekly,P2,24,2024-04-06 16:24:13,2024-04-05 23:38:55,Delivered,USR-003,False
REQ-00265,2024-04-06 15:22:17,USR-178,Daily Sales Flash,Standing - Daily,P1,4,2024-04-06 19:22:17,2024-04-06 16:31:19,Delivered,USR-003,False
REQ-00266,2024-04-06 15:23:13,USR-132,Data Correction,Ad hoc,P2,24,2024-04-07 15:23:13,2024-04-07 13:01:25,Delivered,USR-005,False
REQ-00267,2024-04-06 17:50:49,USR-076,Weekly Pipeline Review,Standing - Weekly,P2,24,2024-04-07 17:50:49,2024-04-07 00:29:39,Delivered,USR-003,False
REQ-00268,2024-04-07 12:41:22,USR-178,Ad hoc Analysis,Ad hoc,P3,72,2024-04-10 12:41:22,2024-04-08 06:33:06,Delivered,USR-005,False
REQ-00269,2024-04-07 17:28:38,USR-199,Ad hoc Analysis,Ad hoc,P3,72,2024-04-10 17:28:38,2024-04-09 00:28:58,Delivered,USR-005,False
REQ-00270,2024-04-08 10:51:20,USR-199,Target vs Achievement,Standing - Monthly,P2,24,2024-04-09 10:51:20,2024-04-09 21:04:05,Delivered,USR-005,False
REQ-00271,2024-04-08 14:41:10,USR-075,Weekly Pipeline Review,Standing - Weekly,P2,24,2024-04-09 14:41:10,2024-04-09 11:09:42,Delivered,USR-003,False
REQ-00272,2024-04-09 13:00:33,USR-043,Daily Sales Flash,Standing - Daily,P1,4,2024-04-09 17:00:33,2024-04-09 17:00:04,Delivered,USR-005,True
REQ-00273,2024-04-09 16:11:18,USR-132,Daily Sales Flash,Standing - Daily,P1,4,2024-04-09 20:11:18,2024-04-09 18:45:51,Delivered,USR-005,False
REQ-00274,2024-04-09 16:14:13,USR-075,Data Correction,Ad hoc,P2,24,2024-04-10 16:14:13,2024-04-10 16:50:10,Delivered,USR-003,False
REQ-00275,2024-04-11 13:21:35,USR-006,Lead Source ROI,Ad hoc,P3,72,2024-04-14 13:21:35,2024-04-13 18:03:09,Delivered,USR-003,False
REQ-00276,2024-04-11 15:31:29,USR-076,Ad hoc Analysis,Ad hoc,P3,72,2024-04-14 15:31:29,2024-04-13 04:44:28,Delivered,USR-003,False
REQ-00277,2024-04-12 11:39:43,USR-131,Daily Sales Flash,Standing - Daily,P1,4,2024-04-12 15:39:43,2024-04-12 13:45:36,Delivered,USR-005,False
REQ-00278,2024-04-12 12:12:51,USR-131,Lead Source ROI,Ad hoc,P3,72,2024-04-15 12:12:51,2024-04-17 06:12:51,Delivered,USR-003,False
REQ-00279,2024-04-12 12:22:30,USR-007,Board / Owner Review Pack,Ad hoc,P1,4,2024-04-12 16:22:30,2024-04-12 14:39:08,Delivered,USR-003,False
REQ-00280,2024-04-12 14:19:31,USR-006,Daily Sales Flash,Standing - Daily,P1,4,2024-04-12 18:19:31,2024-04-12 15:33:22,Delivered,USR-005,False
REQ-00281,2024-04-12 16:11:55,USR-132,Data Correction,Ad hoc,P2,24,2024-04-13 16:11:55,2024-04-13 06:22:59,Delivered,USR-003,False
REQ-00282,2024-04-13 10:53:06,USR-198,Target vs Achievement,Standing - Monthly,P2,24,2024-04-14 10:53:06,2024-04-14 08:53:59,Delivered,USR-003,False
REQ-00283,2024-04-14 13:16:16,USR-132,Target vs Achievement,Standing - Monthly,P2,24,2024-04-15 13:16:16,2024-04-14 21:05:25,Delivered,USR-005,False
REQ-00284,2024-04-14 14:08:58,USR-007,Data Correction,Ad hoc,P2,24,2024-04-15 14:08:58,2024-04-14 23:45:01,Delivered,USR-005,True
REQ-00285,2024-04-15 15:41:56,USR-131,Daily Sales Flash,Standing - Daily,P1,4,2024-04-15 19:41:56,2024-04-15 18:10:26,Delivered,USR-003,False
REQ-00286,2024-04-16 10:54:03,USR-199,Daily Sales Flash,Standing - Daily,P1,4,2024-04-16 14:54:03,2024-04-16 14:29:02,Delivered,USR-005,True
REQ-00287,2024-04-17 11:58:25,OEM Regional Office,OEM Submission,Standing - Monthly,P1,4,2024-04-17 15:58:25,2024-04-17 13:02:48,Delivered,USR-005,False
REQ-00288,2024-04-17 12:25:37,USR-200,Lead Source ROI,Ad hoc,P3,72,2024-04-20 12:25:37,2024-04-17 21:32:16,Delivered,USR-003,False
REQ-00289,2024-04-17 13:29:55,USR-197,Incentive Calculation,Standing - Monthly,P1,4,2024-04-17 17:29:55,2024-04-17 16:16:42,Delivered,USR-003,False
REQ-00290,2024-04-17 16:19:39,USR-196,Data Correction,Ad hoc,P2,24,2024-04-18 16:19:39,2024-04-18 08:43:58,Delivered,USR-005,False
REQ-00291,2024-04-18 18:21:11,USR-200,Ad hoc Analysis,Ad hoc,P1,4,2024-04-18 22:21:11,2024-04-18 20:28:03,Delivered,USR-003,False
REQ-00292,2024-04-19 09:31:54,USR-105,Weekly Pipeline Review,Standing - Weekly,P2,24,2024-04-20 09:31:54,2024-04-20 16:30:44,Delivered,USR-003,False
REQ-00293,2024-04-19 13:13:46,USR-043,Ad hoc Analysis,Ad hoc,P3,72,2024-04-22 13:13:46,2024-04-21 12:25:33,Delivered,USR-005,False
REQ-00294,2024-04-19 15:28:01,USR-162,Target vs Achievement,Standing - Monthly,P2,24,2024-04-20 15:28:01,2024-04-20 09:09:04,Delivered,USR-005,False
REQ-00295,2024-04-19 16:53:52,USR-076,Daily Sales Flash,Standing - Daily,P1,4,2024-04-19 20:53:52,2024-04-19 19:04:16,Delivered,USR-005,False
REQ-00296,2024-04-19 17:14:15,OEM Regional Office,OEM Submission,Standing - Monthly,P1,4,2024-04-19 21:14:15,,Cancelled,USR-005,False
REQ-00297,2024-04-20 18:12:13,USR-075,Target vs Achievement,Standing - Monthly,P2,24,2024-04-21 18:12:13,2024-04-21 08:50:13,Delivered,USR-003,False
REQ-00298,2024-04-21 15:33:18,USR-001,Daily Sales Flash,Standing - Daily,P1,4,2024-04-21 19:33:18,2024-04-21 16:46:14,Delivered,USR-003,True
REQ-00299,2024-04-21 17:30:50,USR-198,Incentive Calculation,Standing - Monthly,P1,4,2024-04-21 21:30:50,2024-04-21 19:19:02,Delivered,USR-003,False
REQ-00300,2024-04-22 12:02:07,USR-196,Data Correction,Ad hoc,P1,4,2024-04-22 16:02:07,2024-04-22 17:24:19,Delivered,USR-005,False
REQ-00301,2024-04-22 13:44:05,USR-075,Data Correction,Ad hoc,P2,24,2024-04-23 13:44:05,2024-04-23 10:57:14,Delivered,USR-005,False
REQ-00302,2024-04-22 17:06:14,USR-199,Board / Owner Review Pack,Ad hoc,P1,4,2024-04-22 21:06:14,2024-04-22 17:42:36,Delivered,USR-003,False
REQ-00303,2024-04-23 12:12:21,USR-075,Daily Sales Flash,Standing - Daily,P1,4,2024-04-23 16:12:21,,Cancelled,USR-005,False
REQ-00304,2024-04-24 15:36:34,USR-043,Incentive Calculation,Standing - Monthly,P1,4,2024-04-24 19:36:34,2024-04-24 19:54:05,Delivered,USR-005,False
REQ-00305,2024-04-25 17:31:00,USR-196,Ad hoc Analysis,Ad hoc,P3,72,2024-04-28 17:31:00,2024-04-26 18:03:09,Delivered,USR-003,False
REQ-00306,2024-04-26 11:33:59,USR-041,Incentive Calculation,Standing - Monthly,P1,4,2024-04-26 15:33:59,2024-04-26 13:40:41,Delivered,USR-005,False
REQ-00307,2024-04-26 16:10:08,USR-075,Ad hoc Analysis,Ad hoc,P3,72,2024-04-29 16:10:08,2024-04-27 19:06:19,Delivered,USR-005,False
REQ-00308,2024-04-27 13:19:49,USR-006,Ad hoc Analysis,Ad hoc,P3,72,2024-04-30 13:19:49,2024-04-30 00:35:04,Delivered,USR-003,False
REQ-00309,2024-04-28 13:30:51,USR-199,Ad hoc Analysis,Ad hoc,P3,72,2024-05-01 13:30:51,2024-04-29 23:24:44,Delivered,USR-003,False
REQ-00310,2024-04-28 13:51:18,USR-199,Ad hoc Analysis,Ad hoc,P3,72,2024-05-01 13:51:18,2024-05-01 07:20:09,Delivered,USR-005,False
REQ-00311,2024-04-28 15:46:56,USR-076,Weekly Pipeline Review,Standing - Weekly,P2,24,2024-04-29 15:46:56,2024-04-29 12:56:17,Delivered,USR-003,False
REQ-00312,2024-04-29 12:14:12,USR-006,Ad hoc Analysis,Ad hoc,P3,72,2024-05-02 12:14:12,2024-04-30 14:47:00,Delivered,USR-003,False
REQ-00313,2024-04-30 12:06:56,USR-075,Ad hoc Analysis,Ad hoc,P3,72,2024-05-03 12:06:56,2024-05-03 04:29:53,Delivered,USR-003,True
REQ-00314,2024-05-01 10:48:00,USR-161,Incentive Calculation,Standing - Monthly,P1,4,2024-05-01 14:48:00,2024-05-01 14:18:03,Delivered,USR-005,False
REQ-00315,2024-05-02 16:49:31,USR-076,Incentive Calculation,Standing - Monthly,P1,4,2024-05-02 20:49:31,2024-05-03 00:21:37,Delivered,USR-003,False
REQ-00316,2024-05-03 11:51:10,USR-006,Weekly Pipeline Review,Standing - Weekly,P2,24,2024-05-04 11:51:10,2024-05-04 23:48:18,Delivered,USR-003,False
REQ-00317,2024-05-03 18:06:13,USR-007,Weekly Pipeline Review,Standing - Weekly,P2,24,2024-05-04 18:06:13,2024-05-04 01:19:38,Delivered,USR-003,True
REQ-00318,2024-05-04 10:52:57,OEM Regional Office,OEM Submission,Standing - Monthly,P1,4,2024-05-04 14:52:57,2024-05-04 14:02:43,Delivered,USR-005,False
REQ-00319,2024-05-05 14:39:09,OEM Regional Office,OEM Submission,Standing - Monthly,P1,4,2024-05-05 18:39:09,2024-05-05 16:38:00,Delivered,USR-003,False
REQ-00320,2024-05-06 12:52:18,USR-200,Data Correction,Ad hoc,P2,24,2024-05-07 12:52:18,2024-05-07 14:31:16,Delivered,USR-003,False
REQ-00321,2024-05-07 09:33:33,OEM Regional Office,OEM Submission,Standing - Monthly,P1,4,2024-05-07 13:33:33,2024-05-07 11:03:27,Delivered,USR-003,False
REQ-00322,2024-05-07 12:46:14,USR-198,Ad hoc Analysis,Ad hoc,P3,72,2024-05-10 12:46:14,2024-05-10 03:53:05,Delivered,USR-005,False
REQ-00323,2024-05-07 14:24:36,USR-178,Incentive Calculation,Standing - Monthly,P1,4,2024-05-07 18:24:36,2024-05-07 17:24:53,Delivered,USR-003,False
REQ-00324,2024-05-07 17:41:41,USR-132,Data Correction,Ad hoc,P2,24,2024-05-08 17:41:41,2024-05-08 18:47:40,Delivered,USR-003,False
REQ-00325,2024-05-08 17:45:11,USR-198,Target vs Achievement,Standing - Monthly,P2,24,2024-05-09 17:45:11,2024-05-09 13:31:53,Delivered,USR-005,False
REQ-00326,2024-05-09 15:44:30,USR-007,Daily Sales Flash,Standing - Daily,P1,4,2024-05-09 19:44:30,2024-05-09 19:22:07,Delivered,USR-003,True
REQ-00327,2024-05-09 17:24:00,USR-043,Daily Sales Flash,Standing - Daily,P1,4,2024-05-09 21:24:00,2024-05-09 18:16:47,Delivered,USR-003,False
REQ-00328,2024-05-10 13:44:48,USR-178,Board / Owner Review Pack,Ad hoc,P1,4,2024-05-10 17:44:48,2024-05-10 17:02:49,Delivered,USR-005,False
REQ-00329,2024-05-11 10:14:25,USR-131,Lead Source ROI,Ad hoc,P3,72,2024-05-14 10:14:25,,Cancelled,USR-005,False
REQ-00330,2024-05-13 18:28:31,USR-041,Ad hoc Analysis,Ad hoc,P3,72,2024-05-16 18:28:31,2024-05-15 16:50:53,Delivered,USR-005,False
REQ-00331,2024-05-15 16:11:49,USR-198,Incentive Calculation,Standing - Monthly,P1,4,2024-05-15 20:11:49,2024-05-15 22:13:47,Delivered,USR-005,False
REQ-00332,2024-05-16 16:48:46,USR-042,Lead Source ROI,Ad hoc,P3,72,2024-05-19 16:48:46,2024-05-18 10:34:40,Delivered,USR-005,False
REQ-00333,2024-05-17 10:34:26,USR-105,Ad hoc Analysis,Ad hoc,P3,72,2024-05-20 10:34:26,2024-05-23 02:41:06,Delivered,USR-003,False
REQ-00334,2024-05-18 17:19:22,OEM Regional Office,OEM Submission,Standing - Monthly,P1,4,2024-05-18 21:19:22,2024-05-18 18:21:22,Delivered,USR-005,False
REQ-00335,2024-05-19 09:45:27,USR-043,Incentive Calculation,Standing - Monthly,P1,4,2024-05-19 13:45:27,2024-05-19 13:33:57,Delivered,USR-003,False
REQ-00336,2024-05-20 13:54:34,USR-199,Target vs Achievement,Standing - Monthly,P2,24,2024-05-21 13:54:34,2024-05-21 09:14:55,Delivered,USR-003,False
REQ-00337,2024-05-21 12:10:53,USR-105,Target vs Achievement,Standing - Monthly,P2,24,2024-05-22 12:10:53,2024-05-22 19:28:04,Delivered,USR-005,False
REQ-00338,2024-05-22 11:40:48,USR-198,Lead Source ROI,Ad hoc,P3,72,2024-05-25 11:40:48,2024-05-23 01:31:11,Delivered,USR-003,False
REQ-00339,2024-05-23 12:09:52,USR-162,Weekly Pipeline Review,Standing - Weekly,P2,24,2024-05-24 12:09:52,2024-05-24 06:48:24,Delivered,USR-003,False
REQ-00340,2024-05-23 12:42:38,USR-076,Ad hoc Analysis,Ad hoc,P3,72,2024-05-26 12:42:38,2024-05-24 01:07:57,Delivered,USR-005,False
REQ-00341,2024-05-24 11:32:34,USR-131,Ad hoc Analysis,Ad hoc,P1,4,2024-05-24 15:32:34,2024-05-24 13:15:31,Delivered,USR-005,False
REQ-00342,2024-05-24 13:25:04,USR-178,Ad hoc Analysis,Ad hoc,P1,4,2024-05-24 17:25:04,2024-05-24 15:18:29,Delivered,USR-005,True
REQ-00343,2024-05-24 14:18:23,USR-007,Weekly Pipeline Review,Standing - Weekly,P2,24,2024-05-25 14:18:23,2024-05-25 19:52:24,Delivered,USR-005,True
REQ-00344,2024-05-25 11:24:36,USR-041,Target vs Achievement,Standing - Monthly,P2,24,2024-05-26 11:24:36,2024-05-25 23:05:06,Delivered,USR-005,False
REQ-00345,2024-05-27 10:04:49,USR-041,Data Correction,Ad hoc,P2,24,2024-05-28 10:04:49,2024-05-27 18:40:00,Delivered,USR-005,False
REQ-00346,2024-05-27 13:42:01,OEM Regional Office,OEM Submission,Standing - Monthly,P1,4,2024-05-27 17:42:01,2024-05-27 14:15:16,Delivered,USR-005,False
REQ-00347,2024-05-27 16:26:16,USR-131,Ad hoc Analysis,Ad hoc,P3,72,2024-05-30 16:26:16,2024-05-28 11:10:00,Delivered,USR-003,False
REQ-00348,2024-05-28 10:52:43,USR-196,Daily Sales Flash,Standing - Daily,P1,4,2024-05-28 14:52:43,2024-05-28 12:30:01,Delivered,USR-005,False
REQ-00349,2024-05-31 09:30:21,USR-042,Data Correction,Ad hoc,P2,24,2024-06-01 09:30:21,2024-06-01 05:19:01,Delivered,USR-003,False
REQ-00350,2024-05-31 15:43:53,USR-105,Weekly Pipeline Review,Standing - Weekly,P2,24,2024-06-01 15:43:53,2024-05-31 22:05:34,Delivered,USR-003,False
REQ-00351,2024-05-31 16:58:42,USR-178,Lead Source ROI,Ad hoc,P3,72,2024-06-03 16:58:42,2024-06-02 04:05:57,Delivered,USR-003,False
REQ-00352,2024-06-01 15:24:12,USR-043,Board / Owner Review Pack,Ad hoc,P1,4,2024-06-01 19:24:12,2024-06-01 18:02:30,Delivered,USR-003,True
REQ-00353,2024-06-04 12:30:19,USR-007,Target vs Achievement,Standing - Monthly,P2,24,2024-06-05 12:30:19,,Cancelled,USR-005,False
REQ-00354,2024-06-04 14:56:49,USR-007,Weekly Pipeline Review,Standing - Weekly,P2,24,2024-06-05 14:56:49,2024-06-05 05:32:09,Delivered,USR-003,False
REQ-00355,2024-06-05 12:42:39,USR-197,Data Correction,Ad hoc,P2,24,2024-06-06 12:42:39,2024-06-08 02:33:54,Delivered,USR-005,False
REQ-00356,2024-06-06 14:15:25,USR-105,Lead Source ROI,Ad hoc,P1,4,2024-06-06 18:15:25,2024-06-06 21:13:05,Delivered,USR-003,False
REQ-00357,2024-06-06 16:51:08,USR-104,Board / Owner Review Pack,Ad hoc,P1,4,2024-06-06 20:51:08,2024-06-06 18:42:11,Delivered,USR-005,False
REQ-00358,2024-06-08 11:20:20,USR-001,Daily Sales Flash,Standing - Daily,P1,4,2024-06-08 15:20:20,2024-06-08 12:59:21,Delivered,USR-003,False
REQ-00359,2024-06-08 17:35:02,USR-199,Incentive Calculation,Standing - Monthly,P1,4,2024-06-08 21:35:02,2024-06-08 19:21:04,Delivered,USR-005,False
REQ-00360,2024-06-09 16:04:13,USR-105,Board / Owner Review Pack,Ad hoc,P1,4,2024-06-09 20:04:13,2024-06-09 20:03:06,Delivered,USR-005,False
REQ-00361,2024-06-11 10:58:41,USR-043,Daily Sales Flash,Standing - Daily,P1,4,2024-06-11 14:58:41,2024-06-11 11:47:10,Delivered,USR-003,False
REQ-00362,2024-06-11 16:36:20,USR-042,Lead Source ROI,Ad hoc,P3,72,2024-06-14 16:36:20,2024-06-12 20:23:49,Delivered,USR-005,False
REQ-00363,2024-06-12 12:54:17,USR-131,Lead Source ROI,Ad hoc,P1,4,2024-06-12 16:54:17,2024-06-12 15:43:59,Delivered,USR-003,False
REQ-00364,2024-06-12 14:42:53,USR-178,Daily Sales Flash,Standing - Daily,P1,4,2024-06-12 18:42:53,2024-06-12 16:20:41,Delivered,USR-005,False
REQ-00365,2024-06-13 12:20:10,USR-076,Daily Sales Flash,Standing - Daily,P1,4,2024-06-13 16:20:10,2024-06-13 16:21:28,Delivered,USR-003,False
REQ-00366,2024-06-13 12:50:52,USR-041,Daily Sales Flash,Standing - Daily,P1,4,2024-06-13 16:50:52,2024-06-13 13:57:47,Delivered,USR-003,False
REQ-00367,2024-06-13 13:50:17,OEM Regional Office,OEM Submission,Standing - Monthly,P1,4,2024-06-13 17:50:17,2024-06-13 16:11:24,Delivered,USR-003,False
REQ-00368,2024-06-13 17:06:40,USR-007,Data Correction,Ad hoc,P2,24,2024-06-14 17:06:40,2024-06-14 12:59:51,Delivered,USR-003,False
REQ-00369,2024-06-14 09:44:21,USR-197,Incentive Calculation,Standing - Monthly,P1,4,2024-06-14 13:44:21,2024-06-14 12:29:21,Delivered,USR-005,False
REQ-00370,2024-06-14 18:18:30,USR-161,Daily Sales Flash,Standing - Daily,P1,4,2024-06-14 22:18:30,2024-06-14 19:29:50,Delivered,USR-005,False
REQ-00371,2024-06-16 16:07:55,USR-196,Lead Source ROI,Ad hoc,P1,4,2024-06-16 20:07:55,2024-06-16 18:48:08,Delivered,USR-005,False
REQ-00372,2024-06-17 15:52:49,USR-001,Daily Sales Flash,Standing - Daily,P1,4,2024-06-17 19:52:49,2024-06-17 18:33:52,Delivered,USR-005,False
REQ-00373,2024-06-17 18:08:57,USR-041,Ad hoc Analysis,Ad hoc,P3,72,2024-06-20 18:08:57,2024-06-18 22:58:19,Delivered,USR-005,False
REQ-00374,2024-06-21 10:11:29,USR-043,Target vs Achievement,Standing - Monthly,P2,24,2024-06-22 10:11:29,2024-06-22 19:24:52,Delivered,USR-005,False
REQ-00375,2024-06-21 13:25:49,USR-200,Ad hoc Analysis,Ad hoc,P1,4,2024-06-21 17:25:49,2024-06-21 16:13:04,Delivered,USR-005,True
REQ-00376,2024-06-22 14:23:52,USR-161,Target vs Achievement,Standing - Monthly,P2,24,2024-06-23 14:23:52,2024-06-23 06:31:17,Delivered,USR-005,False
REQ-00377,2024-06-23 15:11:59,USR-198,Lead Source ROI,Ad hoc,P3,72,2024-06-26 15:11:59,2024-06-26 09:56:52,Delivered,USR-005,False
REQ-00378,2024-06-24 09:31:49,USR-178,Target vs Achievement,Standing - Monthly,P2,24,2024-06-25 09:31:49,2024-06-24 14:33:35,Delivered,USR-005,False
REQ-00379,2024-06-24 11:27:28,USR-200,Incentive Calculation,Standing - Monthly,P1,4,2024-06-24 15:27:28,2024-06-24 17:03:44,Delivered,USR-005,False
REQ-00380,2024-06-24 17:42:44,USR-196,Data Correction,Ad hoc,P2,24,2024-06-25 17:42:44,2024-06-24 23:29:51,Delivered,USR-005,False
REQ-00381,2024-06-26 15:33:24,USR-178,Target vs Achievement,Standing - Monthly,P2,24,2024-06-27 15:33:24,2024-06-27 06:37:31,Delivered,USR-003,False
REQ-00382,2024-06-28 13:40:13,USR-075,Ad hoc Analysis,Ad hoc,P3,72,2024-07-01 13:40:13,2024-06-30 14:56:25,Delivered,USR-005,False
REQ-00383,2024-06-28 14:04:58,USR-199,Daily Sales Flash,Standing - Daily,P1,4,2024-06-28 18:04:58,2024-06-28 15:09:48,Delivered,USR-005,False
REQ-00384,2024-06-28 15:54:28,USR-007,Daily Sales Flash,Standing - Daily,P1,4,2024-06-28 19:54:28,2024-06-28 16:50:15,Delivered,USR-005,False
REQ-00385,2024-06-29 10:05:08,USR-198,Target vs Achievement,Standing - Monthly,P2,24,2024-06-30 10:05:08,2024-06-30 08:37:10,Delivered,USR-005,False
REQ-00386,2024-06-29 15:15:50,USR-199,Daily Sales Flash,Standing - Daily,P1,4,2024-06-29 19:15:50,2024-06-29 18:12:31,Delivered,USR-005,False
REQ-00387,2024-06-29 17:45:12,USR-041,Target vs Achievement,Standing - Monthly,P2,24,2024-06-30 17:45:12,2024-06-30 08:29:06,Delivered,USR-003,False
REQ-00388,2024-06-30 15:28:06,USR-007,Ad hoc Analysis,Ad hoc,P1,4,2024-06-30 19:28:06,2024-06-30 18:35:56,Delivered,USR-003,False
REQ-00389,2024-07-01 16:03:55,USR-075,Data Correction,Ad hoc,P2,24,2024-07-02 16:03:55,2024-07-01 23:17:23,Delivered,USR-003,False
REQ-00390,2024-07-02 12:10:34,OEM Regional Office,OEM Submission,Standing - Monthly,P1,4,2024-07-02 16:10:34,2024-07-02 13:54:33,Delivered,USR-003,False
REQ-00391,2024-07-03 10:12:35,USR-131,Ad hoc Analysis,Ad hoc,P1,4,2024-07-03 14:12:35,2024-07-03 13:25:13,Delivered,USR-005,False
REQ-00392,2024-07-03 13:15:57,USR-131,Target vs Achievement,Standing - Monthly,P2,24,2024-07-04 13:15:57,2024-07-03 22:36:18,Delivered,USR-003,False
REQ-00393,2024-07-03 14:55:08,USR-007,Lead Source ROI,Ad hoc,P3,72,2024-07-06 14:55:08,2024-07-04 00:06:08,Delivered,USR-003,False
REQ-00394,2024-07-04 13:49:43,USR-132,Lead Source ROI,Ad hoc,P3,72,2024-07-07 13:49:43,2024-07-06 17:19:51,Delivered,USR-005,False
REQ-00395,2024-07-04 18:22:56,USR-075,Incentive Calculation,Standing - Monthly,P1,4,2024-07-04 22:22:56,,Cancelled,USR-005,False
REQ-00396,2024-07-06 15:47:44,USR-162,Weekly Pipeline Review,Standing - Weekly,P2,24,2024-07-07 15:47:44,2024-07-07 03:51:35,Delivered,USR-005,False
REQ-00397,2024-07-06 16:44:33,USR-001,Data Correction,Ad hoc,P2,24,2024-07-07 16:44:33,2024-07-07 13:58:18,Delivered,USR-005,False
REQ-00398,2024-07-09 13:39:52,USR-076,Weekly Pipeline Review,Standing - Weekly,P2,24,2024-07-10 13:39:52,2024-07-11 08:46:04,Delivered,USR-003,False
REQ-00399,2024-07-09 17:54:42,USR-196,Weekly Pipeline Review,Standing - Weekly,P2,24,2024-07-10 17:54:42,2024-07-10 01:12:46,Delivered,USR-003,False
REQ-00400,2024-07-10 09:37:43,USR-200,Daily Sales Flash,Standing - Daily,P1,4,2024-07-10 13:37:43,2024-07-10 13:50:39,Delivered,USR-005,False
REQ-00401,2024-07-11 17:49:40,USR-042,Ad hoc Analysis,Ad hoc,P1,4,2024-07-11 21:49:40,2024-07-11 19:21:07,Delivered,USR-005,False
REQ-00402,2024-07-12 13:06:41,USR-131,Weekly Pipeline Review,Standing - Weekly,P2,24,2024-07-13 13:06:41,2024-07-14 17:30:35,Delivered,USR-005,False
REQ-00403,2024-07-14 14:58:26,USR-104,Target vs Achievement,Standing - Monthly,P2,24,2024-07-15 14:58:26,2024-07-15 04:46:33,Delivered,USR-003,False
REQ-00404,2024-07-15 12:17:45,USR-198,Incentive Calculation,Standing - Monthly,P1,4,2024-07-15 16:17:45,,Cancelled,USR-005,False
REQ-00405,2024-07-15 15:14:59,USR-196,Target vs Achievement,Standing - Monthly,P2,24,2024-07-16 15:14:59,2024-07-15 20:59:18,Delivered,USR-005,False
REQ-00406,2024-07-16 09:48:54,USR-162,Lead Source ROI,Ad hoc,P3,72,2024-07-19 09:48:54,2024-07-18 08:11:22,Delivered,USR-005,False
REQ-00407,2024-07-16 15:18:40,USR-200,Daily Sales Flash,Standing - Daily,P1,4,2024-07-16 19:18:40,2024-07-16 16:57:33,Delivered,USR-003,False
REQ-00408,2024-07-16 16:40:01,USR-132,Data Correction,Ad hoc,P2,24,2024-07-17 16:40:01,2024-07-17 00:27:20,Delivered,USR-005,False
REQ-00409,2024-07-17 09:57:54,USR-132,Ad hoc Analysis,Ad hoc,P1,4,2024-07-17 13:57:54,2024-07-17 13:19:05,Delivered,USR-003,False
REQ-00410,2024-07-17 10:28:51,USR-200,Lead Source ROI,Ad hoc,P3,72,2024-07-20 10:28:51,2024-07-18 12:54:37,Delivered,USR-005,False
REQ-00411,2024-07-17 13:05:38,USR-199,Target vs Achievement,Standing - Monthly,P2,24,2024-07-18 13:05:38,2024-07-18 02:25:49,Delivered,USR-003,False
REQ-00412,2024-07-17 17:40:48,USR-001,Ad hoc Analysis,Ad hoc,P3,72,2024-07-20 17:40:48,2024-07-22 08:14:43,Delivered,USR-005,False
REQ-00413,2024-07-22 14:35:01,USR-075,Ad hoc Analysis,Ad hoc,P3,72,2024-07-25 14:35:01,2024-07-23 17:45:01,Delivered,USR-005,False
REQ-00414,2024-07-22 15:49:19,USR-042,Ad hoc Analysis,Ad hoc,P3,72,2024-07-25 15:49:19,2024-07-24 16:09:36,Delivered,USR-005,False
REQ-00415,2024-07-22 18:01:32,USR-161,Incentive Calculation,Standing - Monthly,P1,4,2024-07-22 22:01:32,2024-07-22 19:17:00,Delivered,USR-003,False
REQ-00416,2024-07-23 10:52:06,USR-104,Weekly Pipeline Review,Standing - Weekly,P2,24,2024-07-24 10:52:06,2024-07-23 18:29:06,Delivered,USR-003,True
REQ-00417,2024-07-24 12:04:12,USR-132,Target vs Achievement,Standing - Monthly,P2,24,2024-07-25 12:04:12,2024-07-24 18:26:57,Delivered,USR-005,False
REQ-00418,2024-07-24 18:18:42,USR-162,Daily Sales Flash,Standing - Daily,P1,4,2024-07-24 22:18:42,2024-07-24 19:29:02,Delivered,USR-003,False
REQ-00419,2024-07-25 15:01:36,USR-200,Ad hoc Analysis,Ad hoc,P3,72,2024-07-28 15:01:36,2024-07-26 17:31:09,Delivered,USR-005,False
REQ-00420,2024-07-25 16:26:31,USR-007,Daily Sales Flash,Standing - Daily,P1,4,2024-07-25 20:26:31,2024-07-25 17:09:54,Delivered,USR-005,False
REQ-00421,2024-07-25 17:49:23,USR-197,Target vs Achievement,Standing - Monthly,P2,24,2024-07-26 17:49:23,2024-07-27 14:20:10,Delivered,USR-005,True
REQ-00422,2024-07-26 16:16:15,USR-162,Daily Sales Flash,Standing - Daily,P1,4,2024-07-26 20:16:15,2024-07-26 19:58:58,Delivered,USR-003,False
REQ-00423,2024-07-28 11:04:28,USR-105,Ad hoc Analysis,Ad hoc,P1,4,2024-07-28 15:04:28,2024-07-28 13:06:07,Delivered,USR-005,False
REQ-00424,2024-07-28 13:46:48,USR-075,Target vs Achievement,Standing - Monthly,P2,24,2024-07-29 13:46:48,,Cancelled,USR-003,False
REQ-00425,2024-07-28 14:06:25,USR-131,Data Correction,Ad hoc,P2,24,2024-07-29 14:06:25,2024-07-29 14:14:08,Delivered,USR-003,True
REQ-00426,2024-07-28 14:15:54,USR-196,Incentive Calculation,Standing - Monthly,P1,4,2024-07-28 18:15:54,2024-07-28 18:31:31,Delivered,USR-003,False
REQ-00427,2024-07-30 10:54:36,USR-043,Ad hoc Analysis,Ad hoc,P1,4,2024-07-30 14:54:36,2024-07-30 12:51:01,Delivered,USR-005,False
REQ-00428,2024-07-30 14:14:55,USR-001,Ad hoc Analysis,Ad hoc,P3,72,2024-08-02 14:14:55,2024-08-01 16:57:23,Delivered,USR-005,False
REQ-00429,2024-07-30 15:25:38,USR-105,Daily Sales Flash,Standing - Daily,P1,4,2024-07-30 19:25:38,2024-07-30 19:45:53,Delivered,USR-005,False
REQ-00430,2024-07-30 18:14:28,USR-007,Incentive Calculation,Standing - Monthly,P1,4,2024-07-30 22:14:28,2024-07-30 19:41:14,Delivered,USR-005,False
REQ-00431,2024-07-31 17:01:54,USR-007,Daily Sales Flash,Standing - Daily,P1,4,2024-07-31 21:01:54,2024-07-31 20:41:51,Delivered,USR-005,False
REQ-00432,2024-08-01 14:36:23,USR-199,Incentive Calculation,Standing - Monthly,P1,4,2024-08-01 18:36:23,2024-08-01 15:51:53,Delivered,USR-003,False
REQ-00433,2024-08-01 17:06:31,USR-105,Weekly Pipeline Review,Standing - Weekly,P2,24,2024-08-02 17:06:31,2024-08-02 14:53:08,Delivered,USR-005,False
REQ-00434,2024-08-03 13:21:40,USR-196,Daily Sales Flash,Standing - Daily,P1,4,2024-08-03 17:21:40,2024-08-03 15:11:47,Delivered,USR-005,False
REQ-00435,2024-08-03 16:20:17,OEM Regional Office,OEM Submission,Standing - Monthly,P1,4,2024-08-03 20:20:17,2024-08-04 00:41:53,Delivered,USR-003,False
REQ-00436,2024-08-05 15:05:27,USR-178,Data Correction,Ad hoc,P2,24,2024-08-06 15:05:27,2024-08-06 05:31:32,Delivered,USR-003,False
REQ-00437,2024-08-05 16:18:02,USR-200,Daily Sales Flash,Standing - Daily,P1,4,2024-08-05 20:18:02,2024-08-05 17:55:01,Delivered,USR-005,False
REQ-00438,2024-08-06 10:54:32,USR-104,Ad hoc Analysis,Ad hoc,P3,72,2024-08-09 10:54:32,2024-08-07 17:41:16,Delivered,USR-003,False
REQ-00439,2024-08-06 18:26:13,USR-200,Data Correction,Ad hoc,P2,24,2024-08-07 18:26:13,2024-08-08 01:41:52,Delivered,USR-003,False
REQ-00440,2024-08-07 09:38:33,USR-105,Ad hoc Analysis,Ad hoc,P3,72,2024-08-10 09:38:33,,Cancelled,USR-003,False
REQ-00441,2024-08-07 14:31:55,USR-076,Target vs Achievement,Standing - Monthly,P2,24,2024-08-08 14:31:55,2024-08-08 02:24:34,Delivered,USR-005,False
REQ-00442,2024-08-08 10:39:31,USR-006,Ad hoc Analysis,Ad hoc,P1,4,2024-08-08 14:39:31,,Cancelled,USR-005,False
REQ-00443,2024-08-08 14:51:45,USR-196,Ad hoc Analysis,Ad hoc,P3,72,2024-08-11 14:51:45,2024-08-09 22:06:44,Delivered,USR-005,False
REQ-00444,2024-08-08 16:28:18,USR-200,Data Correction,Ad hoc,P1,4,2024-08-08 20:28:18,2024-08-08 17:29:40,Delivered,USR-005,False
REQ-00445,2024-08-09 12:45:08,USR-178,Daily Sales Flash,Standing - Daily,P1,4,2024-08-09 16:45:08,2024-08-09 14:26:35,Delivered,USR-005,True
REQ-00446,2024-08-10 14:34:07,USR-178,Ad hoc Analysis,Ad hoc,P3,72,2024-08-13 14:34:07,2024-08-12 11:36:00,Delivered,USR-005,False
REQ-00447,2024-08-10 15:41:58,USR-006,Ad hoc Analysis,Ad hoc,P3,72,2024-08-13 15:41:58,2024-08-12 11:48:09,Delivered,USR-005,True
REQ-00448,2024-08-15 13:49:14,USR-006,Daily Sales Flash,Standing - Daily,P1,4,2024-08-15 17:49:14,2024-08-15 15:18:40,Delivered,USR-003,False
REQ-00449,2024-08-16 11:52:10,USR-162,Ad hoc Analysis,Ad hoc,P3,72,2024-08-19 11:52:10,2024-08-17 09:07:49,Delivered,USR-003,False
REQ-00450,2024-08-16 11:58:24,USR-105,Daily Sales Flash,Standing - Daily,P1,4,2024-08-16 15:58:24,,Cancelled,USR-003,False
REQ-00451,2024-08-16 13:10:36,USR-162,Weekly Pipeline Review,Standing - Weekly,P2,24,2024-08-17 13:10:36,2024-08-16 21:07:29,Delivered,USR-005,False
REQ-00452,2024-08-16 18:23:48,USR-042,Daily Sales Flash,Standing - Daily,P1,4,2024-08-16 22:23:48,2024-08-16 23:55:58,Delivered,USR-005,False
REQ-00453,2024-08-17 09:53:18,USR-076,Daily Sales Flash,Standing - Daily,P1,4,2024-08-17 13:53:18,2024-08-17 11:50:37,Delivered,USR-003,False
REQ-00454,2024-08-17 10:18:59,USR-161,Weekly Pipeline Review,Standing - Weekly,P2,24,2024-08-18 10:18:59,2024-08-18 16:58:54,Delivered,USR-003,True
REQ-00455,2024-08-19 11:19:21,OEM Regional Office,OEM Submission,Standing - Monthly,P1,4,2024-08-19 15:19:21,2024-08-19 13:28:22,Delivered,USR-005,False
REQ-00456,2024-08-20 11:09:28,USR-041,Ad hoc Analysis,Ad hoc,P1,4,2024-08-20 15:09:28,2024-08-20 13:39:19,Delivered,USR-003,False
REQ-00457,2024-08-20 11:19:48,USR-162,Daily Sales Flash,Standing - Daily,P1,4,2024-08-20 15:19:48,2024-08-20 12:18:54,Delivered,USR-005,True
REQ-00458,2024-08-20 12:35:42,USR-006,Weekly Pipeline Review,Standing - Weekly,P2,24,2024-08-21 12:35:42,2024-08-21 01:26:43,Delivered,USR-005,False
REQ-00459,2024-08-20 16:24:03,USR-075,Daily Sales Flash,Standing - Daily,P1,4,2024-08-20 20:24:03,2024-08-20 17:45:55,Delivered,USR-003,False
REQ-00460,2024-08-21 11:55:55,USR-198,Ad hoc Analysis,Ad hoc,P3,72,2024-08-24 11:55:55,2024-08-23 05:04:58,Delivered,USR-003,False
REQ-00461,2024-08-21 15:34:35,USR-076,Ad hoc Analysis,Ad hoc,P3,72,2024-08-24 15:34:35,2024-08-23 16:29:07,Delivered,USR-003,False
REQ-00462,2024-08-22 09:45:04,USR-132,Ad hoc Analysis,Ad hoc,P3,72,2024-08-25 09:45:04,2024-08-26 15:49:41,Delivered,USR-005,False
REQ-00463,2024-08-22 10:47:39,USR-006,Data Correction,Ad hoc,P2,24,2024-08-23 10:47:39,2024-08-25 06:31:29,Delivered,USR-005,False
REQ-00464,2024-08-23 12:11:20,USR-105,Lead Source ROI,Ad hoc,P3,72,2024-08-26 12:11:20,2024-08-25 02:44:40,Delivered,USR-005,False
REQ-00465,2024-08-23 13:25:20,USR-162,Weekly Pipeline Review,Standing - Weekly,P2,24,2024-08-24 13:25:20,2024-08-24 08:36:54,Delivered,USR-005,False
REQ-00466,2024-08-23 17:37:29,USR-043,Weekly Pipeline Review,Standing - Weekly,P2,24,2024-08-24 17:37:29,2024-08-24 14:45:45,Delivered,USR-003,False
REQ-00467,2024-08-25 13:30:38,USR-076,Data Correction,Ad hoc,P2,24,2024-08-26 13:30:38,2024-08-25 21:38:27,Delivered,USR-003,False
REQ-00468,2024-08-26 10:10:41,USR-196,Ad hoc Analysis,Ad hoc,P3,72,2024-08-29 10:10:41,2024-08-27 13:30:51,Delivered,USR-003,False
REQ-00469,2024-08-26 14:38:43,USR-006,Target vs Achievement,Standing - Monthly,P2,24,2024-08-27 14:38:43,2024-08-29 10:16:05,Delivered,USR-005,False
REQ-00470,2024-08-27 15:01:41,USR-105,Incentive Calculation,Standing - Monthly,P1,4,2024-08-27 19:01:41,2024-08-27 16:42:15,Delivered,USR-003,False
REQ-00471,2024-08-27 15:13:03,USR-161,Data Correction,Ad hoc,P2,24,2024-08-28 15:13:03,2024-08-29 13:13:03,Delivered,USR-005,False
REQ-00472,2024-08-28 16:06:21,USR-200,Ad hoc Analysis,Ad hoc,P3,72,2024-08-31 16:06:21,2024-08-31 22:12:08,Delivered,USR-005,False
REQ-00473,2024-08-29 17:05:36,USR-076,Incentive Calculation,Standing - Monthly,P1,4,2024-08-29 21:05:36,2024-08-29 17:51:34,Delivered,USR-005,False
REQ-00474,2024-08-31 14:05:28,USR-007,Ad hoc Analysis,Ad hoc,P1,4,2024-08-31 18:05:28,2024-08-31 15:44:59,Delivered,USR-003,False
REQ-00475,2024-09-01 11:31:24,USR-196,Data Correction,Ad hoc,P1,4,2024-09-01 15:31:24,2024-09-01 14:04:07,Delivered,USR-003,False
REQ-00476,2024-09-01 17:03:27,USR-162,Ad hoc Analysis,Ad hoc,P3,72,2024-09-04 17:03:27,2024-09-02 12:14:47,Delivered,USR-005,False
REQ-00477,2024-09-02 11:57:25,USR-042,Daily Sales Flash,Standing - Daily,P1,4,2024-09-02 15:57:25,2024-09-02 14:41:42,Delivered,USR-005,False
REQ-00478,2024-09-03 14:27:54,USR-041,Ad hoc Analysis,Ad hoc,P1,4,2024-09-03 18:27:54,2024-09-03 20:21:33,Delivered,USR-005,False
REQ-00479,2024-09-05 13:46:58,USR-162,Board / Owner Review Pack,Ad hoc,P1,4,2024-09-05 17:46:58,2024-09-05 16:03:38,Delivered,USR-003,False
REQ-00480,2024-09-05 14:17:33,USR-132,Target vs Achievement,Standing - Monthly,P2,24,2024-09-06 14:17:33,2024-09-05 17:07:32,Delivered,USR-003,False
REQ-00481,2024-09-05 14:46:10,USR-161,Daily Sales Flash,Standing - Daily,P1,4,2024-09-05 18:46:10,2024-09-05 17:56:45,Delivered,USR-005,False
REQ-00482,2024-09-06 11:40:36,USR-196,Ad hoc Analysis,Ad hoc,P1,4,2024-09-06 15:40:36,2024-09-06 14:13:51,Delivered,USR-003,False
REQ-00483,2024-09-06 11:55:30,USR-197,Lead Source ROI,Ad hoc,P1,4,2024-09-06 15:55:30,2024-09-06 15:39:40,Delivered,USR-005,False
REQ-00484,2024-09-06 12:45:41,USR-007,Daily Sales Flash,Standing - Daily,P1,4,2024-09-06 16:45:41,2024-09-06 14:39:47,Delivered,USR-005,True
REQ-00485,2024-09-07 12:06:23,USR-162,Ad hoc Analysis,Ad hoc,P3,72,2024-09-10 12:06:23,2024-09-08 09:40:50,Delivered,USR-003,False
REQ-00486,2024-09-07 14:02:23,USR-197,Data Correction,Ad hoc,P2,24,2024-09-08 14:02:23,2024-09-08 07:17:26,Delivered,USR-003,False
REQ-00487,2024-09-09 16:54:19,USR-006,Ad hoc Analysis,Ad hoc,P3,72,2024-09-12 16:54:19,2024-09-10 23:10:47,Delivered,USR-003,False
REQ-00488,2024-09-10 15:47:02,USR-131,Incentive Calculation,Standing - Monthly,P1,4,2024-09-10 19:47:02,2024-09-10 17:41:21,Delivered,USR-005,False
REQ-00489,2024-09-10 16:50:26,USR-131,Target vs Achievement,Standing - Monthly,P2,24,2024-09-11 16:50:26,2024-09-11 12:19:18,Delivered,USR-005,True
REQ-00490,2024-09-13 09:49:47,USR-178,Ad hoc Analysis,Ad hoc,P3,72,2024-09-16 09:49:47,2024-09-16 00:15:09,Delivered,USR-005,False
REQ-00491,2024-09-13 15:30:18,USR-043,Incentive Calculation,Standing - Monthly,P1,4,2024-09-13 19:30:18,2024-09-13 18:22:34,Delivered,USR-005,True
REQ-00492,2024-09-14 11:18:22,USR-042,Lead Source ROI,Ad hoc,P3,72,2024-09-17 11:18:22,2024-09-15 22:11:16,Delivered,USR-005,False
REQ-00493,2024-09-14 13:33:17,USR-199,Daily Sales Flash,Standing - Daily,P1,4,2024-09-14 17:33:17,2024-09-14 14:48:48,Delivered,USR-005,False
REQ-00494,2024-09-16 17:44:25,USR-075,Ad hoc Analysis,Ad hoc,P3,72,2024-09-19 17:44:25,2024-09-17 14:31:41,Delivered,USR-005,False
REQ-00495,2024-09-17 13:43:02,USR-043,Ad hoc Analysis,Ad hoc,P3,72,2024-09-20 13:43:02,2024-09-19 03:55:16,Delivered,USR-003,False
REQ-00496,2024-09-18 12:40:26,USR-131,Data Correction,Ad hoc,P2,24,2024-09-19 12:40:26,2024-09-19 16:33:57,Delivered,USR-003,False
REQ-00497,2024-09-20 12:45:40,USR-196,Weekly Pipeline Review,Standing - Weekly,P2,24,2024-09-21 12:45:40,2024-09-20 17:50:20,Delivered,USR-005,False
REQ-00498,2024-09-20 14:31:53,USR-105,Data Correction,Ad hoc,P2,24,2024-09-21 14:31:53,2024-09-21 00:06:07,Delivered,USR-005,False
REQ-00499,2024-09-22 15:00:09,OEM Regional Office,OEM Submission,Standing - Monthly,P1,4,2024-09-22 19:00:09,2024-09-22 17:36:50,Delivered,USR-003,False
REQ-00500,2024-09-22 16:53:49,USR-197,Daily Sales Flash,Standing - Daily,P1,4,2024-09-22 20:53:49,2024-09-22 17:43:25,Delivered,USR-003,True
REQ-00501,2024-09-22 17:11:11,USR-042,Target vs Achievement,Standing - Monthly,P2,24,2024-09-23 17:11:11,2024-09-23 17:44:05,Delivered,USR-003,False
REQ-00502,2024-09-23 14:09:15,USR-076,Data Correction,Ad hoc,P2,24,2024-09-24 14:09:15,2024-09-24 20:35:36,Delivered,USR-003,False
REQ-00503,2024-09-24 13:51:05,USR-001,Ad hoc Analysis,Ad hoc,P3,72,2024-09-27 13:51:05,2024-09-25 06:51:39,Delivered,USR-005,False
REQ-00504,2024-09-24 14:09:51,USR-132,Ad hoc Analysis,Ad hoc,P1,4,2024-09-24 18:09:51,2024-09-24 14:57:22,Delivered,USR-003,False
REQ-00505,2024-09-24 14:27:23,USR-104,Ad hoc Analysis,Ad hoc,P3,72,2024-09-27 14:27:23,2024-09-25 04:32:13,Delivered,USR-005,False
REQ-00506,2024-09-24 17:22:26,USR-075,Data Correction,Ad hoc,P2,24,2024-09-25 17:22:26,2024-09-25 20:49:37,Delivered,USR-003,False
REQ-00507,2024-09-24 17:56:55,USR-131,Ad hoc Analysis,Ad hoc,P3,72,2024-09-27 17:56:55,2024-09-27 18:34:42,Delivered,USR-005,False
REQ-00508,2024-09-25 16:29:58,USR-178,Ad hoc Analysis,Ad hoc,P3,72,2024-09-28 16:29:58,2024-09-26 11:03:17,Delivered,USR-003,True
REQ-00509,2024-09-26 09:42:32,USR-041,Weekly Pipeline Review,Standing - Weekly,P2,24,2024-09-27 09:42:32,2024-09-26 22:20:36,Delivered,USR-005,False
REQ-00510,2024-09-26 09:50:33,USR-006,Daily Sales Flash,Standing - Daily,P1,4,2024-09-26 13:50:33,,Cancelled,USR-003,False
REQ-00511,2024-09-26 13:53:34,USR-001,Daily Sales Flash,Standing - Daily,P1,4,2024-09-26 17:53:34,2024-09-26 14:55:38,Delivered,USR-005,False
REQ-00512,2024-09-28 17:04:44,USR-197,Daily Sales Flash,Standing - Daily,P1,4,2024-09-28 21:04:44,2024-09-28 18:11:29,Delivered,USR-005,False
REQ-00513,2024-09-29 10:35:24,USR-178,Lead Source ROI,Ad hoc,P3,72,2024-10-02 10:35:24,2024-10-02 18:35:18,Delivered,USR-003,True
REQ-00514,2024-09-30 17:42:17,USR-196,Weekly Pipeline Review,Standing - Weekly,P2,24,2024-10-01 17:42:17,2024-10-01 07:52:16,Delivered,USR-003,False
REQ-00515,2024-10-01 11:50:17,USR-041,Target vs Achievement,Standing - Monthly,P2,24,2024-10-02 11:50:17,2024-10-02 15:50:22,Delivered,USR-005,False
REQ-00516,2024-10-01 14:58:06,USR-076,Ad hoc Analysis,Ad hoc,P3,72,2024-10-04 14:58:06,2024-10-07 05:19:13,Delivered,USR-003,False
REQ-00517,2024-10-01 18:16:13,USR-043,Target vs Achievement,Standing - Monthly,P2,24,2024-10-02 18:16:13,2024-10-02 02:09:25,Delivered,USR-003,False
REQ-00518,2024-10-02 11:22:21,USR-200,Incentive Calculation,Standing - Monthly,P1,4,2024-10-02 15:22:21,2024-10-02 15:39:52,Delivered,USR-005,False
REQ-00519,2024-10-02 18:10:38,USR-105,Target vs Achievement,Standing - Monthly,P2,24,2024-10-03 18:10:38,2024-10-03 01:49:45,Delivered,USR-003,False
REQ-00520,2024-10-03 10:09:24,OEM Regional Office,OEM Submission,Standing - Monthly,P1,4,2024-10-03 14:09:24,2024-10-03 11:45:00,Delivered,USR-003,False
REQ-00521,2024-10-03 11:31:33,USR-199,Ad hoc Analysis,Ad hoc,P1,4,2024-10-03 15:31:33,2024-10-03 15:45:09,Delivered,USR-003,False
REQ-00522,2024-10-03 15:10:40,USR-043,Daily Sales Flash,Standing - Daily,P1,4,2024-10-03 19:10:40,2024-10-03 19:50:07,Delivered,USR-005,False
REQ-00523,2024-10-04 13:53:52,USR-104,Daily Sales Flash,Standing - Daily,P1,4,2024-10-04 17:53:52,2024-10-04 16:28:10,Delivered,USR-003,False
REQ-00524,2024-10-04 16:16:02,USR-178,Data Correction,Ad hoc,P1,4,2024-10-04 20:16:02,2024-10-04 18:47:32,Delivered,USR-003,False
REQ-00525,2024-10-06 15:15:07,USR-198,Daily Sales Flash,Standing - Daily,P1,4,2024-10-06 19:15:07,2024-10-06 17:36:56,Delivered,USR-003,False
REQ-00526,2024-10-08 10:34:28,USR-076,Weekly Pipeline Review,Standing - Weekly,P2,24,2024-10-09 10:34:28,2024-10-08 21:31:04,Delivered,USR-005,False
REQ-00527,2024-10-08 10:51:33,USR-041,Daily Sales Flash,Standing - Daily,P1,4,2024-10-08 14:51:33,2024-10-08 14:40:59,Delivered,USR-003,False
REQ-00528,2024-10-08 11:04:09,USR-178,Target vs Achievement,Standing - Monthly,P2,24,2024-10-09 11:04:09,2024-10-09 08:28:33,Delivered,USR-005,False
REQ-00529,2024-10-08 12:29:31,USR-131,Ad hoc Analysis,Ad hoc,P3,72,2024-10-11 12:29:31,2024-10-09 01:38:03,Delivered,USR-005,False
REQ-00530,2024-10-08 13:55:17,USR-131,Data Correction,Ad hoc,P1,4,2024-10-08 17:55:17,2024-10-08 18:00:29,Delivered,USR-005,True
REQ-00531,2024-10-08 17:04:59,OEM Regional Office,OEM Submission,Standing - Monthly,P1,4,2024-10-08 21:04:59,2024-10-08 19:17:24,Delivered,USR-005,False
REQ-00532,2024-10-08 17:21:32,USR-075,Data Correction,Ad hoc,P1,4,2024-10-08 21:21:32,2024-10-08 18:47:57,Delivered,USR-003,False
REQ-00533,2024-10-08 17:24:23,USR-131,Daily Sales Flash,Standing - Daily,P1,4,2024-10-08 21:24:23,2024-10-08 19:00:54,Delivered,USR-003,False
REQ-00534,2024-10-10 11:39:36,USR-200,Data Correction,Ad hoc,P2,24,2024-10-11 11:39:36,2024-10-10 17:17:56,Delivered,USR-003,False
REQ-00535,2024-10-10 18:11:06,USR-198,Ad hoc Analysis,Ad hoc,P1,4,2024-10-10 22:11:06,2024-10-10 20:52:45,Delivered,USR-005,False
REQ-00536,2024-10-11 15:44:48,USR-041,Daily Sales Flash,Standing - Daily,P1,4,2024-10-11 19:44:48,2024-10-11 17:14:32,Delivered,USR-005,False
REQ-00537,2024-10-12 12:42:30,USR-076,Weekly Pipeline Review,Standing - Weekly,P2,24,2024-10-13 12:42:30,2024-10-13 00:25:22,Delivered,USR-003,False
REQ-00538,2024-10-13 09:59:25,USR-178,Ad hoc Analysis,Ad hoc,P3,72,2024-10-16 09:59:25,2024-10-15 02:31:19,Delivered,USR-005,True
REQ-00539,2024-10-13 14:17:52,OEM Regional Office,OEM Submission,Standing - Monthly,P1,4,2024-10-13 18:17:52,2024-10-13 15:23:53,Delivered,USR-003,False
REQ-00540,2024-10-14 14:40:06,USR-199,Lead Source ROI,Ad hoc,P3,72,2024-10-17 14:40:06,2024-10-15 03:32:07,Delivered,USR-003,False
REQ-00541,2024-10-15 10:34:23,USR-041,Target vs Achievement,Standing - Monthly,P2,24,2024-10-16 10:34:23,2024-10-15 18:27:36,Delivered,USR-003,False
REQ-00542,2024-10-16 13:44:42,USR-200,Weekly Pipeline Review,Standing - Weekly,P2,24,2024-10-17 13:44:42,2024-10-17 08:02:27,Delivered,USR-005,False
REQ-00543,2024-10-18 12:23:24,USR-006,Board / Owner Review Pack,Ad hoc,P1,4,2024-10-18 16:23:24,2024-10-18 14:09:42,Delivered,USR-005,False
REQ-00544,2024-10-20 10:15:12,USR-132,Weekly Pipeline Review,Standing - Weekly,P2,24,2024-10-21 10:15:12,2024-10-21 00:40:34,Delivered,USR-003,False
REQ-00545,2024-10-20 13:16:12,USR-200,Daily Sales Flash,Standing - Daily,P1,4,2024-10-20 17:16:12,2024-10-20 14:38:59,Delivered,USR-003,False
REQ-00546,2024-10-20 17:03:20,USR-043,Ad hoc Analysis,Ad hoc,P3,72,2024-10-23 17:03:20,2024-10-23 22:57:58,Delivered,USR-005,False
REQ-00547,2024-10-21 15:11:06,USR-007,Incentive Calculation,Standing - Monthly,P1,4,2024-10-21 19:11:06,2024-10-21 18:05:23,Delivered,USR-005,False
REQ-00548,2024-10-22 11:32:49,USR-001,Ad hoc Analysis,Ad hoc,P3,72,2024-10-25 11:32:49,2024-10-23 22:56:55,Delivered,USR-003,False
REQ-00549,2024-10-23 18:22:18,USR-161,Target vs Achievement,Standing - Monthly,P2,24,2024-10-24 18:22:18,2024-10-24 09:09:27,Delivered,USR-003,False
REQ-00550,2024-10-26 12:23:25,USR-006,Daily Sales Flash,Standing - Daily,P1,4,2024-10-26 16:23:25,2024-10-26 14:57:50,Delivered,USR-003,False
REQ-00551,2024-10-30 14:58:26,OEM Regional Office,OEM Submission,Standing - Monthly,P1,4,2024-10-30 18:58:26,2024-10-30 17:10:42,Delivered,USR-003,False
REQ-00552,2024-10-31 16:34:11,USR-131,Incentive Calculation,Standing - Monthly,P1,4,2024-10-31 20:34:11,2024-10-31 18:18:00,Delivered,USR-005,True
REQ-00553,2024-11-01 13:57:09,USR-200,Data Correction,Ad hoc,P1,4,2024-11-01 17:57:09,2024-11-01 17:14:20,Delivered,USR-005,False
REQ-00554,2024-11-01 17:57:27,USR-161,Lead Source ROI,Ad hoc,P3,72,2024-11-04 17:57:27,2024-11-03 14:43:51,Delivered,USR-005,False
REQ-00555,2024-11-02 14:04:09,USR-006,Ad hoc Analysis,Ad hoc,P3,72,2024-11-05 14:04:09,2024-11-04 05:20:34,Delivered,USR-005,False
REQ-00556,2024-11-04 11:07:09,USR-198,Data Correction,Ad hoc,P2,24,2024-11-05 11:07:09,2024-11-05 01:46:22,Delivered,USR-005,False
REQ-00557,2024-11-04 15:31:34,USR-162,Lead Source ROI,Ad hoc,P3,72,2024-11-07 15:31:34,2024-11-06 02:48:00,Delivered,USR-005,True
REQ-00558,2024-11-06 17:08:50,USR-043,Weekly Pipeline Review,Standing - Weekly,P2,24,2024-11-07 17:08:50,2024-11-06 21:46:48,Delivered,USR-003,False
REQ-00559,2024-11-08 11:57:25,USR-198,Daily Sales Flash,Standing - Daily,P1,4,2024-11-08 15:57:25,2024-11-08 14:07:26,Delivered,USR-003,False
REQ-00560,2024-11-10 15:37:10,OEM Regional Office,OEM Submission,Standing - Monthly,P1,4,2024-11-10 19:37:10,2024-11-10 20:27:24,Delivered,USR-003,False
REQ-00561,2024-11-13 11:03:03,USR-131,Data Correction,Ad hoc,P2,24,2024-11-14 11:03:03,2024-11-14 00:25:10,Delivered,USR-003,False
REQ-00562,2024-11-14 12:59:55,USR-075,Daily Sales Flash,Standing - Daily,P1,4,2024-11-14 16:59:55,2024-11-14 14:54:17,Delivered,USR-003,False
REQ-00563,2024-11-14 14:03:21,USR-042,Board / Owner Review Pack,Ad hoc,P1,4,2024-11-14 18:03:21,2024-11-14 17:42:56,Delivered,USR-005,False
REQ-00564,2024-11-15 15:40:31,USR-197,Daily Sales Flash,Standing - Daily,P1,4,2024-11-15 19:40:31,2024-11-15 17:59:42,Delivered,USR-003,False
REQ-00565,2024-11-15 17:59:33,USR-197,Data Correction,Ad hoc,P2,24,2024-11-16 17:59:33,2024-11-16 17:24:41,Delivered,USR-005,False
REQ-00566,2024-11-17 11:26:36,USR-042,Ad hoc Analysis,Ad hoc,P3,72,2024-11-20 11:26:36,2024-11-25 11:15:23,Delivered,USR-003,False
REQ-00567,2024-11-17 16:34:07,USR-001,Daily Sales Flash,Standing - Daily,P1,4,2024-11-17 20:34:07,2024-11-17 18:19:45,Delivered,USR-005,False
REQ-00568,2024-11-18 11:33:33,USR-007,Target vs Achievement,Standing - Monthly,P2,24,2024-11-19 11:33:33,2024-11-18 20:47:39,Delivered,USR-003,True
REQ-00569,2024-11-18 12:05:46,USR-198,Ad hoc Analysis,Ad hoc,P3,72,2024-11-21 12:05:46,2024-11-20 17:08:27,Delivered,USR-005,False
REQ-00570,2024-11-18 13:29:24,USR-075,Daily Sales Flash,Standing - Daily,P1,4,2024-11-18 17:29:24,,Cancelled,USR-005,False
REQ-00571,2024-11-19 15:11:31,USR-132,Incentive Calculation,Standing - Monthly,P1,4,2024-11-19 19:11:31,2024-11-19 17:26:41,Delivered,USR-003,False
REQ-00572,2024-11-20 10:07:05,USR-076,Incentive Calculation,Standing - Monthly,P1,4,2024-11-20 14:07:05,,Cancelled,USR-005,False
REQ-00573,2024-11-21 12:50:45,USR-001,Ad hoc Analysis,Ad hoc,P3,72,2024-11-24 12:50:45,2024-11-22 06:12:08,Delivered,USR-003,False
REQ-00574,2024-11-21 17:26:54,USR-199,Ad hoc Analysis,Ad hoc,P3,72,2024-11-24 17:26:54,2024-11-23 09:19:35,Delivered,USR-003,True
REQ-00575,2024-11-21 17:50:30,USR-200,Weekly Pipeline Review,Standing - Weekly,P2,24,2024-11-22 17:50:30,2024-11-22 06:14:27,Delivered,USR-003,False
REQ-00576,2024-11-22 11:33:47,USR-161,Daily Sales Flash,Standing - Daily,P1,4,2024-11-22 15:33:47,2024-11-22 14:08:18,Delivered,USR-003,False
REQ-00577,2024-11-24 13:03:07,USR-041,Lead Source ROI,Ad hoc,P1,4,2024-11-24 17:03:07,2024-11-24 15:26:09,Delivered,USR-003,False
REQ-00578,2024-11-25 13:56:11,USR-104,Daily Sales Flash,Standing - Daily,P1,4,2024-11-25 17:56:11,2024-11-25 15:41:36,Delivered,USR-003,False
REQ-00579,2024-11-26 13:36:51,USR-104,Lead Source ROI,Ad hoc,P3,72,2024-11-29 13:36:51,2024-11-28 17:14:55,Delivered,USR-005,False
REQ-00580,2024-11-28 11:07:56,USR-199,Ad hoc Analysis,Ad hoc,P1,4,2024-11-28 15:07:56,2024-11-28 12:24:36,Delivered,USR-003,False
REQ-00581,2024-11-28 14:50:24,USR-105,Ad hoc Analysis,Ad hoc,P3,72,2024-12-01 14:50:24,2024-11-29 07:46:17,Delivered,USR-005,False
REQ-00582,2024-11-29 12:02:11,USR-162,Weekly Pipeline Review,Standing - Weekly,P2,24,2024-11-30 12:02:11,2024-11-29 17:02:24,Delivered,USR-005,False
REQ-00583,2024-11-30 10:40:12,USR-043,Daily Sales Flash,Standing - Daily,P1,4,2024-11-30 14:40:12,2024-11-30 15:51:02,Delivered,USR-003,False
REQ-00584,2024-12-01 11:49:06,USR-162,Data Correction,Ad hoc,P2,24,2024-12-02 11:49:06,2024-12-03 03:53:15,Delivered,USR-003,False
REQ-00585,2024-12-01 12:24:34,USR-007,Lead Source ROI,Ad hoc,P3,72,2024-12-04 12:24:34,2024-12-04 14:14:38,Delivered,USR-005,False
REQ-00586,2024-12-01 12:43:28,USR-076,Lead Source ROI,Ad hoc,P3,72,2024-12-04 12:43:28,2024-12-07 16:13:55,Delivered,USR-003,False
REQ-00587,2024-12-01 13:27:06,OEM Regional Office,OEM Submission,Standing - Monthly,P1,4,2024-12-01 17:27:06,2024-12-01 16:32:42,Delivered,USR-003,False
REQ-00588,2024-12-01 13:28:40,USR-131,Data Correction,Ad hoc,P2,24,2024-12-02 13:28:40,,Cancelled,USR-005,False
REQ-00589,2024-12-04 16:12:53,USR-132,Ad hoc Analysis,Ad hoc,P3,72,2024-12-07 16:12:53,2024-12-06 22:40:25,Delivered,USR-005,False
REQ-00590,2024-12-05 14:06:59,USR-105,Lead Source ROI,Ad hoc,P3,72,2024-12-08 14:06:59,2024-12-06 20:05:01,Delivered,USR-003,False
REQ-00591,2024-12-05 16:59:19,USR-007,Ad hoc Analysis,Ad hoc,P3,72,2024-12-08 16:59:19,2024-12-08 17:50:04,Delivered,USR-003,False
REQ-00592,2024-12-06 11:33:18,USR-199,Ad hoc Analysis,Ad hoc,P1,4,2024-12-06 15:33:18,2024-12-06 12:32:18,Delivered,USR-005,False
REQ-00593,2024-12-07 15:25:25,USR-043,Ad hoc Analysis,Ad hoc,P3,72,2024-12-10 15:25:25,2024-12-08 22:01:17,Delivered,USR-005,False
REQ-00594,2024-12-07 17:57:18,USR-042,Target vs Achievement,Standing - Monthly,P2,24,2024-12-08 17:57:18,2024-12-08 19:09:29,Delivered,USR-003,False
REQ-00595,2024-12-08 17:03:53,OEM Regional Office,OEM Submission,Standing - Monthly,P1,4,2024-12-08 21:03:53,2024-12-08 19:45:41,Delivered,USR-005,False
REQ-00596,2024-12-09 13:51:25,USR-161,Daily Sales Flash,Standing - Daily,P1,4,2024-12-09 17:51:25,2024-12-09 18:35:55,Delivered,USR-003,False
REQ-00597,2024-12-09 15:39:44,USR-178,Data Correction,Ad hoc,P2,24,2024-12-10 15:39:44,2024-12-09 22:52:10,Delivered,USR-003,False
REQ-00598,2024-12-09 18:13:49,USR-076,Incentive Calculation,Standing - Monthly,P1,4,2024-12-09 22:13:49,2024-12-09 19:14:30,Delivered,USR-003,False
REQ-00599,2024-12-10 10:56:26,USR-200,Daily Sales Flash,Standing - Daily,P1,4,2024-12-10 14:56:26,2024-12-10 13:57:57,Delivered,USR-003,False
REQ-00600,2024-12-11 11:39:17,USR-198,Data Correction,Ad hoc,P2,24,2024-12-12 11:39:17,2024-12-11 21:46:13,Delivered,USR-005,False
REQ-00601,2024-12-12 14:11:07,USR-007,Ad hoc Analysis,Ad hoc,P1,4,2024-12-12 18:11:07,2024-12-12 16:04:45,Delivered,USR-005,False
REQ-00602,2024-12-12 15:33:28,USR-161,Target vs Achievement,Standing - Monthly,P2,24,2024-12-13 15:33:28,2024-12-13 03:20:11,Delivered,USR-003,False
REQ-00603,2024-12-12 15:45:14,USR-162,Ad hoc Analysis,Ad hoc,P3,72,2024-12-15 15:45:14,2024-12-14 06:14:23,Delivered,USR-003,False
REQ-00604,2024-12-13 15:35:52,USR-131,Daily Sales Flash,Standing - Daily,P1,4,2024-12-13 19:35:52,2024-12-13 20:24:17,Delivered,USR-003,False
REQ-00605,2024-12-16 15:06:04,USR-001,Ad hoc Analysis,Ad hoc,P3,72,2024-12-19 15:06:04,2024-12-18 15:21:00,Delivered,USR-003,False
REQ-00606,2024-12-19 12:07:00,USR-198,Data Correction,Ad hoc,P2,24,2024-12-20 12:07:00,2024-12-20 06:58:29,Delivered,USR-003,False
REQ-00607,2024-12-20 11:23:57,USR-200,Incentive Calculation,Standing - Monthly,P1,4,2024-12-20 15:23:57,2024-12-20 13:47:10,Delivered,USR-005,False
REQ-00608,2024-12-20 12:21:12,USR-043,Ad hoc Analysis,Ad hoc,P3,72,2024-12-23 12:21:12,2024-12-21 21:26:09,Delivered,USR-003,False
REQ-00609,2024-12-20 13:50:36,USR-042,Lead Source ROI,Ad hoc,P3,72,2024-12-23 13:50:36,2024-12-21 19:11:14,Delivered,USR-003,False
REQ-00610,2024-12-22 13:02:23,OEM Regional Office,OEM Submission,Standing - Monthly,P1,4,2024-12-22 17:02:23,2024-12-22 14:08:58,Delivered,USR-005,False
REQ-00611,2024-12-22 15:08:58,USR-043,Daily Sales Flash,Standing - Daily,P1,4,2024-12-22 19:08:58,2024-12-22 16:22:04,Delivered,USR-005,False
REQ-00612,2024-12-22 16:40:11,USR-042,Weekly Pipeline Review,Standing - Weekly,P2,24,2024-12-23 16:40:11,2024-12-23 15:02:10,Delivered,USR-003,False
REQ-00613,2024-12-23 13:07:33,USR-196,Daily Sales Flash,Standing - Daily,P1,4,2024-12-23 17:07:33,2024-12-23 15:59:44,Delivered,USR-005,False
REQ-00614,2024-12-24 11:05:16,USR-042,Daily Sales Flash,Standing - Daily,P1,4,2024-12-24 15:05:16,2024-12-24 12:17:47,Delivered,USR-003,False
REQ-00615,2024-12-24 11:44:22,USR-042,Lead Source ROI,Ad hoc,P1,4,2024-12-24 15:44:22,2024-12-24 16:03:45,Delivered,USR-005,False
REQ-00616,2024-12-24 12:08:19,USR-131,Board / Owner Review Pack,Ad hoc,P1,4,2024-12-24 16:08:19,2024-12-24 15:25:30,Delivered,USR-005,False
REQ-00617,2024-12-24 14:28:29,USR-007,Ad hoc Analysis,Ad hoc,P3,72,2024-12-27 14:28:29,2024-12-27 16:29:22,Delivered,USR-003,False
REQ-00618,2024-12-24 17:00:32,USR-075,Target vs Achievement,Standing - Monthly,P2,24,2024-12-25 17:00:32,2024-12-25 03:12:09,Delivered,USR-003,False
REQ-00619,2024-12-26 09:31:10,USR-043,Lead Source ROI,Ad hoc,P3,72,2024-12-29 09:31:10,2024-12-29 02:55:51,Delivered,USR-003,False
REQ-00620,2024-12-26 11:53:42,USR-131,Daily Sales Flash,Standing - Daily,P1,4,2024-12-26 15:53:42,2024-12-26 13:08:30,Delivered,USR-005,False
REQ-00621,2024-12-26 12:52:59,OEM Regional Office,OEM Submission,Standing - Monthly,P1,4,2024-12-26 16:52:59,2024-12-26 17:34:03,Delivered,USR-003,False
REQ-00622,2024-12-27 13:16:12,USR-131,Ad hoc Analysis,Ad hoc,P3,72,2024-12-30 13:16:12,2024-12-29 05:15:14,Delivered,USR-005,False
REQ-00623,2024-12-29 09:43:28,USR-042,Ad hoc Analysis,Ad hoc,P3,72,2025-01-01 09:43:28,2024-12-30 01:11:48,Delivered,USR-003,False
REQ-00624,2024-12-29 09:46:18,USR-199,Data Correction,Ad hoc,P2,24,2024-12-30 09:46:18,,Cancelled,USR-005,False
REQ-00625,2024-12-29 13:20:17,USR-105,Daily Sales Flash,Standing - Daily,P1,4,2024-12-29 17:20:17,2024-12-29 15:01:28,Delivered,USR-003,False
REQ-00626,2024-12-29 14:57:13,USR-007,Board / Owner Review Pack,Ad hoc,P1,4,2024-12-29 18:57:13,2024-12-29 16:05:17,Delivered,USR-003,False
REQ-00627,2024-12-31 16:52:37,USR-105,Data Correction,Ad hoc,P2,24,2025-01-01 16:52:37,2025-01-01 12:43:10,Delivered,USR-005,False
REQ-00628,2025-01-01 12:04:03,USR-200,Ad hoc Analysis,Ad hoc,P3,72,2025-01-04 12:04:03,2025-01-03 07:25:37,Delivered,USR-005,False
REQ-00629,2025-01-01 12:07:38,USR-162,Daily Sales Flash,Standing - Daily,P1,4,2025-01-01 16:07:38,2025-01-01 18:28:46,Delivered,USR-005,False
REQ-00630,2025-01-01 13:23:03,USR-105,Data Correction,Ad hoc,P2,24,2025-01-02 13:23:03,,Cancelled,USR-003,False
REQ-00631,2025-01-02 11:21:27,USR-043,Daily Sales Flash,Standing - Daily,P1,4,2025-01-02 15:21:27,2025-01-02 13:18:51,Delivered,USR-003,False
REQ-00632,2025-01-02 16:37:54,USR-043,Daily Sales Flash,Standing - Daily,P1,4,2025-01-02 20:37:54,2025-01-02 18:48:07,Delivered,USR-003,False
REQ-00633,2025-01-03 14:59:40,USR-105,Lead Source ROI,Ad hoc,P3,72,2025-01-06 14:59:40,2025-01-05 13:01:12,Delivered,USR-005,False
REQ-00634,2025-01-05 09:47:45,USR-001,Board / Owner Review Pack,Ad hoc,P1,4,2025-01-05 13:47:45,2025-01-05 10:25:03,Delivered,USR-005,False
REQ-00635,2025-01-05 10:18:56,USR-197,Incentive Calculation,Standing - Monthly,P1,4,2025-01-05 14:18:56,2025-01-05 12:56:04,Delivered,USR-003,False
REQ-00636,2025-01-05 15:31:06,USR-162,Target vs Achievement,Standing - Monthly,P2,24,2025-01-06 15:31:06,2025-01-05 20:15:13,Delivered,USR-003,False
REQ-00637,2025-01-06 16:09:14,USR-075,Incentive Calculation,Standing - Monthly,P1,4,2025-01-06 20:09:14,2025-01-06 19:49:19,Delivered,USR-003,False
REQ-00638,2025-01-06 17:52:46,USR-196,Weekly Pipeline Review,Standing - Weekly,P2,24,2025-01-07 17:52:46,2025-01-07 01:43:25,Delivered,USR-005,False
REQ-00639,2025-01-07 10:00:51,USR-197,Data Correction,Ad hoc,P2,24,2025-01-08 10:00:51,2025-01-07 23:42:59,Delivered,USR-003,True
REQ-00640,2025-01-07 10:45:32,USR-043,Ad hoc Analysis,Ad hoc,P3,72,2025-01-10 10:45:32,2025-01-09 21:13:38,Delivered,USR-005,False
REQ-00641,2025-01-07 10:58:13,USR-199,Daily Sales Flash,Standing - Daily,P1,4,2025-01-07 14:58:13,2025-01-07 12:27:48,Delivered,USR-003,False
REQ-00642,2025-01-07 10:59:48,USR-001,Weekly Pipeline Review,Standing - Weekly,P2,24,2025-01-08 10:59:48,2025-01-08 04:10:37,Delivered,USR-003,True
REQ-00643,2025-01-07 13:26:08,USR-162,Daily Sales Flash,Standing - Daily,P1,4,2025-01-07 17:26:08,2025-01-07 17:56:38,Delivered,USR-003,False
REQ-00644,2025-01-07 16:52:40,USR-007,Board / Owner Review Pack,Ad hoc,P1,4,2025-01-07 20:52:40,2025-01-07 19:54:11,Delivered,USR-003,False
REQ-00645,2025-01-07 17:18:05,USR-042,Data Correction,Ad hoc,P1,4,2025-01-07 21:18:05,2025-01-07 18:05:25,Delivered,USR-003,False
REQ-00646,2025-01-08 10:19:10,USR-162,Board / Owner Review Pack,Ad hoc,P1,4,2025-01-08 14:19:10,2025-01-08 12:12:51,Delivered,USR-003,False
REQ-00647,2025-01-08 13:29:13,USR-006,Ad hoc Analysis,Ad hoc,P3,72,2025-01-11 13:29:13,2025-01-09 01:24:05,Delivered,USR-005,False
REQ-00648,2025-01-09 12:11:33,USR-199,Lead Source ROI,Ad hoc,P3,72,2025-01-12 12:11:33,2025-01-10 11:32:26,Delivered,USR-003,False
REQ-00649,2025-01-11 14:28:51,USR-042,Daily Sales Flash,Standing - Daily,P1,4,2025-01-11 18:28:51,2025-01-11 17:27:30,Delivered,USR-003,True
REQ-00650,2025-01-11 15:56:00,USR-161,Data Correction,Ad hoc,P1,4,2025-01-11 19:56:00,2025-01-11 17:11:41,Delivered,USR-003,False
REQ-00651,2025-01-11 16:13:42,OEM Regional Office,OEM Submission,Standing - Monthly,P1,4,2025-01-11 20:13:42,2025-01-11 17:20:28,Delivered,USR-003,False
REQ-00652,2025-01-12 16:09:15,USR-196,Ad hoc Analysis,Ad hoc,P3,72,2025-01-15 16:09:15,2025-01-13 07:53:01,Delivered,USR-005,False
REQ-00653,2025-01-12 16:55:14,USR-075,Daily Sales Flash,Standing - Daily,P1,4,2025-01-12 20:55:14,2025-01-12 20:05:47,Delivered,USR-003,False
REQ-00654,2025-01-15 16:57:15,USR-198,Daily Sales Flash,Standing - Daily,P1,4,2025-01-15 20:57:15,2025-01-15 18:41:55,Delivered,USR-005,False
REQ-00655,2025-01-16 12:37:23,USR-076,Weekly Pipeline Review,Standing - Weekly,P2,24,2025-01-17 12:37:23,2025-01-16 17:39:18,Delivered,USR-005,False
REQ-00656,2025-01-16 16:00:12,USR-178,Weekly Pipeline Review,Standing - Weekly,P2,24,2025-01-17 16:00:12,2025-01-17 07:53:15,Delivered,USR-005,False
REQ-00657,2025-01-17 15:48:03,USR-198,Weekly Pipeline Review,Standing - Weekly,P2,24,2025-01-18 15:48:03,2025-01-18 10:10:52,Delivered,USR-005,False
REQ-00658,2025-01-18 10:50:46,USR-131,Ad hoc Analysis,Ad hoc,P3,72,2025-01-21 10:50:46,2025-01-19 13:09:10,Delivered,USR-005,False
REQ-00659,2025-01-18 13:44:28,USR-178,Daily Sales Flash,Standing - Daily,P1,4,2025-01-18 17:44:28,2025-01-18 16:39:57,Delivered,USR-003,True
REQ-00660,2025-01-18 15:05:46,USR-196,Weekly Pipeline Review,Standing - Weekly,P2,24,2025-01-19 15:05:46,2025-01-19 05:00:55,Delivered,USR-003,False
REQ-00661,2025-01-18 17:08:24,USR-006,Daily Sales Flash,Standing - Daily,P1,4,2025-01-18 21:08:24,2025-01-18 19:56:24,Delivered,USR-005,False
REQ-00662,2025-01-19 12:18:11,USR-161,Incentive Calculation,Standing - Monthly,P1,4,2025-01-19 16:18:11,2025-01-19 14:55:36,Delivered,USR-005,False
REQ-00663,2025-01-19 13:14:54,USR-104,Weekly Pipeline Review,Standing - Weekly,P2,24,2025-01-20 13:14:54,2025-01-19 22:28:54,Delivered,USR-005,False
REQ-00664,2025-01-19 13:33:10,USR-001,Data Correction,Ad hoc,P2,24,2025-01-20 13:33:10,2025-01-20 09:46:34,Delivered,USR-003,False
REQ-00665,2025-01-19 14:40:12,USR-132,Target vs Achievement,Standing - Monthly,P2,24,2025-01-20 14:40:12,2025-01-20 03:07:07,Delivered,USR-005,True
REQ-00666,2025-01-19 15:25:59,USR-162,Data Correction,Ad hoc,P2,24,2025-01-20 15:25:59,2025-01-20 09:28:07,Delivered,USR-005,False
REQ-00667,2025-01-19 16:30:21,USR-161,Target vs Achievement,Standing - Monthly,P2,24,2025-01-20 16:30:21,2025-01-20 04:03:43,Delivered,USR-005,False
REQ-00668,2025-01-20 11:31:50,USR-042,Incentive Calculation,Standing - Monthly,P1,4,2025-01-20 15:31:50,2025-01-20 12:42:35,Delivered,USR-003,False
REQ-00669,2025-01-20 16:03:45,USR-001,Ad hoc Analysis,Ad hoc,P3,72,2025-01-23 16:03:45,2025-01-21 21:26:19,Delivered,USR-003,False
REQ-00670,2025-01-20 16:43:57,USR-178,Weekly Pipeline Review,Standing - Weekly,P2,24,2025-01-21 16:43:57,2025-01-21 01:09:55,Delivered,USR-003,False
REQ-00671,2025-01-21 14:54:08,USR-161,Ad hoc Analysis,Ad hoc,P3,72,2025-01-24 14:54:08,2025-01-24 12:40:08,Delivered,USR-005,False
REQ-00672,2025-01-21 15:15:42,USR-200,Weekly Pipeline Review,Standing - Weekly,P2,24,2025-01-22 15:15:42,2025-01-21 23:02:34,Delivered,USR-003,False
REQ-00673,2025-01-22 18:09:46,USR-104,Incentive Calculation,Standing - Monthly,P1,4,2025-01-22 22:09:46,2025-01-22 20:07:09,Delivered,USR-005,False
REQ-00674,2025-01-23 10:02:13,USR-075,Data Correction,Ad hoc,P2,24,2025-01-24 10:02:13,2025-01-23 23:41:08,Delivered,USR-003,False
REQ-00675,2025-01-23 10:50:47,OEM Regional Office,OEM Submission,Standing - Monthly,P1,4,2025-01-23 14:50:47,2025-01-23 12:41:47,Delivered,USR-005,False
REQ-00676,2025-01-23 15:45:05,USR-075,Target vs Achievement,Standing - Monthly,P2,24,2025-01-24 15:45:05,2025-01-24 04:14:22,Delivered,USR-005,False
REQ-00677,2025-01-26 15:52:40,USR-132,Ad hoc Analysis,Ad hoc,P3,72,2025-01-29 15:52:40,2025-01-28 22:21:06,Delivered,USR-003,False
REQ-00678,2025-01-27 11:17:38,USR-197,Ad hoc Analysis,Ad hoc,P3,72,2025-01-30 11:17:38,2025-01-28 05:32:18,Delivered,USR-003,False
REQ-00679,2025-01-27 15:12:27,USR-105,Target vs Achievement,Standing - Monthly,P2,24,2025-01-28 15:12:27,2025-01-27 21:57:47,Delivered,USR-005,False
REQ-00680,2025-01-29 13:08:04,USR-104,Weekly Pipeline Review,Standing - Weekly,P2,24,2025-01-30 13:08:04,2025-01-30 06:42:13,Delivered,USR-003,False
REQ-00681,2025-01-29 15:23:58,USR-178,Data Correction,Ad hoc,P2,24,2025-01-30 15:23:58,2025-01-29 19:07:45,Delivered,USR-003,False
REQ-00682,2025-01-30 10:25:54,USR-197,Weekly Pipeline Review,Standing - Weekly,P2,24,2025-01-31 10:25:54,2025-01-30 22:52:13,Delivered,USR-003,False
REQ-00683,2025-01-30 15:42:43,USR-131,Board / Owner Review Pack,Ad hoc,P1,4,2025-01-30 19:42:43,2025-01-30 18:42:04,Delivered,USR-003,False
REQ-00684,2025-01-30 17:13:35,USR-001,Target vs Achievement,Standing - Monthly,P2,24,2025-01-31 17:13:35,2025-01-31 16:12:25,Delivered,USR-003,False
REQ-00685,2025-01-31 12:41:33,USR-041,Target vs Achievement,Standing - Monthly,P2,24,2025-02-01 12:41:33,,Cancelled,USR-005,False
REQ-00686,2025-01-31 17:49:16,OEM Regional Office,OEM Submission,Standing - Monthly,P1,4,2025-01-31 21:49:16,2025-01-31 20:49:37,Delivered,USR-003,False
REQ-00687,2025-02-02 15:05:34,USR-199,Ad hoc Analysis,Ad hoc,P1,4,2025-02-02 19:05:34,2025-02-02 16:18:00,Delivered,USR-005,False
REQ-00688,2025-02-04 10:37:59,USR-104,Data Correction,Ad hoc,P2,24,2025-02-05 10:37:59,2025-02-04 23:32:49,Delivered,USR-003,True
REQ-00689,2025-02-04 17:31:04,USR-131,Weekly Pipeline Review,Standing - Weekly,P2,24,2025-02-05 17:31:04,2025-02-05 13:13:03,Delivered,USR-005,False
REQ-00690,2025-02-05 10:26:07,USR-198,Daily Sales Flash,Standing - Daily,P1,4,2025-02-05 14:26:07,2025-02-05 16:00:11,Delivered,USR-005,False
REQ-00691,2025-02-07 18:13:08,USR-042,Daily Sales Flash,Standing - Daily,P1,4,2025-02-07 22:13:08,2025-02-07 22:46:26,Delivered,USR-005,False
REQ-00692,2025-02-08 15:59:50,USR-199,Daily Sales Flash,Standing - Daily,P1,4,2025-02-08 19:59:50,2025-02-08 18:24:01,Delivered,USR-003,False
REQ-00693,2025-02-08 17:56:47,USR-042,Target vs Achievement,Standing - Monthly,P2,24,2025-02-09 17:56:47,2025-02-09 00:38:01,Delivered,USR-003,True
REQ-00694,2025-02-09 11:17:05,USR-075,Lead Source ROI,Ad hoc,P3,72,2025-02-12 11:17:05,2025-02-13 03:10:08,Delivered,USR-003,False
REQ-00695,2025-02-09 15:20:14,USR-006,Weekly Pipeline Review,Standing - Weekly,P2,24,2025-02-10 15:20:14,2025-02-10 01:20:00,Delivered,USR-005,True
REQ-00696,2025-02-11 13:33:13,USR-105,Ad hoc Analysis,Ad hoc,P1,4,2025-02-11 17:33:13,2025-02-11 15:55:47,Delivered,USR-003,False
REQ-00697,2025-02-11 18:00:40,USR-076,Data Correction,Ad hoc,P2,24,2025-02-12 18:00:40,2025-02-12 04:26:48,Delivered,USR-005,False
REQ-00698,2025-02-12 16:23:25,USR-001,Lead Source ROI,Ad hoc,P1,4,2025-02-12 20:23:25,,Cancelled,USR-005,False
REQ-00699,2025-02-12 17:10:25,USR-199,Data Correction,Ad hoc,P2,24,2025-02-13 17:10:25,2025-02-13 05:38:32,Delivered,USR-003,False
REQ-00700,2025-02-13 13:33:24,USR-199,Lead Source ROI,Ad hoc,P3,72,2025-02-16 13:33:24,2025-02-14 11:08:01,Delivered,USR-003,False
REQ-00701,2025-02-13 15:27:10,USR-196,Data Correction,Ad hoc,P1,4,2025-02-13 19:27:10,2025-02-13 17:05:47,Delivered,USR-003,False
REQ-00702,2025-02-13 16:22:17,USR-198,Incentive Calculation,Standing - Monthly,P1,4,2025-02-13 20:22:17,2025-02-13 18:15:04,Delivered,USR-005,False
REQ-00703,2025-02-13 16:54:34,USR-041,Data Correction,Ad hoc,P2,24,2025-02-14 16:54:34,2025-02-14 04:07:43,Delivered,USR-003,False
REQ-00704,2025-02-14 11:54:24,USR-043,Daily Sales Flash,Standing - Daily,P1,4,2025-02-14 15:54:24,2025-02-14 13:40:45,Delivered,USR-003,False
REQ-00705,2025-02-15 18:20:41,USR-043,Daily Sales Flash,Standing - Daily,P1,4,2025-02-15 22:20:41,2025-02-15 20:42:58,Delivered,USR-003,False
REQ-00706,2025-02-17 09:38:08,USR-001,Target vs Achievement,Standing - Monthly,P2,24,2025-02-18 09:38:08,2025-02-18 02:15:05,Delivered,USR-005,False
REQ-00707,2025-02-17 12:52:19,USR-131,Ad hoc Analysis,Ad hoc,P3,72,2025-02-20 12:52:19,2025-02-18 19:30:10,Delivered,USR-003,False
REQ-00708,2025-02-17 14:33:38,USR-196,Daily Sales Flash,Standing - Daily,P1,4,2025-02-17 18:33:38,2025-02-17 18:15:45,Delivered,USR-005,False
REQ-00709,2025-02-17 17:06:00,USR-198,Weekly Pipeline Review,Standing - Weekly,P2,24,2025-02-18 17:06:00,2025-02-19 08:23:26,Delivered,USR-005,False
REQ-00710,2025-02-18 10:02:14,USR-104,Ad hoc Analysis,Ad hoc,P3,72,2025-02-21 10:02:14,2025-02-19 10:01:28,Delivered,USR-003,False
REQ-00711,2025-02-18 12:28:41,USR-076,Target vs Achievement,Standing - Monthly,P2,24,2025-02-19 12:28:41,2025-02-18 17:53:02,Delivered,USR-005,False
REQ-00712,2025-02-18 12:37:40,USR-076,Weekly Pipeline Review,Standing - Weekly,P2,24,2025-02-19 12:37:40,2025-02-19 01:43:50,Delivered,USR-005,False
REQ-00713,2025-02-18 15:32:26,USR-162,Daily Sales Flash,Standing - Daily,P1,4,2025-02-18 19:32:26,2025-02-18 18:24:56,Delivered,USR-003,True
REQ-00714,2025-02-19 12:04:40,OEM Regional Office,OEM Submission,Standing - Monthly,P1,4,2025-02-19 16:04:40,2025-02-19 14:41:05,Delivered,USR-005,False
REQ-00715,2025-02-19 16:49:19,OEM Regional Office,OEM Submission,Standing - Monthly,P1,4,2025-02-19 20:49:19,2025-02-19 17:59:29,Delivered,USR-003,False
REQ-00716,2025-02-19 17:22:31,USR-197,Lead Source ROI,Ad hoc,P1,4,2025-02-19 21:22:31,2025-02-19 19:07:50,Delivered,USR-005,False
REQ-00717,2025-02-20 16:48:26,OEM Regional Office,OEM Submission,Standing - Monthly,P1,4,2025-02-20 20:48:26,2025-02-20 20:05:57,Delivered,USR-003,False
REQ-00718,2025-02-21 16:25:32,USR-198,Ad hoc Analysis,Ad hoc,P3,72,2025-02-24 16:25:32,2025-02-23 11:21:13,Delivered,USR-003,False
REQ-00719,2025-02-21 17:20:15,USR-198,Incentive Calculation,Standing - Monthly,P1,4,2025-02-21 21:20:15,2025-02-21 18:21:34,Delivered,USR-003,False
REQ-00720,2025-02-22 10:29:43,USR-178,Daily Sales Flash,Standing - Daily,P1,4,2025-02-22 14:29:43,2025-02-22 11:44:21,Delivered,USR-005,False
REQ-00721,2025-02-23 12:16:44,USR-043,Incentive Calculation,Standing - Monthly,P1,4,2025-02-23 16:16:44,2025-02-23 13:01:34,Delivered,USR-003,False
REQ-00722,2025-02-25 10:57:42,USR-198,Incentive Calculation,Standing - Monthly,P1,4,2025-02-25 14:57:42,2025-02-25 16:13:24,Delivered,USR-003,True
REQ-00723,2025-02-25 16:50:21,OEM Regional Office,OEM Submission,Standing - Monthly,P1,4,2025-02-25 20:50:21,2025-02-25 21:02:08,Delivered,USR-003,False
REQ-00724,2025-02-25 17:37:00,USR-198,Incentive Calculation,Standing - Monthly,P1,4,2025-02-25 21:37:00,2025-02-25 20:27:31,Delivered,USR-003,False
REQ-00725,2025-02-26 10:09:16,USR-178,Ad hoc Analysis,Ad hoc,P3,72,2025-03-01 10:09:16,2025-02-27 14:57:12,Delivered,USR-003,False
REQ-00726,2025-02-26 10:16:19,USR-196,Weekly Pipeline Review,Standing - Weekly,P2,24,2025-02-27 10:16:19,2025-02-27 07:24:20,Delivered,USR-005,False
REQ-00727,2025-02-26 13:14:18,USR-041,Daily Sales Flash,Standing - Daily,P1,4,2025-02-26 17:14:18,2025-02-26 18:18:21,Delivered,USR-005,False
REQ-00728,2025-02-26 15:41:14,USR-043,Incentive Calculation,Standing - Monthly,P1,4,2025-02-26 19:41:14,2025-02-27 00:19:39,Delivered,USR-003,False
REQ-00729,2025-02-27 10:52:54,USR-006,Target vs Achievement,Standing - Monthly,P2,24,2025-02-28 10:52:54,2025-02-28 07:02:39,Delivered,USR-003,False
REQ-00730,2025-02-27 15:23:43,USR-178,Board / Owner Review Pack,Ad hoc,P1,4,2025-02-27 19:23:43,2025-02-27 18:58:47,Delivered,USR-003,False
REQ-00731,2025-03-01 12:23:17,USR-197,Ad hoc Analysis,Ad hoc,P3,72,2025-03-04 12:23:17,2025-03-03 02:46:35,Delivered,USR-005,True
REQ-00732,2025-03-03 12:09:25,USR-075,Ad hoc Analysis,Ad hoc,P3,72,2025-03-06 12:09:25,2025-03-05 16:44:12,Delivered,USR-003,False
REQ-00733,2025-03-04 10:04:06,USR-007,Board / Owner Review Pack,Ad hoc,P1,4,2025-03-04 14:04:06,2025-03-04 12:22:18,Delivered,USR-005,False
REQ-00734,2025-03-05 16:20:56,USR-199,Incentive Calculation,Standing - Monthly,P1,4,2025-03-05 20:20:56,2025-03-05 20:23:23,Delivered,USR-003,False
REQ-00735,2025-03-06 14:06:51,USR-196,Lead Source ROI,Ad hoc,P3,72,2025-03-09 14:06:51,2025-03-07 12:24:35,Delivered,USR-005,False
REQ-00736,2025-03-07 13:30:57,USR-199,Weekly Pipeline Review,Standing - Weekly,P2,24,2025-03-08 13:30:57,2025-03-08 09:38:32,Delivered,USR-003,False
REQ-00737,2025-03-07 18:00:07,USR-075,Weekly Pipeline Review,Standing - Weekly,P2,24,2025-03-08 18:00:07,2025-03-07 21:07:08,Delivered,USR-005,False
REQ-00738,2025-03-08 14:20:47,USR-007,Weekly Pipeline Review,Standing - Weekly,P2,24,2025-03-09 14:20:47,2025-03-09 04:28:46,Delivered,USR-003,False
REQ-00739,2025-03-09 09:49:27,USR-041,Daily Sales Flash,Standing - Daily,P1,4,2025-03-09 13:49:27,2025-03-09 11:51:36,Delivered,USR-003,True
REQ-00740,2025-03-09 11:00:21,USR-006,Ad hoc Analysis,Ad hoc,P3,72,2025-03-12 11:00:21,2025-03-11 11:29:20,Delivered,USR-003,False
REQ-00741,2025-03-09 12:05:16,USR-007,Ad hoc Analysis,Ad hoc,P3,72,2025-03-12 12:05:16,2025-03-11 07:12:27,Delivered,USR-003,False
REQ-00742,2025-03-09 14:21:26,USR-075,Incentive Calculation,Standing - Monthly,P1,4,2025-03-09 18:21:26,2025-03-09 16:22:15,Delivered,USR-005,False
REQ-00743,2025-03-10 14:44:50,USR-196,Board / Owner Review Pack,Ad hoc,P1,4,2025-03-10 18:44:50,2025-03-10 19:00:12,Delivered,USR-005,False
REQ-00744,2025-03-10 17:36:22,OEM Regional Office,OEM Submission,Standing - Monthly,P1,4,2025-03-10 21:36:22,2025-03-10 22:45:25,Delivered,USR-003,False
REQ-00745,2025-03-12 17:20:05,USR-001,Target vs Achievement,Standing - Monthly,P2,24,2025-03-13 17:20:05,2025-03-13 13:51:39,Delivered,USR-003,False
REQ-00746,2025-03-12 18:02:05,USR-042,Ad hoc Analysis,Ad hoc,P3,72,2025-03-15 18:02:05,2025-03-15 23:44:46,Delivered,USR-003,False
REQ-00747,2025-03-14 09:31:26,USR-076,Target vs Achievement,Standing - Monthly,P2,24,2025-03-15 09:31:26,2025-03-14 18:23:22,Delivered,USR-003,False
REQ-00748,2025-03-14 10:15:04,USR-007,Weekly Pipeline Review,Standing - Weekly,P2,24,2025-03-15 10:15:04,2025-03-14 17:20:23,Delivered,USR-003,False
REQ-00749,2025-03-16 13:26:00,USR-198,Data Correction,Ad hoc,P1,4,2025-03-16 17:26:00,2025-03-16 16:29:07,Delivered,USR-005,True
REQ-00750,2025-03-16 14:31:00,USR-196,Data Correction,Ad hoc,P2,24,2025-03-17 14:31:00,2025-03-17 02:12:20,Delivered,USR-005,False
REQ-00751,2025-03-17 12:17:08,USR-043,Weekly Pipeline Review,Standing - Weekly,P2,24,2025-03-18 12:17:08,2025-03-18 15:41:04,Delivered,USR-005,False
REQ-00752,2025-03-17 14:40:45,USR-007,Ad hoc Analysis,Ad hoc,P3,72,2025-03-20 14:40:45,2025-03-18 21:46:08,Delivered,USR-005,False
REQ-00753,2025-03-19 10:28:41,USR-199,Daily Sales Flash,Standing - Daily,P1,4,2025-03-19 14:28:41,2025-03-19 11:28:20,Delivered,USR-003,False
REQ-00754,2025-03-19 13:52:48,OEM Regional Office,OEM Submission,Standing - Monthly,P1,4,2025-03-19 17:52:48,2025-03-19 15:20:27,Delivered,USR-003,False
REQ-00755,2025-03-20 14:37:04,USR-075,Ad hoc Analysis,Ad hoc,P3,72,2025-03-23 14:37:04,2025-03-25 14:28:35,Delivered,USR-005,False
REQ-00756,2025-03-21 11:44:53,USR-161,Weekly Pipeline Review,Standing - Weekly,P2,24,2025-03-22 11:44:53,2025-03-21 19:20:49,Delivered,USR-005,False
REQ-00757,2025-03-21 13:32:24,USR-041,Ad hoc Analysis,Ad hoc,P3,72,2025-03-24 13:32:24,2025-03-22 09:08:27,Delivered,USR-005,False
REQ-00758,2025-03-21 14:58:58,USR-006,Lead Source ROI,Ad hoc,P1,4,2025-03-21 18:58:58,2025-03-21 17:17:09,Delivered,USR-005,False
REQ-00759,2025-03-22 17:26:50,USR-200,Board / Owner Review Pack,Ad hoc,P1,4,2025-03-22 21:26:50,2025-03-22 21:36:38,Delivered,USR-005,False
REQ-00760,2025-03-24 10:12:13,USR-197,Daily Sales Flash,Standing - Daily,P1,4,2025-03-24 14:12:13,2025-03-24 12:36:50,Delivered,USR-005,False
REQ-00761,2025-03-26 11:49:01,USR-198,Ad hoc Analysis,Ad hoc,P3,72,2025-03-29 11:49:01,2025-03-28 05:42:37,Delivered,USR-003,False
REQ-00762,2025-03-27 09:46:25,USR-199,Daily Sales Flash,Standing - Daily,P1,4,2025-03-27 13:46:25,2025-03-27 11:04:53,Delivered,USR-003,False
REQ-00763,2025-03-27 11:59:36,USR-198,Ad hoc Analysis,Ad hoc,P3,72,2025-03-30 11:59:36,2025-04-02 00:44:56,Delivered,USR-003,True
REQ-00764,2025-03-28 11:42:15,USR-196,Weekly Pipeline Review,Standing - Weekly,P2,24,2025-03-29 11:42:15,2025-03-28 14:01:38,Delivered,USR-003,False
REQ-00765,2025-03-29 15:01:25,USR-104,Weekly Pipeline Review,Standing - Weekly,P2,24,2025-03-30 15:01:25,2025-03-30 10:04:28,Delivered,USR-005,False
REQ-00766,2025-03-31 18:29:38,USR-041,Board / Owner Review Pack,Ad hoc,P1,4,2025-03-31 22:29:38,2025-03-31 20:13:36,Delivered,USR-005,True
REQ-00767,2025-04-01 09:46:49,USR-076,Data Correction,Ad hoc,P2,24,2025-04-02 09:46:49,2025-04-01 12:16:13,Delivered,USR-003,False
REQ-00768,2025-04-01 10:44:12,USR-007,Lead Source ROI,Ad hoc,P3,72,2025-04-04 10:44:12,2025-04-03 12:13:43,Delivered,USR-005,False
REQ-00769,2025-04-03 09:58:53,USR-001,Daily Sales Flash,Standing - Daily,P1,4,2025-04-03 13:58:53,2025-04-03 10:48:48,Delivered,USR-003,False
REQ-00770,2025-04-03 12:08:41,USR-200,Ad hoc Analysis,Ad hoc,P3,72,2025-04-06 12:08:41,2025-04-04 22:54:28,Delivered,USR-005,False
REQ-00771,2025-04-03 13:21:13,USR-104,Daily Sales Flash,Standing - Daily,P1,4,2025-04-03 17:21:13,2025-04-03 16:16:33,Delivered,USR-005,False
REQ-00772,2025-04-03 13:51:42,USR-178,Daily Sales Flash,Standing - Daily,P1,4,2025-04-03 17:51:42,2025-04-03 14:40:43,Delivered,USR-003,False
REQ-00773,2025-04-04 09:47:28,USR-105,Daily Sales Flash,Standing - Daily,P1,4,2025-04-04 13:47:28,2025-04-04 12:05:43,Delivered,USR-005,False
REQ-00774,2025-04-04 15:12:48,OEM Regional Office,OEM Submission,Standing - Monthly,P1,4,2025-04-04 19:12:48,2025-04-04 18:50:58,Delivered,USR-005,True
REQ-00775,2025-04-05 13:19:42,USR-199,Weekly Pipeline Review,Standing - Weekly,P2,24,2025-04-06 13:19:42,2025-04-05 20:25:36,Delivered,USR-003,False
REQ-00776,2025-04-05 16:20:32,USR-104,Lead Source ROI,Ad hoc,P3,72,2025-04-08 16:20:32,,Cancelled,USR-005,False
REQ-00777,2025-04-06 12:53:16,OEM Regional Office,OEM Submission,Standing - Monthly,P1,4,2025-04-06 16:53:16,2025-04-06 14:26:01,Delivered,USR-005,False
REQ-00778,2025-04-06 16:02:42,USR-198,Daily Sales Flash,Standing - Daily,P1,4,2025-04-06 20:02:42,2025-04-06 19:05:29,Delivered,USR-005,False
REQ-00779,2025-04-08 16:16:39,OEM Regional Office,OEM Submission,Standing - Monthly,P1,4,2025-04-08 20:16:39,2025-04-08 19:23:13,Delivered,USR-003,False
REQ-00780,2025-04-10 11:41:19,USR-178,Incentive Calculation,Standing - Monthly,P1,4,2025-04-10 15:41:19,2025-04-10 22:42:08,Delivered,USR-005,False
REQ-00781,2025-04-10 12:13:23,USR-076,Ad hoc Analysis,Ad hoc,P1,4,2025-04-10 16:13:23,2025-04-10 15:29:39,Delivered,USR-003,False
REQ-00782,2025-04-10 15:57:43,USR-076,Ad hoc Analysis,Ad hoc,P3,72,2025-04-13 15:57:43,2025-04-12 12:34:26,Delivered,USR-005,True
REQ-00783,2025-04-14 14:32:30,USR-042,Board / Owner Review Pack,Ad hoc,P1,4,2025-04-14 18:32:30,2025-04-14 16:37:01,Delivered,USR-005,False
REQ-00784,2025-04-14 16:54:26,USR-075,Daily Sales Flash,Standing - Daily,P1,4,2025-04-14 20:54:26,2025-04-14 19:03:11,Delivered,USR-005,False
REQ-00785,2025-04-14 18:07:08,USR-199,Lead Source ROI,Ad hoc,P1,4,2025-04-14 22:07:08,2025-04-14 22:38:39,Delivered,USR-003,False
REQ-00786,2025-04-15 10:28:52,USR-001,Daily Sales Flash,Standing - Daily,P1,4,2025-04-15 14:28:52,2025-04-15 15:44:18,Delivered,USR-003,False
REQ-00787,2025-04-16 18:16:52,USR-041,Daily Sales Flash,Standing - Daily,P1,4,2025-04-16 22:16:52,2025-04-16 20:02:39,Delivered,USR-005,False
REQ-00788,2025-04-17 10:47:41,USR-076,Weekly Pipeline Review,Standing - Weekly,P2,24,2025-04-18 10:47:41,2025-04-18 03:53:14,Delivered,USR-003,False
REQ-00789,2025-04-17 12:25:19,USR-104,Ad hoc Analysis,Ad hoc,P3,72,2025-04-20 12:25:19,2025-04-19 18:01:58,Delivered,USR-005,False
REQ-00790,2025-04-17 13:58:20,USR-197,Weekly Pipeline Review,Standing - Weekly,P2,24,2025-04-18 13:58:20,2025-04-18 21:07:21,Delivered,USR-003,False
REQ-00791,2025-04-17 17:10:59,USR-104,Daily Sales Flash,Standing - Daily,P1,4,2025-04-17 21:10:59,2025-04-17 18:54:44,Delivered,USR-003,False
REQ-00792,2025-04-17 17:38:43,USR-042,Daily Sales Flash,Standing - Daily,P1,4,2025-04-17 21:38:43,2025-04-17 23:02:34,Delivered,USR-005,False
REQ-00793,2025-04-18 15:53:22,USR-197,Daily Sales Flash,Standing - Daily,P1,4,2025-04-18 19:53:22,2025-04-18 20:09:03,Delivered,USR-003,False
REQ-00794,2025-04-19 12:09:38,USR-196,Ad hoc Analysis,Ad hoc,P3,72,2025-04-22 12:09:38,2025-04-23 21:01:14,Delivered,USR-005,False
REQ-00795,2025-04-20 14:10:39,USR-042,Data Correction,Ad hoc,P1,4,2025-04-20 18:10:39,2025-04-20 16:17:20,Delivered,USR-003,False
REQ-00796,2025-04-20 17:05:12,USR-001,Ad hoc Analysis,Ad hoc,P3,72,2025-04-23 17:05:12,2025-04-23 17:26:03,Delivered,USR-003,False
REQ-00797,2025-04-23 11:00:30,USR-198,Daily Sales Flash,Standing - Daily,P1,4,2025-04-23 15:00:30,2025-04-23 11:49:32,Delivered,USR-005,False
REQ-00798,2025-04-24 14:44:07,USR-043,Incentive Calculation,Standing - Monthly,P1,4,2025-04-24 18:44:07,2025-04-24 16:28:17,Delivered,USR-003,False
REQ-00799,2025-04-25 15:24:11,USR-001,Weekly Pipeline Review,Standing - Weekly,P2,24,2025-04-26 15:24:11,2025-04-25 22:59:32,Delivered,USR-005,False
REQ-00800,2025-04-25 18:03:25,USR-178,Incentive Calculation,Standing - Monthly,P1,4,2025-04-25 22:03:25,2025-04-25 21:50:31,Delivered,USR-005,False
REQ-00801,2025-04-26 14:19:55,USR-007,Data Correction,Ad hoc,P2,24,2025-04-27 14:19:55,2025-04-26 21:32:37,Delivered,USR-003,False
REQ-00802,2025-04-26 16:31:52,USR-178,Weekly Pipeline Review,Standing - Weekly,P2,24,2025-04-27 16:31:52,2025-04-26 22:17:59,Delivered,USR-005,False
REQ-00803,2025-04-27 14:00:11,USR-197,Incentive Calculation,Standing - Monthly,P1,4,2025-04-27 18:00:11,2025-04-27 15:52:21,Delivered,USR-005,False
REQ-00804,2025-04-27 14:08:10,USR-104,Weekly Pipeline Review,Standing - Weekly,P2,24,2025-04-28 14:08:10,2025-04-27 21:15:08,Delivered,USR-005,False
REQ-00805,2025-04-27 15:23:18,USR-178,Weekly Pipeline Review,Standing - Weekly,P2,24,2025-04-28 15:23:18,2025-04-27 19:42:24,Delivered,USR-005,False
REQ-00806,2025-04-27 18:09:23,USR-199,Board / Owner Review Pack,Ad hoc,P1,4,2025-04-27 22:09:23,2025-04-27 20:04:05,Delivered,USR-005,False
REQ-00807,2025-04-28 14:30:03,USR-197,Ad hoc Analysis,Ad hoc,P1,4,2025-04-28 18:30:03,2025-04-28 17:10:24,Delivered,USR-003,False
REQ-00808,2025-04-29 17:39:17,USR-075,Data Correction,Ad hoc,P2,24,2025-04-30 17:39:17,2025-04-30 02:05:58,Delivered,USR-003,False
REQ-00809,2025-04-30 15:36:59,USR-197,Daily Sales Flash,Standing - Daily,P1,4,2025-04-30 19:36:59,2025-04-30 18:51:28,Delivered,USR-003,False
REQ-00810,2025-05-01 12:47:25,USR-105,Weekly Pipeline Review,Standing - Weekly,P2,24,2025-05-02 12:47:25,2025-05-01 22:01:43,Delivered,USR-003,True
REQ-00811,2025-05-01 13:14:16,USR-104,Daily Sales Flash,Standing - Daily,P1,4,2025-05-01 17:14:16,2025-05-01 14:20:11,Delivered,USR-003,False
REQ-00812,2025-05-01 13:58:30,USR-197,Ad hoc Analysis,Ad hoc,P3,72,2025-05-04 13:58:30,,Cancelled,USR-005,False
REQ-00813,2025-05-01 16:17:19,USR-006,Ad hoc Analysis,Ad hoc,P3,72,2025-05-04 16:17:19,2025-05-03 09:00:03,Delivered,USR-005,False
REQ-00814,2025-05-01 17:37:51,USR-132,Weekly Pipeline Review,Standing - Weekly,P2,24,2025-05-02 17:37:51,2025-05-02 03:18:21,Delivered,USR-003,False
REQ-00815,2025-05-03 13:37:35,USR-104,Weekly Pipeline Review,Standing - Weekly,P2,24,2025-05-04 13:37:35,2025-05-03 22:33:37,Delivered,USR-003,False
REQ-00816,2025-05-03 16:35:46,USR-075,Ad hoc Analysis,Ad hoc,P1,4,2025-05-03 20:35:46,2025-05-03 18:25:18,Delivered,USR-005,True
REQ-00817,2025-05-03 18:20:41,USR-132,Board / Owner Review Pack,Ad hoc,P1,4,2025-05-03 22:20:41,2025-05-03 19:40:46,Delivered,USR-005,False
REQ-00818,2025-05-04 16:19:42,USR-043,Weekly Pipeline Review,Standing - Weekly,P2,24,2025-05-05 16:19:42,2025-05-05 12:38:01,Delivered,USR-005,False
REQ-00819,2025-05-04 17:13:49,USR-199,Weekly Pipeline Review,Standing - Weekly,P2,24,2025-05-05 17:13:49,2025-05-05 01:30:28,Delivered,USR-005,False
REQ-00820,2025-05-05 17:09:33,USR-041,Ad hoc Analysis,Ad hoc,P3,72,2025-05-08 17:09:33,2025-05-07 03:25:52,Delivered,USR-003,False
REQ-00821,2025-05-06 10:48:35,USR-076,Ad hoc Analysis,Ad hoc,P3,72,2025-05-09 10:48:35,2025-05-08 11:25:04,Delivered,USR-005,False
REQ-00822,2025-05-06 11:28:01,USR-198,Ad hoc Analysis,Ad hoc,P3,72,2025-05-09 11:28:01,2025-05-08 21:10:26,Delivered,USR-003,False
REQ-00823,2025-05-06 11:38:11,USR-162,Weekly Pipeline Review,Standing - Weekly,P2,24,2025-05-07 11:38:11,2025-05-07 07:12:35,Delivered,USR-003,False
REQ-00824,2025-05-06 11:48:00,USR-196,Target vs Achievement,Standing - Monthly,P2,24,2025-05-07 11:48:00,2025-05-07 02:17:32,Delivered,USR-005,False
REQ-00825,2025-05-06 11:49:40,USR-200,Ad hoc Analysis,Ad hoc,P1,4,2025-05-06 15:49:40,2025-05-06 14:08:17,Delivered,USR-005,False
REQ-00826,2025-05-06 17:52:29,USR-042,Ad hoc Analysis,Ad hoc,P3,72,2025-05-09 17:52:29,2025-05-07 13:01:31,Delivered,USR-003,False
REQ-00827,2025-05-07 13:06:36,USR-132,Daily Sales Flash,Standing - Daily,P1,4,2025-05-07 17:06:36,2025-05-07 15:03:27,Delivered,USR-003,True
REQ-00828,2025-05-07 14:19:21,USR-042,Data Correction,Ad hoc,P1,4,2025-05-07 18:19:21,2025-05-07 15:46:07,Delivered,USR-005,False
REQ-00829,2025-05-08 09:56:21,USR-007,Data Correction,Ad hoc,P2,24,2025-05-09 09:56:21,2025-05-08 18:51:14,Delivered,USR-005,False
REQ-00830,2025-05-08 13:04:23,USR-105,Daily Sales Flash,Standing - Daily,P1,4,2025-05-08 17:04:23,2025-05-08 18:19:19,Delivered,USR-005,False
REQ-00831,2025-05-08 16:21:19,USR-076,Ad hoc Analysis,Ad hoc,P3,72,2025-05-11 16:21:19,2025-05-09 21:42:08,Delivered,USR-003,False
REQ-00832,2025-05-08 16:35:54,USR-197,Daily Sales Flash,Standing - Daily,P1,4,2025-05-08 20:35:54,2025-05-08 19:12:12,Delivered,USR-003,False
REQ-00833,2025-05-10 12:28:36,USR-041,Weekly Pipeline Review,Standing - Weekly,P2,24,2025-05-11 12:28:36,2025-05-11 04:02:03,Delivered,USR-003,False
REQ-00834,2025-05-11 12:23:58,USR-043,Target vs Achievement,Standing - Monthly,P2,24,2025-05-12 12:23:58,2025-05-13 16:34:51,Delivered,USR-003,False
REQ-00835,2025-05-12 11:25:43,USR-197,Data Correction,Ad hoc,P2,24,2025-05-13 11:25:43,2025-05-13 10:19:41,Delivered,USR-003,False
REQ-00836,2025-05-12 12:25:40,USR-196,Daily Sales Flash,Standing - Daily,P1,4,2025-05-12 16:25:40,2025-05-12 14:40:41,Delivered,USR-005,False
REQ-00837,2025-05-13 14:43:58,USR-043,Ad hoc Analysis,Ad hoc,P3,72,2025-05-16 14:43:58,2025-05-14 06:28:46,Delivered,USR-003,False
REQ-00838,2025-05-15 11:24:02,USR-006,Target vs Achievement,Standing - Monthly,P2,24,2025-05-16 11:24:02,2025-05-15 16:57:42,Delivered,USR-003,False
REQ-00839,2025-05-15 17:26:55,OEM Regional Office,OEM Submission,Standing - Monthly,P1,4,2025-05-15 21:26:55,2025-05-15 20:22:02,Delivered,USR-005,False
REQ-00840,2025-05-16 14:15:11,USR-198,Weekly Pipeline Review,Standing - Weekly,P2,24,2025-05-17 14:15:11,2025-05-17 02:49:26,Delivered,USR-005,False
REQ-00841,2025-05-16 14:57:17,USR-104,Weekly Pipeline Review,Standing - Weekly,P2,24,2025-05-17 14:57:17,2025-05-17 16:37:35,Delivered,USR-005,False
REQ-00842,2025-05-17 11:49:09,USR-200,Ad hoc Analysis,Ad hoc,P3,72,2025-05-20 11:49:09,2025-05-18 18:55:51,Delivered,USR-005,False
REQ-00843,2025-05-17 14:51:07,USR-007,Lead Source ROI,Ad hoc,P3,72,2025-05-20 14:51:07,2025-05-18 10:43:57,Delivered,USR-005,False
REQ-00844,2025-05-17 16:49:48,USR-001,Board / Owner Review Pack,Ad hoc,P1,4,2025-05-17 20:49:48,2025-05-17 22:57:09,Delivered,USR-005,False
REQ-00845,2025-05-18 12:09:20,USR-200,Target vs Achievement,Standing - Monthly,P2,24,2025-05-19 12:09:20,2025-05-19 00:30:40,Delivered,USR-003,False
REQ-00846,2025-05-22 11:38:36,USR-001,Incentive Calculation,Standing - Monthly,P1,4,2025-05-22 15:38:36,2025-05-22 14:54:28,Delivered,USR-005,False
REQ-00847,2025-05-24 17:45:22,USR-161,Board / Owner Review Pack,Ad hoc,P1,4,2025-05-24 21:45:22,2025-05-24 21:37:41,Delivered,USR-003,False
REQ-00848,2025-05-26 15:39:56,USR-161,Target vs Achievement,Standing - Monthly,P2,24,2025-05-27 15:39:56,2025-05-26 22:43:46,Delivered,USR-003,False
REQ-00849,2025-05-29 10:46:34,USR-178,Weekly Pipeline Review,Standing - Weekly,P2,24,2025-05-30 10:46:34,2025-05-29 20:01:28,Delivered,USR-003,False
REQ-00850,2025-05-29 15:32:48,USR-131,Data Correction,Ad hoc,P2,24,2025-05-30 15:32:48,2025-05-30 01:57:05,Delivered,USR-003,False
REQ-00851,2025-05-30 12:32:00,USR-104,Weekly Pipeline Review,Standing - Weekly,P2,24,2025-05-31 12:32:00,2025-05-31 17:47:24,Delivered,USR-003,False
REQ-00852,2025-05-30 13:58:44,USR-076,Lead Source ROI,Ad hoc,P3,72,2025-06-02 13:58:44,2025-06-02 05:54:20,Delivered,USR-005,True
REQ-00853,2025-05-30 15:57:46,USR-075,Daily Sales Flash,Standing - Daily,P1,4,2025-05-30 19:57:46,2025-05-30 17:57:32,Delivered,USR-003,True
REQ-00854,2025-05-31 14:20:00,USR-075,Daily Sales Flash,Standing - Daily,P1,4,2025-05-31 18:20:00,2025-05-31 16:30:05,Delivered,USR-003,False
REQ-00855,2025-06-02 10:10:55,USR-075,Data Correction,Ad hoc,P2,24,2025-06-03 10:10:55,2025-06-03 12:39:48,Delivered,USR-003,False
REQ-00856,2025-06-02 10:41:17,USR-007,Daily Sales Flash,Standing - Daily,P1,4,2025-06-02 14:41:17,2025-06-02 13:12:01,Delivered,USR-005,False
REQ-00857,2025-06-02 12:40:45,OEM Regional Office,OEM Submission,Standing - Monthly,P1,4,2025-06-02 16:40:45,2025-06-02 14:06:30,Delivered,USR-003,False
REQ-00858,2025-06-02 13:45:16,USR-196,Lead Source ROI,Ad hoc,P1,4,2025-06-02 17:45:16,2025-06-02 15:45:26,Delivered,USR-005,False
REQ-00859,2025-06-02 16:41:23,USR-007,Ad hoc Analysis,Ad hoc,P1,4,2025-06-02 20:41:23,2025-06-02 18:03:41,Delivered,USR-003,False
REQ-00860,2025-06-04 11:41:24,USR-041,Ad hoc Analysis,Ad hoc,P1,4,2025-06-04 15:41:24,2025-06-04 16:09:59,Delivered,USR-003,False
REQ-00861,2025-06-05 14:14:06,USR-076,Weekly Pipeline Review,Standing - Weekly,P2,24,2025-06-06 14:14:06,2025-06-06 00:36:04,Delivered,USR-003,False
REQ-00862,2025-06-05 15:52:52,USR-042,Target vs Achievement,Standing - Monthly,P2,24,2025-06-06 15:52:52,2025-06-06 17:14:39,Delivered,USR-005,False
REQ-00863,2025-06-07 13:45:49,USR-196,Ad hoc Analysis,Ad hoc,P3,72,2025-06-10 13:45:49,2025-06-10 14:08:45,Delivered,USR-005,False
REQ-00864,2025-06-09 12:41:52,USR-196,Data Correction,Ad hoc,P1,4,2025-06-09 16:41:52,2025-06-09 16:49:57,Delivered,USR-005,False
REQ-00865,2025-06-09 14:57:50,USR-043,Data Correction,Ad hoc,P2,24,2025-06-10 14:57:50,2025-06-09 21:35:31,Delivered,USR-003,False
REQ-00866,2025-06-10 13:12:46,USR-075,Weekly Pipeline Review,Standing - Weekly,P2,24,2025-06-11 13:12:46,2025-06-11 03:42:34,Delivered,USR-003,False
REQ-00867,2025-06-11 15:19:59,USR-132,Target vs Achievement,Standing - Monthly,P2,24,2025-06-12 15:19:59,2025-06-11 21:19:40,Delivered,USR-003,False
REQ-00868,2025-06-11 18:04:44,USR-200,Ad hoc Analysis,Ad hoc,P3,72,2025-06-14 18:04:44,2025-06-12 22:40:35,Delivered,USR-005,False
REQ-00869,2025-06-12 14:41:01,USR-043,Data Correction,Ad hoc,P2,24,2025-06-13 14:41:01,2025-06-13 00:02:23,Delivered,USR-005,False
REQ-00870,2025-06-12 17:54:18,USR-200,Data Correction,Ad hoc,P1,4,2025-06-12 21:54:18,2025-06-12 19:15:11,Delivered,USR-003,False
REQ-00871,2025-06-13 13:50:59,USR-196,Incentive Calculation,Standing - Monthly,P1,4,2025-06-13 17:50:59,2025-06-13 16:48:35,Delivered,USR-003,False
REQ-00872,2025-06-13 16:32:47,USR-162,Incentive Calculation,Standing - Monthly,P1,4,2025-06-13 20:32:47,2025-06-13 18:28:29,Delivered,USR-005,False
REQ-00873,2025-06-15 12:13:15,USR-076,Data Correction,Ad hoc,P2,24,2025-06-16 12:13:15,2025-06-16 02:45:39,Delivered,USR-003,False
REQ-00874,2025-06-15 13:20:28,OEM Regional Office,OEM Submission,Standing - Monthly,P1,4,2025-06-15 17:20:28,2025-06-15 18:04:56,Delivered,USR-005,False
REQ-00875,2025-06-15 14:36:53,USR-198,Ad hoc Analysis,Ad hoc,P3,72,2025-06-18 14:36:53,2025-06-17 19:18:47,Delivered,USR-005,False
REQ-00876,2025-06-15 17:17:46,USR-162,Ad hoc Analysis,Ad hoc,P3,72,2025-06-18 17:17:46,2025-06-20 11:40:46,Delivered,USR-003,False
REQ-00877,2025-06-17 11:30:34,USR-200,Ad hoc Analysis,Ad hoc,P3,72,2025-06-20 11:30:34,2025-06-18 07:45:58,Delivered,USR-003,False
REQ-00878,2025-06-17 18:17:49,USR-043,Target vs Achievement,Standing - Monthly,P2,24,2025-06-18 18:17:49,2025-06-18 06:48:48,Delivered,USR-005,False
REQ-00879,2025-06-18 16:33:25,USR-131,Weekly Pipeline Review,Standing - Weekly,P2,24,2025-06-19 16:33:25,2025-06-19 10:15:19,Delivered,USR-003,False
REQ-00880,2025-06-19 13:17:02,OEM Regional Office,OEM Submission,Standing - Monthly,P1,4,2025-06-19 17:17:02,2025-06-19 15:12:38,Delivered,USR-005,False
REQ-00881,2025-06-20 14:06:53,USR-041,Data Correction,Ad hoc,P2,24,2025-06-21 14:06:53,2025-06-20 23:12:43,Delivered,USR-005,False
REQ-00882,2025-06-20 17:58:01,USR-041,Daily Sales Flash,Standing - Daily,P1,4,2025-06-20 21:58:01,,Cancelled,USR-003,False
REQ-00883,2025-06-21 12:26:41,OEM Regional Office,OEM Submission,Standing - Monthly,P1,4,2025-06-21 16:26:41,2025-06-21 15:34:26,Delivered,USR-003,False
REQ-00884,2025-06-22 11:54:23,USR-006,Daily Sales Flash,Standing - Daily,P1,4,2025-06-22 15:54:23,2025-06-22 16:26:17,Delivered,USR-005,False
REQ-00885,2025-06-22 13:24:42,USR-043,Weekly Pipeline Review,Standing - Weekly,P2,24,2025-06-23 13:24:42,2025-06-24 08:47:54,Delivered,USR-005,False
REQ-00886,2025-06-22 15:17:26,USR-104,Weekly Pipeline Review,Standing - Weekly,P2,24,2025-06-23 15:17:26,,Cancelled,USR-005,False
REQ-00887,2025-06-22 18:13:16,USR-196,Board / Owner Review Pack,Ad hoc,P1,4,2025-06-22 22:13:16,2025-06-22 20:12:18,Delivered,USR-003,False
REQ-00888,2025-06-23 10:16:30,USR-105,Data Correction,Ad hoc,P2,24,2025-06-24 10:16:30,2025-06-25 15:38:05,Delivered,USR-003,False
REQ-00889,2025-06-23 11:27:51,USR-132,Weekly Pipeline Review,Standing - Weekly,P2,24,2025-06-24 11:27:51,2025-06-24 04:30:04,Delivered,USR-005,False
REQ-00890,2025-06-23 12:18:06,USR-006,Target vs Achievement,Standing - Monthly,P2,24,2025-06-24 12:18:06,2025-06-23 18:03:43,Delivered,USR-003,True
REQ-00891,2025-06-23 14:44:17,USR-076,Ad hoc Analysis,Ad hoc,P3,72,2025-06-26 14:44:17,2025-06-24 18:09:34,Delivered,USR-005,False
REQ-00892,2025-06-23 17:43:45,USR-105,Weekly Pipeline Review,Standing - Weekly,P2,24,2025-06-24 17:43:45,2025-06-24 02:03:01,Delivered,USR-005,False
REQ-00893,2025-06-25 10:38:05,USR-198,Daily Sales Flash,Standing - Daily,P1,4,2025-06-25 14:38:05,2025-06-25 11:43:34,Delivered,USR-003,True
REQ-00894,2025-06-26 10:58:06,USR-043,Ad hoc Analysis,Ad hoc,P3,72,2025-06-29 10:58:06,2025-06-27 19:18:53,Delivered,USR-005,True
REQ-00895,2025-06-27 16:23:05,USR-132,Target vs Achievement,Standing - Monthly,P2,24,2025-06-28 16:23:05,2025-06-28 21:19:21,Delivered,USR-003,False
REQ-00896,2025-06-28 14:23:52,USR-198,Ad hoc Analysis,Ad hoc,P3,72,2025-07-01 14:23:52,2025-06-29 11:58:59,Delivered,USR-003,False
REQ-00897,2025-06-29 11:23:00,USR-198,Weekly Pipeline Review,Standing - Weekly,P2,24,2025-06-30 11:23:00,2025-06-29 20:54:47,Delivered,USR-005,False
REQ-00898,2025-06-29 12:51:53,USR-196,Target vs Achievement,Standing - Monthly,P2,24,2025-06-30 12:51:53,2025-06-29 21:16:09,Delivered,USR-005,False
REQ-00899,2025-06-30 15:43:59,USR-161,Weekly Pipeline Review,Standing - Weekly,P2,24,2025-07-01 15:43:59,2025-07-01 11:49:45,Delivered,USR-005,False
REQ-00900,2025-06-30 15:59:45,USR-200,Weekly Pipeline Review,Standing - Weekly,P2,24,2025-07-01 15:59:45,2025-07-01 03:30:57,Delivered,USR-005,False
REQ-00901,2025-07-01 11:13:55,USR-161,Ad hoc Analysis,Ad hoc,P3,72,2025-07-04 11:13:55,2025-07-02 07:49:21,Delivered,USR-003,False
REQ-00902,2025-07-01 13:04:43,USR-104,Target vs Achievement,Standing - Monthly,P2,24,2025-07-02 13:04:43,2025-07-02 04:01:58,Delivered,USR-003,False
REQ-00903,2025-07-01 18:22:00,USR-196,Incentive Calculation,Standing - Monthly,P1,4,2025-07-01 22:22:00,2025-07-01 21:09:46,Delivered,USR-003,False
REQ-00904,2025-07-02 12:53:10,USR-007,Lead Source ROI,Ad hoc,P3,72,2025-07-05 12:53:10,2025-07-03 12:36:05,Delivered,USR-003,False
REQ-00905,2025-07-02 14:01:50,USR-161,Ad hoc Analysis,Ad hoc,P3,72,2025-07-05 14:01:50,2025-07-04 02:27:44,Delivered,USR-003,False
REQ-00906,2025-07-02 14:17:11,USR-076,Data Correction,Ad hoc,P2,24,2025-07-03 14:17:11,2025-07-02 21:01:32,Delivered,USR-003,False
REQ-00907,2025-07-02 18:07:33,USR-197,Data Correction,Ad hoc,P2,24,2025-07-03 18:07:33,2025-07-05 10:20:12,Delivered,USR-003,False
REQ-00908,2025-07-02 18:11:50,USR-197,Ad hoc Analysis,Ad hoc,P3,72,2025-07-05 18:11:50,2025-07-03 17:57:15,Delivered,USR-005,False
REQ-00909,2025-07-04 14:41:41,USR-105,Ad hoc Analysis,Ad hoc,P3,72,2025-07-07 14:41:41,2025-07-05 20:16:29,Delivered,USR-003,False
REQ-00910,2025-07-05 15:02:13,USR-104,Ad hoc Analysis,Ad hoc,P1,4,2025-07-05 19:02:13,2025-07-05 16:08:00,Delivered,USR-005,False
REQ-00911,2025-07-05 17:08:48,USR-075,Target vs Achievement,Standing - Monthly,P2,24,2025-07-06 17:08:48,2025-07-06 03:43:08,Delivered,USR-003,False
REQ-00912,2025-07-05 18:19:49,USR-199,Daily Sales Flash,Standing - Daily,P1,4,2025-07-05 22:19:49,2025-07-05 21:21:15,Delivered,USR-003,False
REQ-00913,2025-07-08 16:31:10,USR-105,Daily Sales Flash,Standing - Daily,P1,4,2025-07-08 20:31:10,2025-07-08 23:37:18,Delivered,USR-003,False
REQ-00914,2025-07-10 11:25:29,USR-042,Ad hoc Analysis,Ad hoc,P3,72,2025-07-13 11:25:29,2025-07-11 18:40:05,Delivered,USR-005,False
REQ-00915,2025-07-10 15:09:11,USR-076,Ad hoc Analysis,Ad hoc,P3,72,2025-07-13 15:09:11,2025-07-12 14:49:13,Delivered,USR-005,False
REQ-00916,2025-07-11 11:21:10,USR-042,Daily Sales Flash,Standing - Daily,P1,4,2025-07-11 15:21:10,2025-07-11 14:20:21,Delivered,USR-003,False
REQ-00917,2025-07-11 13:26:51,USR-132,Board / Owner Review Pack,Ad hoc,P1,4,2025-07-11 17:26:51,2025-07-11 14:59:36,Delivered,USR-003,False
REQ-00918,2025-07-11 13:42:42,USR-042,Weekly Pipeline Review,Standing - Weekly,P2,24,2025-07-12 13:42:42,2025-07-12 02:58:54,Delivered,USR-005,False
REQ-00919,2025-07-11 17:30:24,USR-001,Target vs Achievement,Standing - Monthly,P2,24,2025-07-12 17:30:24,2025-07-12 01:11:05,Delivered,USR-005,False
REQ-00920,2025-07-12 11:40:38,USR-041,Weekly Pipeline Review,Standing - Weekly,P2,24,2025-07-13 11:40:38,2025-07-14 08:46:42,Delivered,USR-003,False
REQ-00921,2025-07-12 16:39:36,USR-006,Daily Sales Flash,Standing - Daily,P1,4,2025-07-12 20:39:36,2025-07-12 20:05:42,Delivered,USR-003,False
REQ-00922,2025-07-13 15:27:36,USR-200,Data Correction,Ad hoc,P2,24,2025-07-14 15:27:36,2025-07-14 17:09:55,Delivered,USR-005,False
REQ-00923,2025-07-14 16:29:10,USR-001,Lead Source ROI,Ad hoc,P1,4,2025-07-14 20:29:10,2025-07-15 01:16:34,Delivered,USR-003,False
REQ-00924,2025-07-16 11:50:11,USR-001,Lead Source ROI,Ad hoc,P3,72,2025-07-19 11:50:11,2025-07-17 15:59:15,Delivered,USR-003,True
REQ-00925,2025-07-17 10:44:14,USR-007,Ad hoc Analysis,Ad hoc,P1,4,2025-07-17 14:44:14,2025-07-17 12:20:17,Delivered,USR-005,False
REQ-00926,2025-07-17 10:51:43,USR-161,Daily Sales Flash,Standing - Daily,P1,4,2025-07-17 14:51:43,2025-07-17 13:15:07,Delivered,USR-005,False
REQ-00927,2025-07-18 11:31:36,USR-178,Ad hoc Analysis,Ad hoc,P3,72,2025-07-21 11:31:36,2025-07-20 05:52:52,Delivered,USR-005,False
REQ-00928,2025-07-18 17:39:03,USR-178,Ad hoc Analysis,Ad hoc,P3,72,2025-07-21 17:39:03,2025-07-19 22:05:27,Delivered,USR-003,True
REQ-00929,2025-07-19 14:17:26,USR-075,Ad hoc Analysis,Ad hoc,P1,4,2025-07-19 18:17:26,,Cancelled,USR-005,False
REQ-00930,2025-07-20 18:02:19,USR-131,Weekly Pipeline Review,Standing - Weekly,P2,24,2025-07-21 18:02:19,2025-07-21 02:08:30,Delivered,USR-005,False
REQ-00931,2025-07-21 11:11:44,USR-043,Target vs Achievement,Standing - Monthly,P2,24,2025-07-22 11:11:44,2025-07-22 22:49:51,Delivered,USR-005,False
REQ-00932,2025-07-21 15:35:56,USR-162,Incentive Calculation,Standing - Monthly,P1,4,2025-07-21 19:35:56,2025-07-21 18:12:03,Delivered,USR-005,False
REQ-00933,2025-07-21 15:42:43,USR-105,Incentive Calculation,Standing - Monthly,P1,4,2025-07-21 19:42:43,,Cancelled,USR-003,False
REQ-00934,2025-07-23 17:53:36,USR-075,Data Correction,Ad hoc,P2,24,2025-07-24 17:53:36,2025-07-24 13:55:24,Delivered,USR-003,False
REQ-00935,2025-07-23 18:18:41,USR-076,Daily Sales Flash,Standing - Daily,P1,4,2025-07-23 22:18:41,2025-07-23 20:24:22,Delivered,USR-003,False
REQ-00936,2025-07-24 14:35:09,USR-007,Ad hoc Analysis,Ad hoc,P3,72,2025-07-27 14:35:09,2025-07-28 04:39:07,Delivered,USR-003,False
REQ-00937,2025-07-25 10:38:38,USR-198,Target vs Achievement,Standing - Monthly,P2,24,2025-07-26 10:38:38,,Cancelled,USR-003,False
REQ-00938,2025-07-28 09:59:15,USR-132,Weekly Pipeline Review,Standing - Weekly,P2,24,2025-07-29 09:59:15,2025-07-28 18:35:16,Delivered,USR-005,False
REQ-00939,2025-07-29 10:47:27,USR-007,Incentive Calculation,Standing - Monthly,P1,4,2025-07-29 14:47:27,2025-07-29 11:49:30,Delivered,USR-003,False
REQ-00940,2025-07-29 16:55:04,USR-041,Daily Sales Flash,Standing - Daily,P1,4,2025-07-29 20:55:04,2025-07-29 18:30:44,Delivered,USR-005,False
REQ-00941,2025-07-30 10:19:07,USR-042,Target vs Achievement,Standing - Monthly,P2,24,2025-07-31 10:19:07,2025-07-30 20:52:08,Delivered,USR-003,False
REQ-00942,2025-07-30 15:34:39,USR-076,Ad hoc Analysis,Ad hoc,P1,4,2025-07-30 19:34:39,2025-07-30 16:55:09,Delivered,USR-005,False
REQ-00943,2025-07-30 16:53:29,USR-199,Target vs Achievement,Standing - Monthly,P2,24,2025-07-31 16:53:29,2025-07-31 03:22:13,Delivered,USR-005,False
REQ-00944,2025-08-01 17:47:22,USR-162,Daily Sales Flash,Standing - Daily,P1,4,2025-08-01 21:47:22,2025-08-01 20:05:05,Delivered,USR-005,False
REQ-00945,2025-08-04 11:53:27,USR-197,Daily Sales Flash,Standing - Daily,P1,4,2025-08-04 15:53:27,2025-08-04 14:33:50,Delivered,USR-003,False
REQ-00946,2025-08-04 12:10:10,OEM Regional Office,OEM Submission,Standing - Monthly,P1,4,2025-08-04 16:10:10,2025-08-04 16:28:36,Delivered,USR-005,False
REQ-00947,2025-08-04 15:52:03,USR-042,Lead Source ROI,Ad hoc,P3,72,2025-08-07 15:52:03,2025-08-06 05:42:52,Delivered,USR-005,False
REQ-00948,2025-08-04 17:06:49,USR-178,Ad hoc Analysis,Ad hoc,P3,72,2025-08-07 17:06:49,2025-08-07 08:30:04,Delivered,USR-003,False
REQ-00949,2025-08-05 11:46:42,USR-132,Board / Owner Review Pack,Ad hoc,P1,4,2025-08-05 15:46:42,2025-08-05 17:00:19,Delivered,USR-005,False
REQ-00950,2025-08-07 10:34:19,USR-042,Weekly Pipeline Review,Standing - Weekly,P2,24,2025-08-08 10:34:19,2025-08-07 17:35:40,Delivered,USR-003,False
REQ-00951,2025-08-07 10:40:21,USR-196,Weekly Pipeline Review,Standing - Weekly,P2,24,2025-08-08 10:40:21,2025-08-07 18:21:33,Delivered,USR-003,False
REQ-00952,2025-08-08 12:33:14,USR-161,Weekly Pipeline Review,Standing - Weekly,P2,24,2025-08-09 12:33:14,2025-08-09 03:55:37,Delivered,USR-005,False
REQ-00953,2025-08-09 13:27:18,USR-043,Target vs Achievement,Standing - Monthly,P2,24,2025-08-10 13:27:18,2025-08-10 11:01:32,Delivered,USR-005,False
REQ-00954,2025-08-11 13:26:31,USR-076,Incentive Calculation,Standing - Monthly,P1,4,2025-08-11 17:26:31,2025-08-11 15:24:23,Delivered,USR-005,True
REQ-00955,2025-08-13 10:40:51,USR-200,Data Correction,Ad hoc,P2,24,2025-08-14 10:40:51,2025-08-14 18:41:56,Delivered,USR-005,False
REQ-00956,2025-08-13 14:20:11,USR-041,Lead Source ROI,Ad hoc,P3,72,2025-08-16 14:20:11,2025-08-16 05:32:07,Delivered,USR-003,False
REQ-00957,2025-08-13 16:56:44,USR-132,Target vs Achievement,Standing - Monthly,P2,24,2025-08-14 16:56:44,2025-08-14 01:21:19,Delivered,USR-003,False
REQ-00958,2025-08-15 18:01:57,USR-075,Weekly Pipeline Review,Standing - Weekly,P2,24,2025-08-16 18:01:57,2025-08-17 11:16:27,Delivered,USR-003,False
REQ-00959,2025-08-16 11:24:41,USR-131,Ad hoc Analysis,Ad hoc,P3,72,2025-08-19 11:24:41,2025-08-19 08:39:56,Delivered,USR-003,False
REQ-00960,2025-08-17 10:00:37,USR-161,Ad hoc Analysis,Ad hoc,P3,72,2025-08-20 10:00:37,2025-08-21 08:45:49,Delivered,USR-005,False
REQ-00961,2025-08-18 10:27:29,USR-131,Incentive Calculation,Standing - Monthly,P1,4,2025-08-18 14:27:29,2025-08-18 11:17:45,Delivered,USR-005,False
REQ-00962,2025-08-19 12:31:32,USR-161,Data Correction,Ad hoc,P2,24,2025-08-20 12:31:32,2025-08-21 11:13:35,Delivered,USR-005,False
REQ-00963,2025-08-19 16:26:25,USR-006,Ad hoc Analysis,Ad hoc,P3,72,2025-08-22 16:26:25,2025-08-21 23:28:36,Delivered,USR-003,False
REQ-00964,2025-08-20 15:52:36,USR-104,Weekly Pipeline Review,Standing - Weekly,P2,24,2025-08-21 15:52:36,2025-08-20 22:57:55,Delivered,USR-005,False
REQ-00965,2025-08-20 16:12:42,USR-197,Ad hoc Analysis,Ad hoc,P3,72,2025-08-23 16:12:42,2025-08-22 23:47:12,Delivered,USR-003,False
REQ-00966,2025-08-24 11:01:32,USR-043,Daily Sales Flash,Standing - Daily,P1,4,2025-08-24 15:01:32,2025-08-24 12:28:37,Delivered,USR-005,False
REQ-00967,2025-08-24 12:32:39,USR-199,Data Correction,Ad hoc,P2,24,2025-08-25 12:32:39,,Cancelled,USR-003,False
REQ-00968,2025-08-24 12:57:50,USR-132,Lead Source ROI,Ad hoc,P3,72,2025-08-27 12:57:50,2025-08-25 19:01:52,Delivered,USR-005,False
REQ-00969,2025-08-24 18:13:24,USR-043,Daily Sales Flash,Standing - Daily,P1,4,2025-08-24 22:13:24,2025-08-24 21:21:01,Delivered,USR-003,False
REQ-00970,2025-08-25 13:37:46,USR-199,Daily Sales Flash,Standing - Daily,P1,4,2025-08-25 17:37:46,2025-08-25 16:42:22,Delivered,USR-003,False
REQ-00971,2025-08-26 12:48:37,USR-197,Incentive Calculation,Standing - Monthly,P1,4,2025-08-26 16:48:37,2025-08-26 14:52:48,Delivered,USR-005,False
REQ-00972,2025-08-26 13:36:12,USR-200,Data Correction,Ad hoc,P2,24,2025-08-27 13:36:12,2025-08-27 02:35:05,Delivered,USR-003,False
REQ-00973,2025-08-27 11:04:04,USR-076,Ad hoc Analysis,Ad hoc,P3,72,2025-08-30 11:04:04,2025-08-29 19:12:43,Delivered,USR-003,False
REQ-00974,2025-08-29 10:05:26,USR-132,Ad hoc Analysis,Ad hoc,P3,72,2025-09-01 10:05:26,2025-08-30 12:20:37,Delivered,USR-003,False
REQ-00975,2025-08-29 12:16:30,USR-042,Ad hoc Analysis,Ad hoc,P3,72,2025-09-01 12:16:30,2025-09-01 01:06:17,Delivered,USR-003,False
REQ-00976,2025-08-29 15:26:32,USR-041,Ad hoc Analysis,Ad hoc,P1,4,2025-08-29 19:26:32,2025-08-29 18:18:09,Delivered,USR-003,False
REQ-00977,2025-08-31 09:30:55,USR-105,Data Correction,Ad hoc,P1,4,2025-08-31 13:30:55,2025-08-31 10:47:51,Delivered,USR-003,False
REQ-00978,2025-09-01 17:05:38,USR-197,Data Correction,Ad hoc,P1,4,2025-09-01 21:05:38,2025-09-01 21:09:05,Delivered,USR-005,False
REQ-00979,2025-09-02 11:36:03,USR-007,Daily Sales Flash,Standing - Daily,P1,4,2025-09-02 15:36:03,2025-09-02 13:43:08,Delivered,USR-005,False
REQ-00980,2025-09-03 12:08:45,USR-075,Daily Sales Flash,Standing - Daily,P1,4,2025-09-03 16:08:45,2025-09-03 18:01:26,Delivered,USR-003,False
REQ-00981,2025-09-03 15:35:31,USR-041,Daily Sales Flash,Standing - Daily,P1,4,2025-09-03 19:35:31,2025-09-03 18:44:20,Delivered,USR-005,False
REQ-00982,2025-09-05 14:10:56,USR-161,Lead Source ROI,Ad hoc,P3,72,2025-09-08 14:10:56,2025-09-06 15:11:06,Delivered,USR-003,False
REQ-00983,2025-09-06 10:07:22,USR-131,Ad hoc Analysis,Ad hoc,P3,72,2025-09-09 10:07:22,2025-09-08 11:10:40,Delivered,USR-005,False
REQ-00984,2025-09-07 14:23:18,USR-162,Ad hoc Analysis,Ad hoc,P3,72,2025-09-10 14:23:18,2025-09-09 07:35:57,Delivered,USR-003,False
REQ-00985,2025-09-10 17:36:48,USR-075,Daily Sales Flash,Standing - Daily,P1,4,2025-09-10 21:36:48,2025-09-10 19:34:02,Delivered,USR-005,False
REQ-00986,2025-09-12 11:14:37,USR-161,Ad hoc Analysis,Ad hoc,P3,72,2025-09-15 11:14:37,2025-09-13 17:09:05,Delivered,USR-005,False
REQ-00987,2025-09-13 10:56:21,USR-075,Data Correction,Ad hoc,P2,24,2025-09-14 10:56:21,2025-09-13 19:42:38,Delivered,USR-003,False
REQ-00988,2025-09-15 13:13:50,USR-132,Data Correction,Ad hoc,P1,4,2025-09-15 17:13:50,2025-09-15 15:07:18,Delivered,USR-005,False
REQ-00989,2025-09-16 17:12:53,USR-076,Daily Sales Flash,Standing - Daily,P1,4,2025-09-16 21:12:53,2025-09-16 20:29:02,Delivered,USR-003,False
REQ-00990,2025-09-17 15:14:01,USR-161,Data Correction,Ad hoc,P2,24,2025-09-18 15:14:01,2025-09-17 19:45:48,Delivered,USR-005,False
REQ-00991,2025-09-18 09:42:38,USR-132,Data Correction,Ad hoc,P2,24,2025-09-19 09:42:38,2025-09-19 03:46:49,Delivered,USR-003,False
REQ-00992,2025-09-18 12:07:14,USR-161,Daily Sales Flash,Standing - Daily,P1,4,2025-09-18 16:07:14,2025-09-18 16:25:02,Delivered,USR-005,False
REQ-00993,2025-09-18 12:31:06,USR-196,Daily Sales Flash,Standing - Daily,P1,4,2025-09-18 16:31:06,2025-09-18 15:05:00,Delivered,USR-003,False
REQ-00994,2025-09-19 12:16:33,USR-200,Incentive Calculation,Standing - Monthly,P1,4,2025-09-19 16:16:33,2025-09-19 14:35:12,Delivered,USR-005,False
REQ-00995,2025-09-19 15:10:08,USR-132,Ad hoc Analysis,Ad hoc,P3,72,2025-09-22 15:10:08,2025-09-22 07:14:59,Delivered,USR-003,False
REQ-00996,2025-09-20 13:30:48,USR-104,Data Correction,Ad hoc,P2,24,2025-09-21 13:30:48,2025-09-21 10:08:06,Delivered,USR-003,False
REQ-00997,2025-09-20 15:31:27,USR-198,Incentive Calculation,Standing - Monthly,P1,4,2025-09-20 19:31:27,2025-09-20 17:27:36,Delivered,USR-003,False
REQ-00998,2025-09-20 16:29:47,OEM Regional Office,OEM Submission,Standing - Monthly,P1,4,2025-09-20 20:29:47,2025-09-20 18:18:06,Delivered,USR-003,False
REQ-00999,2025-09-21 15:12:04,USR-007,Data Correction,Ad hoc,P2,24,2025-09-22 15:12:04,2025-09-21 18:33:33,Delivered,USR-003,True
REQ-01000,2025-09-23 17:43:44,USR-042,Weekly Pipeline Review,Standing - Weekly,P2,24,2025-09-24 17:43:44,2025-09-24 09:47:15,Delivered,USR-005,False
REQ-01001,2025-09-24 12:39:58,USR-007,Incentive Calculation,Standing - Monthly,P1,4,2025-09-24 16:39:58,2025-09-24 15:05:17,Delivered,USR-003,False
REQ-01002,2025-09-26 14:48:12,OEM Regional Office,OEM Submission,Standing - Monthly,P1,4,2025-09-26 18:48:12,2025-09-26 22:11:46,Delivered,USR-005,False
REQ-01003,2025-09-27 15:54:59,USR-198,Incentive Calculation,Standing - Monthly,P1,4,2025-09-27 19:54:59,2025-09-27 16:57:18,Delivered,USR-003,False
REQ-01004,2025-09-29 12:06:18,USR-200,Data Correction,Ad hoc,P2,24,2025-09-30 12:06:18,2025-09-29 16:10:50,Delivered,USR-003,False
REQ-01005,2025-10-01 17:09:08,USR-196,Data Correction,Ad hoc,P2,24,2025-10-02 17:09:08,2025-10-02 08:00:50,Delivered,USR-003,False
REQ-01006,2025-10-01 18:27:52,USR-042,Board / Owner Review Pack,Ad hoc,P1,4,2025-10-01 22:27:52,2025-10-01 21:47:15,Delivered,USR-005,False
REQ-01007,2025-10-04 09:49:12,USR-076,Data Correction,Ad hoc,P2,24,2025-10-05 09:49:12,2025-10-05 19:55:04,Delivered,USR-003,False
REQ-01008,2025-10-05 15:50:52,USR-178,Ad hoc Analysis,Ad hoc,P1,4,2025-10-05 19:50:52,2025-10-05 17:33:59,Delivered,USR-003,False
REQ-01009,2025-10-07 10:48:54,USR-132,Ad hoc Analysis,Ad hoc,P3,72,2025-10-10 10:48:54,2025-10-08 03:54:14,Delivered,USR-003,False
REQ-01010,2025-10-07 11:32:58,USR-076,Lead Source ROI,Ad hoc,P3,72,2025-10-10 11:32:58,2025-10-09 07:48:23,Delivered,USR-003,False
REQ-01011,2025-10-07 17:58:00,USR-007,Data Correction,Ad hoc,P2,24,2025-10-08 17:58:00,,Cancelled,USR-003,False
REQ-01012,2025-10-08 09:47:30,USR-042,Data Correction,Ad hoc,P2,24,2025-10-09 09:47:30,2025-10-08 18:13:01,Delivered,USR-005,False
REQ-01013,2025-10-08 10:37:40,USR-197,Data Correction,Ad hoc,P2,24,2025-10-09 10:37:40,2025-10-09 06:13:52,Delivered,USR-003,False
REQ-01014,2025-10-08 13:50:03,USR-132,Daily Sales Flash,Standing - Daily,P1,4,2025-10-08 17:50:03,2025-10-08 17:05:22,Delivered,USR-005,False
REQ-01015,2025-10-08 18:00:19,USR-197,Weekly Pipeline Review,Standing - Weekly,P2,24,2025-10-09 18:00:19,2025-10-09 10:58:39,Delivered,USR-003,True
REQ-01016,2025-10-09 09:35:16,USR-105,Ad hoc Analysis,Ad hoc,P1,4,2025-10-09 13:35:16,2025-10-09 10:46:09,Delivered,USR-005,False
REQ-01017,2025-10-09 14:03:42,USR-001,Ad hoc Analysis,Ad hoc,P3,72,2025-10-12 14:03:42,2025-10-12 04:50:13,Delivered,USR-005,False
REQ-01018,2025-10-10 11:31:43,USR-161,Ad hoc Analysis,Ad hoc,P1,4,2025-10-10 15:31:43,2025-10-10 14:36:43,Delivered,USR-005,False
REQ-01019,2025-10-11 14:32:11,USR-162,Ad hoc Analysis,Ad hoc,P3,72,2025-10-14 14:32:11,2025-10-13 16:59:04,Delivered,USR-003,False
REQ-01020,2025-10-11 16:50:03,USR-198,Board / Owner Review Pack,Ad hoc,P1,4,2025-10-11 20:50:03,2025-10-11 18:31:26,Delivered,USR-005,False
REQ-01021,2025-10-13 13:25:55,USR-178,Board / Owner Review Pack,Ad hoc,P1,4,2025-10-13 17:25:55,2025-10-13 15:19:31,Delivered,USR-005,False
REQ-01022,2025-10-13 14:07:21,USR-198,Incentive Calculation,Standing - Monthly,P1,4,2025-10-13 18:07:21,2025-10-13 17:31:54,Delivered,USR-005,False
REQ-01023,2025-10-14 10:18:04,USR-041,Ad hoc Analysis,Ad hoc,P3,72,2025-10-17 10:18:04,2025-10-16 17:03:55,Delivered,USR-005,False
REQ-01024,2025-10-14 15:56:29,USR-043,Ad hoc Analysis,Ad hoc,P3,72,2025-10-17 15:56:29,2025-10-15 23:36:10,Delivered,USR-003,False
REQ-01025,2025-10-14 15:59:48,USR-104,Data Correction,Ad hoc,P2,24,2025-10-15 15:59:48,2025-10-15 19:13:01,Delivered,USR-003,False
REQ-01026,2025-10-16 18:11:40,USR-196,Daily Sales Flash,Standing - Daily,P1,4,2025-10-16 22:11:40,2025-10-17 01:10:10,Delivered,USR-005,False
REQ-01027,2025-10-17 11:31:57,USR-042,Data Correction,Ad hoc,P2,24,2025-10-18 11:31:57,2025-10-17 20:58:11,Delivered,USR-003,True
REQ-01028,2025-10-17 15:24:56,USR-075,Ad hoc Analysis,Ad hoc,P3,72,2025-10-20 15:24:56,2025-10-18 10:22:37,Delivered,USR-003,False
REQ-01029,2025-10-18 11:20:04,USR-001,Incentive Calculation,Standing - Monthly,P1,4,2025-10-18 15:20:04,2025-10-18 12:39:21,Delivered,USR-005,False
REQ-01030,2025-10-19 10:29:28,USR-199,Board / Owner Review Pack,Ad hoc,P1,4,2025-10-19 14:29:28,2025-10-19 13:20:36,Delivered,USR-003,False
REQ-01031,2025-10-19 16:04:25,USR-043,Ad hoc Analysis,Ad hoc,P3,72,2025-10-22 16:04:25,2025-10-26 13:26:40,Delivered,USR-005,True
REQ-01032,2025-10-20 10:54:35,USR-076,Ad hoc Analysis,Ad hoc,P3,72,2025-10-23 10:54:35,2025-10-22 23:32:47,Delivered,USR-003,False
REQ-01033,2025-10-21 14:19:53,USR-041,Data Correction,Ad hoc,P2,24,2025-10-22 14:19:53,2025-10-22 18:27:52,Delivered,USR-005,False
REQ-01034,2025-10-22 09:48:28,USR-199,Weekly Pipeline Review,Standing - Weekly,P2,24,2025-10-23 09:48:28,2025-10-23 05:32:25,Delivered,USR-005,False
REQ-01035,2025-10-24 09:52:57,USR-162,Data Correction,Ad hoc,P2,24,2025-10-25 09:52:57,2025-10-25 13:18:53,Delivered,USR-003,True
REQ-01036,2025-10-25 12:07:27,USR-007,Ad hoc Analysis,Ad hoc,P3,72,2025-10-28 12:07:27,2025-10-29 15:55:06,Delivered,USR-003,False
REQ-01037,2025-10-25 12:07:38,USR-178,Weekly Pipeline Review,Standing - Weekly,P2,24,2025-10-26 12:07:38,2025-10-27 11:11:24,Delivered,USR-005,False
REQ-01038,2025-10-27 10:06:02,OEM Regional Office,OEM Submission,Standing - Monthly,P1,4,2025-10-27 14:06:02,2025-10-27 13:29:11,Delivered,USR-003,False
REQ-01039,2025-10-28 10:23:49,USR-075,Incentive Calculation,Standing - Monthly,P1,4,2025-10-28 14:23:49,2025-10-28 14:24:49,Delivered,USR-005,False
REQ-01040,2025-10-28 12:28:34,USR-162,Ad hoc Analysis,Ad hoc,P3,72,2025-10-31 12:28:34,2025-10-30 05:07:53,Delivered,USR-005,False
REQ-01041,2025-10-28 14:01:14,USR-199,Ad hoc Analysis,Ad hoc,P3,72,2025-10-31 14:01:14,2025-10-29 21:20:39,Delivered,USR-005,False
REQ-01042,2025-10-30 13:52:21,USR-001,Target vs Achievement,Standing - Monthly,P2,24,2025-10-31 13:52:21,2025-10-31 04:00:37,Delivered,USR-003,False
REQ-01043,2025-10-31 12:50:02,USR-041,Weekly Pipeline Review,Standing - Weekly,P2,24,2025-11-01 12:50:02,2025-10-31 23:06:58,Delivered,USR-003,False
REQ-01044,2025-10-31 15:08:57,USR-161,Ad hoc Analysis,Ad hoc,P3,72,2025-11-03 15:08:57,2025-11-04 15:34:47,Delivered,USR-003,False
REQ-01045,2025-11-01 15:35:51,USR-198,Weekly Pipeline Review,Standing - Weekly,P2,24,2025-11-02 15:35:51,2025-11-02 00:12:18,Delivered,USR-003,False
REQ-01046,2025-11-02 09:34:18,USR-043,Incentive Calculation,Standing - Monthly,P1,4,2025-11-02 13:34:18,2025-11-02 14:32:02,Delivered,USR-005,False
REQ-01047,2025-11-02 10:04:27,USR-042,Daily Sales Flash,Standing - Daily,P1,4,2025-11-02 14:04:27,2025-11-02 11:52:34,Delivered,USR-003,False
REQ-01048,2025-11-02 12:57:25,USR-199,Incentive Calculation,Standing - Monthly,P1,4,2025-11-02 16:57:25,2025-11-02 13:44:40,Delivered,USR-003,False
REQ-01049,2025-11-02 16:25:30,USR-196,Data Correction,Ad hoc,P2,24,2025-11-03 16:25:30,2025-11-03 06:46:08,Delivered,USR-003,False
REQ-01050,2025-11-03 16:09:05,USR-200,Daily Sales Flash,Standing - Daily,P1,4,2025-11-03 20:09:05,2025-11-03 18:20:48,Delivered,USR-005,True
REQ-01051,2025-11-04 11:27:39,USR-041,Daily Sales Flash,Standing - Daily,P1,4,2025-11-04 15:27:39,2025-11-04 14:20:09,Delivered,USR-005,False
REQ-01052,2025-11-05 11:21:13,USR-042,Ad hoc Analysis,Ad hoc,P3,72,2025-11-08 11:21:13,2025-11-07 21:23:12,Delivered,USR-003,False
REQ-01053,2025-11-06 14:33:39,USR-076,Lead Source ROI,Ad hoc,P3,72,2025-11-09 14:33:39,2025-11-07 07:38:02,Delivered,USR-005,False
REQ-01054,2025-11-07 11:14:08,USR-042,Lead Source ROI,Ad hoc,P3,72,2025-11-10 11:14:08,2025-11-08 01:30:33,Delivered,USR-005,False
REQ-01055,2025-11-08 17:26:33,USR-162,Target vs Achievement,Standing - Monthly,P2,24,2025-11-09 17:26:33,2025-11-11 20:51:45,Delivered,USR-003,False
REQ-01056,2025-11-08 17:29:10,USR-104,Data Correction,Ad hoc,P2,24,2025-11-09 17:29:10,2025-11-08 21:48:49,Delivered,USR-005,False
REQ-01057,2025-11-09 15:34:14,USR-105,Incentive Calculation,Standing - Monthly,P1,4,2025-11-09 19:34:14,,Cancelled,USR-005,False
REQ-01058,2025-11-13 16:53:55,USR-178,Weekly Pipeline Review,Standing - Weekly,P2,24,2025-11-14 16:53:55,2025-11-15 02:11:54,Delivered,USR-005,False
REQ-01059,2025-11-14 16:42:00,USR-041,Ad hoc Analysis,Ad hoc,P3,72,2025-11-17 16:42:00,2025-11-17 14:50:03,Delivered,USR-005,False
REQ-01060,2025-11-14 17:03:21,OEM Regional Office,OEM Submission,Standing - Monthly,P1,4,2025-11-14 21:03:21,2025-11-14 19:16:13,Delivered,USR-003,False
REQ-01061,2025-11-14 17:17:22,USR-132,Ad hoc Analysis,Ad hoc,P3,72,2025-11-17 17:17:22,2025-11-15 10:58:01,Delivered,USR-003,False
REQ-01062,2025-11-15 13:32:35,USR-132,Ad hoc Analysis,Ad hoc,P3,72,2025-11-18 13:32:35,2025-11-18 11:05:01,Delivered,USR-005,False
REQ-01063,2025-11-17 09:50:16,USR-161,Incentive Calculation,Standing - Monthly,P1,4,2025-11-17 13:50:16,2025-11-17 10:41:27,Delivered,USR-003,False
REQ-01064,2025-11-17 13:15:38,USR-199,Ad hoc Analysis,Ad hoc,P1,4,2025-11-17 17:15:38,2025-11-17 16:01:26,Delivered,USR-003,False
REQ-01065,2025-11-18 11:47:37,USR-131,Incentive Calculation,Standing - Monthly,P1,4,2025-11-18 15:47:37,2025-11-18 14:51:34,Delivered,USR-005,False
REQ-01066,2025-11-18 16:51:59,USR-197,Lead Source ROI,Ad hoc,P3,72,2025-11-21 16:51:59,2025-11-21 15:36:35,Delivered,USR-005,False
REQ-01067,2025-11-18 16:56:57,USR-132,Weekly Pipeline Review,Standing - Weekly,P2,24,2025-11-19 16:56:57,2025-11-20 00:57:33,Delivered,USR-003,False
REQ-01068,2025-11-19 10:26:33,USR-197,Target vs Achievement,Standing - Monthly,P2,24,2025-11-20 10:26:33,2025-11-20 01:00:40,Delivered,USR-003,False
REQ-01069,2025-11-20 14:45:04,USR-197,Weekly Pipeline Review,Standing - Weekly,P2,24,2025-11-21 14:45:04,2025-11-21 04:45:55,Delivered,USR-003,False
REQ-01070,2025-11-22 17:49:10,USR-199,Daily Sales Flash,Standing - Daily,P1,4,2025-11-22 21:49:10,2025-11-22 20:51:51,Delivered,USR-003,False
REQ-01071,2025-11-23 14:22:45,USR-161,Daily Sales Flash,Standing - Daily,P1,4,2025-11-23 18:22:45,2025-11-23 17:35:02,Delivered,USR-005,False
REQ-01072,2025-11-23 15:27:59,USR-075,Board / Owner Review Pack,Ad hoc,P1,4,2025-11-23 19:27:59,2025-11-23 18:06:04,Delivered,USR-003,False
REQ-01073,2025-11-23 17:39:29,USR-043,Daily Sales Flash,Standing - Daily,P1,4,2025-11-23 21:39:29,2025-11-23 21:26:50,Delivered,USR-003,False
REQ-01074,2025-11-24 13:27:50,USR-178,Data Correction,Ad hoc,P2,24,2025-11-25 13:27:50,2025-11-25 01:54:30,Delivered,USR-003,False
REQ-01075,2025-11-26 13:47:30,USR-178,Daily Sales Flash,Standing - Daily,P1,4,2025-11-26 17:47:30,2025-11-26 14:20:48,Delivered,USR-005,False
REQ-01076,2025-11-27 17:20:37,USR-042,Data Correction,Ad hoc,P2,24,2025-11-28 17:20:37,2025-11-28 06:13:09,Delivered,USR-003,False
REQ-01077,2025-11-29 11:41:49,USR-178,Daily Sales Flash,Standing - Daily,P1,4,2025-11-29 15:41:49,2025-11-29 13:23:16,Delivered,USR-003,False
REQ-01078,2025-11-29 13:50:29,OEM Regional Office,OEM Submission,Standing - Monthly,P1,4,2025-11-29 17:50:29,2025-11-29 19:05:42,Delivered,USR-003,False
REQ-01079,2025-11-29 15:23:12,USR-001,Incentive Calculation,Standing - Monthly,P1,4,2025-11-29 19:23:12,2025-11-29 22:32:10,Delivered,USR-005,False
REQ-01080,2025-11-29 17:17:56,USR-104,Incentive Calculation,Standing - Monthly,P1,4,2025-11-29 21:17:56,2025-11-29 18:11:46,Delivered,USR-003,False
REQ-01081,2025-11-30 16:56:01,USR-131,Data Correction,Ad hoc,P2,24,2025-12-01 16:56:01,2025-12-02 04:31:46,Delivered,USR-005,False
REQ-01082,2025-12-03 14:35:28,USR-105,Lead Source ROI,Ad hoc,P3,72,2025-12-06 14:35:28,2025-12-05 05:31:31,Delivered,USR-005,False
REQ-01083,2025-12-04 09:40:25,USR-105,Lead Source ROI,Ad hoc,P3,72,2025-12-07 09:40:25,2025-12-05 10:18:46,Delivered,USR-003,False
REQ-01084,2025-12-04 17:00:44,USR-041,Ad hoc Analysis,Ad hoc,P1,4,2025-12-04 21:00:44,2025-12-04 19:31:15,Delivered,USR-005,False
REQ-01085,2025-12-04 17:41:23,USR-041,Daily Sales Flash,Standing - Daily,P1,4,2025-12-04 21:41:23,2025-12-04 18:23:16,Delivered,USR-005,True
REQ-01086,2025-12-06 10:35:50,USR-007,Data Correction,Ad hoc,P2,24,2025-12-07 10:35:50,2025-12-06 15:11:35,Delivered,USR-005,True
REQ-01087,2025-12-06 11:45:26,USR-105,Board / Owner Review Pack,Ad hoc,P1,4,2025-12-06 15:45:26,2025-12-06 14:12:50,Delivered,USR-003,False
REQ-01088,2025-12-06 14:21:49,USR-178,Data Correction,Ad hoc,P1,4,2025-12-06 18:21:49,2025-12-06 19:21:06,Delivered,USR-003,False
REQ-01089,2025-12-06 15:02:58,USR-132,Weekly Pipeline Review,Standing - Weekly,P2,24,2025-12-07 15:02:58,2025-12-06 22:31:23,Delivered,USR-005,False
REQ-01090,2025-12-09 10:06:45,USR-042,Lead Source ROI,Ad hoc,P3,72,2025-12-12 10:06:45,2025-12-13 07:09:39,Delivered,USR-005,False
REQ-01091,2025-12-09 10:24:09,OEM Regional Office,OEM Submission,Standing - Monthly,P1,4,2025-12-09 14:24:09,2025-12-09 12:31:21,Delivered,USR-003,False
REQ-01092,2025-12-10 13:25:10,USR-131,Target vs Achievement,Standing - Monthly,P2,24,2025-12-11 13:25:10,2025-12-10 22:41:36,Delivered,USR-003,False
REQ-01093,2025-12-10 16:28:39,USR-200,Daily Sales Flash,Standing - Daily,P1,4,2025-12-10 20:28:39,2025-12-10 18:46:31,Delivered,USR-005,False
REQ-01094,2025-12-10 18:08:23,USR-105,Daily Sales Flash,Standing - Daily,P1,4,2025-12-10 22:08:23,2025-12-10 20:20:37,Delivered,USR-003,False
REQ-01095,2025-12-11 10:38:56,USR-196,Board / Owner Review Pack,Ad hoc,P1,4,2025-12-11 14:38:56,2025-12-11 12:45:15,Delivered,USR-005,False
REQ-01096,2025-12-12 13:29:38,USR-131,Ad hoc Analysis,Ad hoc,P1,4,2025-12-12 17:29:38,2025-12-12 21:09:02,Delivered,USR-005,False
REQ-01097,2025-12-13 11:47:00,USR-076,Data Correction,Ad hoc,P1,4,2025-12-13 15:47:00,2025-12-13 16:03:31,Delivered,USR-003,False
REQ-01098,2025-12-13 12:57:24,USR-198,Daily Sales Flash,Standing - Daily,P1,4,2025-12-13 16:57:24,2025-12-13 17:59:56,Delivered,USR-003,False
REQ-01099,2025-12-15 12:20:19,USR-200,Daily Sales Flash,Standing - Daily,P1,4,2025-12-15 16:20:19,2025-12-15 14:38:43,Delivered,USR-003,False
REQ-01100,2025-12-15 12:36:32,USR-001,Ad hoc Analysis,Ad hoc,P1,4,2025-12-15 16:36:32,2025-12-15 13:12:29,Delivered,USR-005,False
REQ-01101,2025-12-15 16:02:29,USR-131,Daily Sales Flash,Standing - Daily,P1,4,2025-12-15 20:02:29,2025-12-15 20:50:15,Delivered,USR-005,True
REQ-01102,2025-12-16 11:04:27,USR-196,Data Correction,Ad hoc,P2,24,2025-12-17 11:04:27,2025-12-17 01:49:22,Delivered,USR-005,False
REQ-01103,2025-12-16 18:29:52,USR-043,Lead Source ROI,Ad hoc,P3,72,2025-12-19 18:29:52,2025-12-17 16:21:44,Delivered,USR-003,True
REQ-01104,2025-12-17 12:41:01,USR-105,Weekly Pipeline Review,Standing - Weekly,P2,24,2025-12-18 12:41:01,2025-12-18 12:26:40,Delivered,USR-005,False
REQ-01105,2025-12-18 14:28:12,USR-199,Weekly Pipeline Review,Standing - Weekly,P2,24,2025-12-19 14:28:12,2025-12-19 01:39:48,Delivered,USR-003,False
REQ-01106,2025-12-19 16:52:22,USR-197,Daily Sales Flash,Standing - Daily,P1,4,2025-12-19 20:52:22,2025-12-19 21:42:08,Delivered,USR-005,False
REQ-01107,2025-12-20 16:39:51,USR-196,Incentive Calculation,Standing - Monthly,P1,4,2025-12-20 20:39:51,2025-12-20 18:03:58,Delivered,USR-003,False
REQ-01108,2025-12-21 11:50:49,USR-198,Weekly Pipeline Review,Standing - Weekly,P2,24,2025-12-22 11:50:49,2025-12-22 03:38:24,Delivered,USR-003,True
REQ-01109,2025-12-21 13:40:48,USR-132,Target vs Achievement,Standing - Monthly,P2,24,2025-12-22 13:40:48,2025-12-22 05:14:45,Delivered,USR-003,False
REQ-01110,2025-12-21 14:10:16,USR-041,Daily Sales Flash,Standing - Daily,P1,4,2025-12-21 18:10:16,2025-12-21 14:36:09,Delivered,USR-003,False
REQ-01111,2025-12-22 14:56:22,USR-196,Daily Sales Flash,Standing - Daily,P1,4,2025-12-22 18:56:22,2025-12-22 16:22:49,Delivered,USR-005,False
REQ-01112,2025-12-22 15:57:19,USR-161,Daily Sales Flash,Standing - Daily,P1,4,2025-12-22 19:57:19,2025-12-22 18:26:22,Delivered,USR-005,False
REQ-01113,2025-12-24 12:15:00,USR-200,Ad hoc Analysis,Ad hoc,P3,72,2025-12-27 12:15:00,2025-12-25 11:56:09,Delivered,USR-005,False
REQ-01114,2025-12-24 15:09:54,USR-041,Ad hoc Analysis,Ad hoc,P3,72,2025-12-27 15:09:54,2025-12-26 23:03:42,Delivered,USR-003,False
REQ-01115,2025-12-25 11:58:58,USR-198,Ad hoc Analysis,Ad hoc,P3,72,2025-12-28 11:58:58,2025-12-27 14:25:57,Delivered,USR-003,True
REQ-01116,2025-12-28 15:34:37,USR-104,Ad hoc Analysis,Ad hoc,P3,72,2025-12-31 15:34:37,2025-12-29 14:20:18,Delivered,USR-005,False
REQ-01117,2025-12-29 14:06:26,USR-200,Incentive Calculation,Standing - Monthly,P1,4,2025-12-29 18:06:26,2025-12-29 16:19:15,Delivered,USR-003,False
REQ-01118,2025-12-29 14:36:37,USR-199,Target vs Achievement,Standing - Monthly,P2,24,2025-12-30 14:36:37,2025-12-30 01:25:32,Delivered,USR-005,False
REQ-01119,2025-12-30 16:06:31,USR-007,Lead Source ROI,Ad hoc,P3,72,2026-01-02 16:06:31,2026-01-01 15:13:53,Delivered,USR-003,False
REQ-01120,2025-12-31 13:14:41,USR-161,Ad hoc Analysis,Ad hoc,P3,72,2026-01-03 13:14:41,2026-01-01 11:37:41,Delivered,USR-003,False
REQ-01121,2025-12-31 15:28:55,USR-132,Ad hoc Analysis,Ad hoc,P1,4,2025-12-31 19:28:55,2025-12-31 16:38:33,Delivered,USR-003,False
REQ-01122,2026-01-01 11:39:45,USR-076,Ad hoc Analysis,Ad hoc,P3,72,2026-01-04 11:39:45,2026-01-02 16:12:20,Delivered,USR-003,False
REQ-01123,2026-01-01 11:53:42,USR-006,Target vs Achievement,Standing - Monthly,P2,24,2026-01-02 11:53:42,2026-01-01 21:51:09,Delivered,USR-003,True
REQ-01124,2026-01-01 16:30:32,USR-161,Data Correction,Ad hoc,P2,24,2026-01-02 16:30:32,2026-01-01 23:39:51,Delivered,USR-003,False
REQ-01125,2026-01-01 18:23:19,USR-043,Lead Source ROI,Ad hoc,P3,72,2026-01-04 18:23:19,2026-01-02 03:37:37,Delivered,USR-003,False
REQ-01126,2026-01-03 10:07:27,USR-199,Incentive Calculation,Standing - Monthly,P1,4,2026-01-03 14:07:27,2026-01-03 11:10:21,Delivered,USR-003,False
REQ-01127,2026-01-04 13:39:53,USR-042,Target vs Achievement,Standing - Monthly,P2,24,2026-01-05 13:39:53,2026-01-04 19:00:38,Delivered,USR-003,False
REQ-01128,2026-01-04 14:05:56,USR-105,Ad hoc Analysis,Ad hoc,P3,72,2026-01-07 14:05:56,2026-01-06 20:36:25,Delivered,USR-003,False
REQ-01129,2026-01-05 09:58:11,USR-197,Target vs Achievement,Standing - Monthly,P2,24,2026-01-06 09:58:11,2026-01-05 15:04:38,Delivered,USR-003,False
REQ-01130,2026-01-05 16:32:12,USR-162,Daily Sales Flash,Standing - Daily,P1,4,2026-01-05 20:32:12,2026-01-05 18:56:26,Delivered,USR-005,False
REQ-01131,2026-01-06 12:14:21,USR-105,Ad hoc Analysis,Ad hoc,P3,72,2026-01-09 12:14:21,2026-01-07 02:11:49,Delivered,USR-005,False
REQ-01132,2026-01-06 15:20:31,OEM Regional Office,OEM Submission,Standing - Monthly,P1,4,2026-01-06 19:20:31,2026-01-06 17:11:07,Delivered,USR-005,False
REQ-01133,2026-01-06 16:38:51,USR-006,Incentive Calculation,Standing - Monthly,P1,4,2026-01-06 20:38:51,,Cancelled,USR-003,False
REQ-01134,2026-01-07 18:14:27,USR-132,Ad hoc Analysis,Ad hoc,P3,72,2026-01-10 18:14:27,2026-01-09 13:01:42,Delivered,USR-005,False
REQ-01135,2026-01-08 12:22:49,USR-041,Data Correction,Ad hoc,P2,24,2026-01-09 12:22:49,2026-01-09 03:03:18,Delivered,USR-001,False
REQ-01136,2026-01-10 18:23:50,USR-075,Data Correction,Ad hoc,P1,4,2026-01-10 22:23:50,2026-01-10 20:24:36,Delivered,USR-005,False
REQ-01137,2026-01-11 14:01:14,USR-199,Weekly Pipeline Review,Standing - Weekly,P2,24,2026-01-12 14:01:14,2026-01-12 10:21:04,Delivered,USR-001,False
REQ-01138,2026-01-11 16:14:45,USR-178,Daily Sales Flash,Standing - Daily,P1,4,2026-01-11 20:14:45,2026-01-11 21:33:12,Delivered,USR-005,False
REQ-01139,2026-01-12 10:31:12,USR-001,Weekly Pipeline Review,Standing - Weekly,P2,24,2026-01-13 10:31:12,,Cancelled,USR-005,False
REQ-01140,2026-01-12 16:34:41,USR-043,Ad hoc Analysis,Ad hoc,P3,72,2026-01-15 16:34:41,2026-01-15 00:14:02,Delivered,USR-001,False
REQ-01141,2026-01-15 10:48:08,USR-196,Daily Sales Flash,Standing - Daily,P1,4,2026-01-15 14:48:08,2026-01-15 14:02:54,Delivered,USR-005,False
REQ-01142,2026-01-15 16:21:22,USR-076,Target vs Achievement,Standing - Monthly,P2,24,2026-01-16 16:21:22,2026-01-16 03:20:04,Delivered,USR-005,False
REQ-01143,2026-01-16 12:01:24,USR-104,Daily Sales Flash,Standing - Daily,P1,4,2026-01-16 16:01:24,2026-01-16 13:48:03,Delivered,USR-005,True
REQ-01144,2026-01-16 13:07:57,USR-197,Incentive Calculation,Standing - Monthly,P1,4,2026-01-16 17:07:57,,Cancelled,USR-005,False
REQ-01145,2026-01-17 11:38:21,USR-104,Daily Sales Flash,Standing - Daily,P1,4,2026-01-17 15:38:21,2026-01-17 12:29:15,Delivered,USR-005,False
REQ-01146,2026-01-18 15:45:28,USR-161,Weekly Pipeline Review,Standing - Weekly,P2,24,2026-01-19 15:45:28,2026-01-19 02:21:40,Delivered,USR-001,False
REQ-01147,2026-01-18 16:12:02,USR-043,Data Correction,Ad hoc,P2,24,2026-01-19 16:12:02,2026-01-19 01:01:30,Delivered,USR-005,False
REQ-01148,2026-01-19 14:26:28,USR-006,Target vs Achievement,Standing - Monthly,P2,24,2026-01-20 14:26:28,2026-01-20 02:52:01,Delivered,USR-005,False
REQ-01149,2026-01-20 09:42:08,USR-104,Weekly Pipeline Review,Standing - Weekly,P2,24,2026-01-21 09:42:08,2026-01-21 02:52:46,Delivered,USR-001,True
REQ-01150,2026-01-20 10:13:30,USR-131,Data Correction,Ad hoc,P2,24,2026-01-21 10:13:30,2026-01-20 14:35:18,Delivered,USR-005,False
REQ-01151,2026-01-20 14:25:33,OEM Regional Office,OEM Submission,Standing - Monthly,P1,4,2026-01-20 18:25:33,2026-01-20 16:29:33,Delivered,USR-005,False
REQ-01152,2026-01-21 17:01:12,USR-198,Weekly Pipeline Review,Standing - Weekly,P2,24,2026-01-22 17:01:12,2026-01-21 19:15:34,Delivered,USR-001,False
REQ-01153,2026-01-22 13:45:58,USR-001,Target vs Achievement,Standing - Monthly,P2,24,2026-01-23 13:45:58,2026-01-22 23:15:50,Delivered,USR-005,False
REQ-01154,2026-01-22 15:38:16,USR-178,Weekly Pipeline Review,Standing - Weekly,P2,24,2026-01-23 15:38:16,2026-01-24 04:41:42,Delivered,USR-005,False
REQ-01155,2026-01-23 11:14:27,USR-197,Ad hoc Analysis,Ad hoc,P1,4,2026-01-23 15:14:27,2026-01-23 13:38:21,Delivered,USR-001,False
REQ-01156,2026-01-23 15:33:42,USR-161,Data Correction,Ad hoc,P2,24,2026-01-24 15:33:42,,Cancelled,USR-001,False
REQ-01157,2026-01-23 18:25:31,USR-104,Lead Source ROI,Ad hoc,P3,72,2026-01-26 18:25:31,2026-01-25 07:10:53,Delivered,USR-001,False
REQ-01158,2026-01-24 12:19:38,USR-199,Data Correction,Ad hoc,P2,24,2026-01-25 12:19:38,2026-01-24 19:32:58,Delivered,USR-005,False
REQ-01159,2026-01-24 13:20:07,USR-075,Ad hoc Analysis,Ad hoc,P3,72,2026-01-27 13:20:07,2026-01-25 13:56:36,Delivered,USR-005,False
REQ-01160,2026-01-26 09:35:52,USR-132,Incentive Calculation,Standing - Monthly,P1,4,2026-01-26 13:35:52,2026-01-26 22:15:07,Delivered,USR-005,False
REQ-01161,2026-01-26 17:07:40,USR-006,Lead Source ROI,Ad hoc,P3,72,2026-01-29 17:07:40,2026-01-27 22:00:54,Delivered,USR-005,False
REQ-01162,2026-01-27 14:36:04,USR-042,Daily Sales Flash,Standing - Daily,P1,4,2026-01-27 18:36:04,2026-01-27 19:02:49,Delivered,USR-005,True
REQ-01163,2026-01-29 16:55:48,USR-132,Weekly Pipeline Review,Standing - Weekly,P2,24,2026-01-30 16:55:48,2026-01-30 19:11:56,Delivered,USR-004,False
REQ-01164,2026-01-30 11:40:31,USR-104,Lead Source ROI,Ad hoc,P3,72,2026-02-02 11:40:31,2026-02-01 22:12:39,Delivered,USR-005,True
REQ-01165,2026-01-30 12:43:14,USR-076,Weekly Pipeline Review,Standing - Weekly,P2,24,2026-01-31 12:43:14,2026-01-31 06:56:14,Delivered,USR-005,False
REQ-01166,2026-01-30 16:46:12,USR-197,Ad hoc Analysis,Ad hoc,P1,4,2026-01-30 20:46:12,2026-01-30 18:05:02,Delivered,USR-004,False
REQ-01167,2026-01-31 09:50:26,USR-075,Ad hoc Analysis,Ad hoc,P3,72,2026-02-03 09:50:26,2026-02-03 21:54:52,Delivered,USR-005,True
REQ-01168,2026-01-31 10:34:22,USR-162,Data Correction,Ad hoc,P2,24,2026-02-01 10:34:22,2026-01-31 16:33:10,Delivered,USR-004,False
REQ-01169,2026-02-01 09:37:49,USR-006,Weekly Pipeline Review,Standing - Weekly,P2,24,2026-02-02 09:37:49,2026-02-01 20:50:06,Delivered,USR-004,True
REQ-01170,2026-02-02 12:56:58,USR-132,Daily Sales Flash,Standing - Daily,P1,4,2026-02-02 16:56:58,2026-02-02 15:05:56,Delivered,USR-004,False
REQ-01171,2026-02-03 12:48:14,USR-006,Data Correction,Ad hoc,P2,24,2026-02-04 12:48:14,2026-02-03 18:57:22,Delivered,USR-004,False
REQ-01172,2026-02-03 17:07:01,USR-162,Incentive Calculation,Standing - Monthly,P1,4,2026-02-03 21:07:01,2026-02-03 19:55:52,Delivered,USR-005,True
REQ-01173,2026-02-04 13:00:49,USR-006,Data Correction,Ad hoc,P2,24,2026-02-05 13:00:49,2026-02-05 07:02:11,Delivered,USR-004,False
REQ-01174,2026-02-04 15:21:17,USR-042,Incentive Calculation,Standing - Monthly,P1,4,2026-02-04 19:21:17,,Cancelled,USR-004,False
REQ-01175,2026-02-05 15:31:57,USR-042,Daily Sales Flash,Standing - Daily,P1,4,2026-02-05 19:31:57,2026-02-05 16:56:29,Delivered,USR-005,False
REQ-01176,2026-02-05 16:25:33,USR-001,Weekly Pipeline Review,Standing - Weekly,P2,24,2026-02-06 16:25:33,2026-02-06 10:57:32,Delivered,USR-004,False
REQ-01177,2026-02-06 11:47:29,USR-076,Target vs Achievement,Standing - Monthly,P2,24,2026-02-07 11:47:29,2026-02-07 11:49:18,Delivered,USR-004,False
REQ-01178,2026-02-07 17:18:23,USR-042,Ad hoc Analysis,Ad hoc,P1,4,2026-02-07 21:18:23,2026-02-07 20:52:07,Delivered,USR-004,False
REQ-01179,2026-02-10 09:47:44,USR-006,Lead Source ROI,Ad hoc,P3,72,2026-02-13 09:47:44,2026-02-13 00:39:33,Delivered,USR-004,False
REQ-01180,2026-02-10 17:48:42,USR-161,Incentive Calculation,Standing - Monthly,P1,4,2026-02-10 21:48:42,2026-02-10 22:54:07,Delivered,USR-004,False
REQ-01181,2026-02-13 10:56:03,USR-076,Ad hoc Analysis,Ad hoc,P3,72,2026-02-16 10:56:03,2026-02-15 09:46:17,Delivered,USR-005,True
REQ-01182,2026-02-13 17:14:02,USR-131,Board / Owner Review Pack,Ad hoc,P1,4,2026-02-13 21:14:02,2026-02-13 18:47:29,Delivered,USR-005,False
REQ-01183,2026-02-14 12:37:11,USR-162,Incentive Calculation,Standing - Monthly,P1,4,2026-02-14 16:37:11,2026-02-14 15:30:36,Delivered,USR-005,False
REQ-01184,2026-02-16 13:15:56,USR-001,Daily Sales Flash,Standing - Daily,P1,4,2026-02-16 17:15:56,2026-02-16 14:35:20,Delivered,USR-005,False
REQ-01185,2026-02-16 15:17:53,USR-132,Daily Sales Flash,Standing - Daily,P1,4,2026-02-16 19:17:53,2026-02-16 19:20:10,Delivered,USR-004,False
REQ-01186,2026-02-16 17:41:47,USR-199,Daily Sales Flash,Standing - Daily,P1,4,2026-02-16 21:41:47,2026-02-16 20:32:34,Delivered,USR-004,False
REQ-01187,2026-02-17 14:26:49,USR-197,Data Correction,Ad hoc,P2,24,2026-02-18 14:26:49,2026-02-17 19:45:01,Delivered,USR-004,False
REQ-01188,2026-02-18 18:22:44,USR-132,Daily Sales Flash,Standing - Daily,P1,4,2026-02-18 22:22:44,2026-02-18 19:28:29,Delivered,USR-005,False
REQ-01189,2026-02-19 09:37:23,USR-075,Daily Sales Flash,Standing - Daily,P1,4,2026-02-19 13:37:23,2026-02-19 11:21:28,Delivered,USR-004,False
REQ-01190,2026-02-19 14:06:21,USR-197,Weekly Pipeline Review,Standing - Weekly,P2,24,2026-02-20 14:06:21,2026-02-20 01:18:41,Delivered,USR-004,False
REQ-01191,2026-02-19 16:47:52,USR-041,Daily Sales Flash,Standing - Daily,P1,4,2026-02-19 20:47:52,2026-02-19 18:51:44,Delivered,USR-004,False
REQ-01192,2026-02-19 17:21:30,USR-076,Ad hoc Analysis,Ad hoc,P3,72,2026-02-22 17:21:30,2026-02-21 09:41:50,Delivered,USR-005,False
REQ-01193,2026-02-20 10:00:18,USR-043,Lead Source ROI,Ad hoc,P1,4,2026-02-20 14:00:18,2026-02-20 13:38:51,Delivered,USR-004,False
REQ-01194,2026-02-20 11:18:55,USR-105,Data Correction,Ad hoc,P2,24,2026-02-21 11:18:55,2026-02-21 09:09:13,Delivered,USR-004,False
REQ-01195,2026-02-20 15:02:17,USR-200,Data Correction,Ad hoc,P1,4,2026-02-20 19:02:17,2026-02-20 15:52:48,Delivered,USR-005,False
REQ-01196,2026-02-21 13:14:12,USR-131,Ad hoc Analysis,Ad hoc,P3,72,2026-02-24 13:14:12,2026-02-23 19:18:20,Delivered,USR-005,False
REQ-01197,2026-02-21 16:15:33,USR-178,Ad hoc Analysis,Ad hoc,P3,72,2026-02-24 16:15:33,2026-02-23 06:34:10,Delivered,USR-005,False
REQ-01198,2026-02-22 12:59:57,USR-162,Ad hoc Analysis,Ad hoc,P3,72,2026-02-25 12:59:57,,Cancelled,USR-005,False
REQ-01199,2026-02-23 12:14:52,USR-041,Ad hoc Analysis,Ad hoc,P3,72,2026-02-26 12:14:52,2026-02-26 03:42:30,Delivered,USR-005,False
REQ-01200,2026-02-23 18:18:26,USR-075,Weekly Pipeline Review,Standing - Weekly,P2,24,2026-02-24 18:18:26,2026-02-24 16:55:16,Delivered,USR-005,False
REQ-01201,2026-02-23 18:29:06,USR-041,Weekly Pipeline Review,Standing - Weekly,P2,24,2026-02-24 18:29:06,2026-02-24 03:27:02,Delivered,USR-005,False
REQ-01202,2026-02-24 14:09:11,OEM Regional Office,OEM Submission,Standing - Monthly,P1,4,2026-02-24 18:09:11,2026-02-24 15:14:07,Delivered,USR-005,False
REQ-01203,2026-02-26 10:41:48,USR-006,Ad hoc Analysis,Ad hoc,P3,72,2026-03-01 10:41:48,2026-02-28 06:22:43,Delivered,USR-004,True
REQ-01204,2026-02-26 13:48:21,USR-200,Lead Source ROI,Ad hoc,P1,4,2026-02-26 17:48:21,2026-02-26 15:32:50,Delivered,USR-004,False
REQ-01205,2026-02-27 16:37:03,USR-043,Ad hoc Analysis,Ad hoc,P1,4,2026-02-27 20:37:03,2026-02-27 18:13:08,Delivered,USR-005,False
REQ-01206,2026-02-27 16:57:55,USR-200,Ad hoc Analysis,Ad hoc,P1,4,2026-02-27 20:57:55,2026-02-27 18:23:39,Delivered,USR-005,False
REQ-01207,2026-02-27 18:17:42,USR-105,Ad hoc Analysis,Ad hoc,P1,4,2026-02-27 22:17:42,2026-02-27 19:09:31,Delivered,USR-004,False
REQ-01208,2026-03-01 10:57:51,USR-007,Weekly Pipeline Review,Standing - Weekly,P2,24,2026-03-02 10:57:51,2026-03-01 22:49:08,Delivered,USR-005,False
REQ-01209,2026-03-01 14:23:33,USR-196,Incentive Calculation,Standing - Monthly,P1,4,2026-03-01 18:23:33,2026-03-01 16:24:10,Delivered,USR-004,False
REQ-01210,2026-03-01 14:48:16,USR-161,Lead Source ROI,Ad hoc,P3,72,2026-03-04 14:48:16,2026-03-03 10:04:41,Delivered,USR-005,False
REQ-01211,2026-03-04 11:14:51,USR-132,Weekly Pipeline Review,Standing - Weekly,P2,24,2026-03-05 11:14:51,2026-03-04 21:05:36,Delivered,USR-005,False
REQ-01212,2026-03-04 12:44:36,USR-104,Incentive Calculation,Standing - Monthly,P1,4,2026-03-04 16:44:36,2026-03-04 15:33:24,Delivered,USR-004,False
REQ-01213,2026-03-05 14:24:52,USR-043,Daily Sales Flash,Standing - Daily,P1,4,2026-03-05 18:24:52,2026-03-05 16:58:54,Delivered,USR-005,False
REQ-01214,2026-03-05 16:41:01,USR-162,Weekly Pipeline Review,Standing - Weekly,P2,24,2026-03-06 16:41:01,2026-03-06 01:10:57,Delivered,USR-004,False
REQ-01215,2026-03-07 17:44:43,OEM Regional Office,OEM Submission,Standing - Monthly,P1,4,2026-03-07 21:44:43,2026-03-07 19:48:32,Delivered,USR-005,False
REQ-01216,2026-03-08 15:14:27,USR-001,Daily Sales Flash,Standing - Daily,P1,4,2026-03-08 19:14:27,2026-03-08 20:07:43,Delivered,USR-004,False
REQ-01217,2026-03-09 09:51:18,USR-162,Incentive Calculation,Standing - Monthly,P1,4,2026-03-09 13:51:18,2026-03-09 11:41:37,Delivered,USR-005,False
REQ-01218,2026-03-09 12:48:45,USR-043,Weekly Pipeline Review,Standing - Weekly,P2,24,2026-03-10 12:48:45,2026-03-10 05:51:43,Delivered,USR-005,False
REQ-01219,2026-03-10 11:11:00,USR-178,Daily Sales Flash,Standing - Daily,P1,4,2026-03-10 15:11:00,2026-03-10 13:32:47,Delivered,USR-005,False
REQ-01220,2026-03-10 14:00:15,USR-131,Ad hoc Analysis,Ad hoc,P3,72,2026-03-13 14:00:15,2026-03-12 13:30:26,Delivered,USR-004,False
REQ-01221,2026-03-11 12:00:19,USR-132,Target vs Achievement,Standing - Monthly,P2,24,2026-03-12 12:00:19,2026-03-11 20:17:15,Delivered,USR-004,False
REQ-01222,2026-03-11 16:50:57,USR-178,Lead Source ROI,Ad hoc,P3,72,2026-03-14 16:50:57,2026-03-12 04:25:49,Delivered,USR-005,False
REQ-01223,2026-03-12 15:49:36,USR-076,Data Correction,Ad hoc,P2,24,2026-03-13 15:49:36,2026-03-13 01:14:20,Delivered,USR-005,False
REQ-01224,2026-03-13 11:50:59,USR-199,Weekly Pipeline Review,Standing - Weekly,P2,24,2026-03-14 11:50:59,2026-03-14 14:10:24,Delivered,USR-005,False
REQ-01225,2026-03-14 14:57:06,USR-200,Weekly Pipeline Review,Standing - Weekly,P2,24,2026-03-15 14:57:06,2026-03-15 03:33:04,Delivered,USR-004,True
REQ-01226,2026-03-16 11:33:39,USR-001,Ad hoc Analysis,Ad hoc,P1,4,2026-03-16 15:33:39,2026-03-16 14:02:14,Delivered,USR-004,False
REQ-01227,2026-03-17 15:35:21,USR-199,Weekly Pipeline Review,Standing - Weekly,P2,24,2026-03-18 15:35:21,2026-03-18 15:39:40,Delivered,USR-005,False
REQ-01228,2026-03-17 17:15:47,USR-105,Weekly Pipeline Review,Standing - Weekly,P2,24,2026-03-18 17:15:47,2026-03-18 04:18:01,Delivered,USR-005,False
REQ-01229,2026-03-19 12:14:35,USR-178,Board / Owner Review Pack,Ad hoc,P1,4,2026-03-19 16:14:35,2026-03-19 13:34:22,Delivered,USR-005,False
REQ-01230,2026-03-19 12:24:09,USR-043,Lead Source ROI,Ad hoc,P3,72,2026-03-22 12:24:09,2026-03-21 01:41:33,Delivered,USR-005,False
REQ-01231,2026-03-19 17:19:17,USR-105,Ad hoc Analysis,Ad hoc,P3,72,2026-03-22 17:19:17,2026-03-20 08:18:37,Delivered,USR-005,False
REQ-01232,2026-03-20 16:11:09,USR-196,Lead Source ROI,Ad hoc,P3,72,2026-03-23 16:11:09,2026-03-21 06:39:17,Delivered,USR-004,False
REQ-01233,2026-03-22 14:09:38,USR-075,Target vs Achievement,Standing - Monthly,P2,24,2026-03-23 14:09:38,2026-03-23 16:02:52,Delivered,USR-005,False
REQ-01234,2026-03-24 11:20:30,USR-200,Data Correction,Ad hoc,P1,4,2026-03-24 15:20:30,2026-03-24 17:07:00,Delivered,USR-005,True
REQ-01235,2026-03-24 13:31:17,USR-200,Lead Source ROI,Ad hoc,P3,72,2026-03-27 13:31:17,2026-03-27 09:18:08,Delivered,USR-004,False
REQ-01236,2026-03-24 13:46:05,USR-162,Weekly Pipeline Review,Standing - Weekly,P2,24,2026-03-25 13:46:05,2026-03-25 03:06:34,Delivered,USR-004,False
REQ-01237,2026-03-25 13:45:58,USR-132,Ad hoc Analysis,Ad hoc,P3,72,2026-03-28 13:45:58,2026-03-26 14:55:13,Delivered,USR-005,False
REQ-01238,2026-03-26 10:57:53,USR-161,Daily Sales Flash,Standing - Daily,P1,4,2026-03-26 14:57:53,2026-03-26 12:25:55,Delivered,USR-004,False
REQ-01239,2026-03-26 12:34:28,USR-104,Incentive Calculation,Standing - Monthly,P1,4,2026-03-26 16:34:28,2026-03-26 13:35:43,Delivered,USR-004,True
REQ-01240,2026-03-26 14:33:56,USR-162,Incentive Calculation,Standing - Monthly,P1,4,2026-03-26 18:33:56,2026-03-26 16:55:06,Delivered,USR-004,False
REQ-01241,2026-03-27 11:53:04,USR-161,Weekly Pipeline Review,Standing - Weekly,P2,24,2026-03-28 11:53:04,2026-03-28 01:02:30,Delivered,USR-004,False
REQ-01242,2026-03-29 09:52:44,USR-007,Lead Source ROI,Ad hoc,P3,72,2026-04-01 09:52:44,2026-03-31 20:14:24,Delivered,USR-005,False
REQ-01243,2026-03-31 17:27:57,USR-006,Data Correction,Ad hoc,P2,24,2026-04-01 17:27:57,2026-04-01 00:05:56,Delivered,USR-005,False
REQ-01244,2026-04-02 14:46:50,USR-161,Ad hoc Analysis,Ad hoc,P1,4,2026-04-02 18:46:50,2026-04-02 16:24:34,Delivered,USR-005,False
REQ-01245,2026-04-03 10:58:00,USR-042,Data Correction,Ad hoc,P2,24,2026-04-04 10:58:00,2026-04-03 21:02:34,Delivered,USR-005,False
REQ-01246,2026-04-03 15:16:15,USR-196,Incentive Calculation,Standing - Monthly,P1,4,2026-04-03 19:16:15,2026-04-03 21:40:02,Delivered,USR-005,False
REQ-01247,2026-04-03 16:39:07,USR-197,Data Correction,Ad hoc,P2,24,2026-04-04 16:39:07,2026-04-04 09:49:32,Delivered,USR-004,False
REQ-01248,2026-04-04 09:40:11,USR-178,Ad hoc Analysis,Ad hoc,P1,4,2026-04-04 13:40:11,2026-04-04 10:44:09,Delivered,USR-005,False
REQ-01249,2026-04-04 12:23:18,USR-162,Board / Owner Review Pack,Ad hoc,P1,4,2026-04-04 16:23:18,2026-04-04 16:37:40,Delivered,USR-004,False
REQ-01250,2026-04-05 12:00:05,USR-199,Daily Sales Flash,Standing - Daily,P1,4,2026-04-05 16:00:05,2026-04-05 15:00:21,Delivered,USR-004,False
REQ-01251,2026-04-05 16:43:16,USR-197,Daily Sales Flash,Standing - Daily,P1,4,2026-04-05 20:43:16,2026-04-05 18:02:05,Delivered,USR-004,False
REQ-01252,2026-04-06 12:03:23,USR-197,Daily Sales Flash,Standing - Daily,P1,4,2026-04-06 16:03:23,2026-04-06 16:39:13,Delivered,USR-004,False
REQ-01253,2026-04-06 18:01:46,USR-199,Data Correction,Ad hoc,P2,24,2026-04-07 18:01:46,2026-04-07 04:18:18,Delivered,USR-004,False
REQ-01254,2026-04-10 11:00:41,USR-041,Lead Source ROI,Ad hoc,P1,4,2026-04-10 15:00:41,2026-04-10 12:28:24,Delivered,USR-004,False
REQ-01255,2026-04-10 12:39:59,USR-197,Weekly Pipeline Review,Standing - Weekly,P2,24,2026-04-11 12:39:59,2026-04-11 00:32:24,Delivered,USR-005,False
REQ-01256,2026-04-10 15:29:22,USR-006,Data Correction,Ad hoc,P2,24,2026-04-11 15:29:22,2026-04-11 19:17:48,Delivered,USR-005,False
REQ-01257,2026-04-11 18:27:15,USR-131,Incentive Calculation,Standing - Monthly,P1,4,2026-04-11 22:27:15,2026-04-11 19:27:05,Delivered,USR-004,False
REQ-01258,2026-04-13 11:17:14,USR-132,Ad hoc Analysis,Ad hoc,P3,72,2026-04-16 11:17:14,2026-04-15 08:04:44,Delivered,USR-004,False
REQ-01259,2026-04-13 13:20:13,USR-105,Data Correction,Ad hoc,P2,24,2026-04-14 13:20:13,2026-04-13 21:19:00,Delivered,USR-005,False
REQ-01260,2026-04-13 17:50:55,USR-041,Data Correction,Ad hoc,P2,24,2026-04-14 17:50:55,2026-04-13 23:11:30,Delivered,USR-005,True
REQ-01261,2026-04-14 18:16:33,OEM Regional Office,OEM Submission,Standing - Monthly,P1,4,2026-04-14 22:16:33,2026-04-14 21:09:03,Delivered,USR-005,False
REQ-01262,2026-04-15 17:57:11,USR-041,Ad hoc Analysis,Ad hoc,P3,72,2026-04-18 17:57:11,2026-04-17 07:19:51,Delivered,USR-005,False
REQ-01263,2026-04-16 10:24:16,USR-001,Ad hoc Analysis,Ad hoc,P3,72,2026-04-19 10:24:16,2026-04-18 03:12:48,Delivered,USR-005,False
REQ-01264,2026-04-17 09:55:08,USR-041,Data Correction,Ad hoc,P2,24,2026-04-18 09:55:08,2026-04-18 09:25:59,Delivered,USR-004,False
REQ-01265,2026-04-17 11:20:17,USR-007,Weekly Pipeline Review,Standing - Weekly,P2,24,2026-04-18 11:20:17,2026-04-18 07:03:18,Delivered,USR-005,False
REQ-01266,2026-04-17 17:48:10,USR-043,Ad hoc Analysis,Ad hoc,P3,72,2026-04-20 17:48:10,2026-04-19 05:35:14,Delivered,USR-005,False
REQ-01267,2026-04-19 09:51:36,USR-076,Ad hoc Analysis,Ad hoc,P3,72,2026-04-22 09:51:36,2026-04-20 02:49:17,Delivered,USR-004,False
REQ-01268,2026-04-19 12:31:36,USR-198,Board / Owner Review Pack,Ad hoc,P1,4,2026-04-19 16:31:36,2026-04-19 20:57:15,Delivered,USR-004,False
REQ-01269,2026-04-19 15:07:08,USR-178,Data Correction,Ad hoc,P2,24,2026-04-20 15:07:08,2026-04-19 23:24:40,Delivered,USR-004,True
REQ-01270,2026-04-19 16:47:16,USR-131,Lead Source ROI,Ad hoc,P3,72,2026-04-22 16:47:16,2026-04-21 13:32:40,Delivered,USR-005,False
REQ-01271,2026-04-19 17:50:38,USR-196,Data Correction,Ad hoc,P1,4,2026-04-19 21:50:38,,Cancelled,USR-005,False
REQ-01272,2026-04-20 10:43:29,USR-006,Ad hoc Analysis,Ad hoc,P3,72,2026-04-23 10:43:29,2026-04-21 09:34:19,Delivered,USR-004,False
REQ-01273,2026-04-20 10:46:27,USR-007,Board / Owner Review Pack,Ad hoc,P1,4,2026-04-20 14:46:27,2026-04-20 14:26:39,Delivered,USR-004,False
REQ-01274,2026-04-20 12:42:21,USR-132,Data Correction,Ad hoc,P2,24,2026-04-21 12:42:21,2026-04-20 21:11:32,Delivered,USR-004,False
REQ-01275,2026-04-21 16:11:59,USR-198,Daily Sales Flash,Standing - Daily,P1,4,2026-04-21 20:11:59,2026-04-21 17:01:37,Delivered,USR-004,False
REQ-01276,2026-04-22 16:36:34,USR-104,Daily Sales Flash,Standing - Daily,P1,4,2026-04-22 20:36:34,2026-04-22 17:31:16,Delivered,USR-004,True
REQ-01277,2026-04-23 16:27:28,USR-007,Data Correction,Ad hoc,P2,24,2026-04-24 16:27:28,2026-04-25 03:27:17,Delivered,USR-004,False
REQ-01278,2026-04-24 09:39:53,USR-198,Daily Sales Flash,Standing - Daily,P1,4,2026-04-24 13:39:53,2026-04-24 13:09:25,Delivered,USR-004,False
REQ-01279,2026-04-24 10:20:09,USR-199,Lead Source ROI,Ad hoc,P3,72,2026-04-27 10:20:09,2026-04-26 10:56:31,Delivered,USR-004,False
REQ-01280,2026-04-24 15:07:54,USR-178,Daily Sales Flash,Standing - Daily,P1,4,2026-04-24 19:07:54,2026-04-24 16:33:22,Delivered,USR-005,False
REQ-01281,2026-04-25 13:49:03,USR-104,Target vs Achievement,Standing - Monthly,P2,24,2026-04-26 13:49:03,,Cancelled,USR-004,False
REQ-01282,2026-04-26 12:01:46,USR-104,Lead Source ROI,Ad hoc,P3,72,2026-04-29 12:01:46,2026-04-28 06:51:12,Delivered,USR-005,True
REQ-01283,2026-04-26 17:59:49,USR-006,Lead Source ROI,Ad hoc,P1,4,2026-04-26 21:59:49,,Cancelled,USR-005,False
REQ-01284,2026-04-27 13:22:53,USR-104,Ad hoc Analysis,Ad hoc,P3,72,2026-04-30 13:22:53,2026-04-29 03:10:44,Delivered,USR-005,False
REQ-01285,2026-04-27 14:47:13,USR-075,Lead Source ROI,Ad hoc,P3,72,2026-04-30 14:47:13,2026-04-28 23:27:26,Delivered,USR-005,False
REQ-01286,2026-04-27 18:20:37,USR-197,Incentive Calculation,Standing - Monthly,P1,4,2026-04-27 22:20:37,2026-04-27 21:21:33,Delivered,USR-004,False
REQ-01287,2026-04-28 09:31:46,USR-132,Weekly Pipeline Review,Standing - Weekly,P2,24,2026-04-29 09:31:46,2026-04-29 00:26:16,Delivered,USR-004,False
REQ-01288,2026-04-28 18:19:16,USR-104,Data Correction,Ad hoc,P2,24,2026-04-29 18:19:16,2026-04-29 00:53:55,Delivered,USR-005,False
REQ-01289,2026-05-02 15:12:14,USR-075,Target vs Achievement,Standing - Monthly,P2,24,2026-05-03 15:12:14,2026-05-02 17:27:44,Delivered,USR-005,False
REQ-01290,2026-05-03 13:40:26,USR-076,Ad hoc Analysis,Ad hoc,P3,72,2026-05-06 13:40:26,2026-05-04 11:51:41,Delivered,USR-004,False
REQ-01291,2026-05-03 15:06:19,USR-196,Ad hoc Analysis,Ad hoc,P1,4,2026-05-03 19:06:19,2026-05-03 15:52:21,Delivered,USR-004,False
REQ-01292,2026-05-04 12:37:57,USR-196,Weekly Pipeline Review,Standing - Weekly,P2,24,2026-05-05 12:37:57,2026-05-06 03:57:57,Delivered,USR-004,False
REQ-01293,2026-05-04 13:12:40,USR-197,Data Correction,Ad hoc,P2,24,2026-05-05 13:12:40,2026-05-05 00:32:23,Delivered,USR-004,False
REQ-01294,2026-05-06 12:05:21,USR-043,Data Correction,Ad hoc,P1,4,2026-05-06 16:05:21,2026-05-06 16:25:49,Delivered,USR-005,False
REQ-01295,2026-05-08 10:50:00,USR-198,Incentive Calculation,Standing - Monthly,P1,4,2026-05-08 14:50:00,2026-05-08 12:25:52,Delivered,USR-005,False
REQ-01296,2026-05-09 14:37:10,USR-196,Daily Sales Flash,Standing - Daily,P1,4,2026-05-09 18:37:10,2026-05-09 16:46:04,Delivered,USR-005,False
REQ-01297,2026-05-10 09:53:06,USR-075,Lead Source ROI,Ad hoc,P3,72,2026-05-13 09:53:06,2026-05-12 11:47:10,Delivered,USR-004,False
REQ-01298,2026-05-11 10:15:15,OEM Regional Office,OEM Submission,Standing - Monthly,P1,4,2026-05-11 14:15:15,2026-05-11 11:58:23,Delivered,USR-004,False
REQ-01299,2026-05-12 14:15:22,USR-042,Weekly Pipeline Review,Standing - Weekly,P2,24,2026-05-13 14:15:22,2026-05-12 18:04:04,Delivered,USR-005,False
REQ-01300,2026-05-16 16:17:56,USR-132,Target vs Achievement,Standing - Monthly,P2,24,2026-05-17 16:17:56,2026-05-16 18:33:59,Delivered,USR-005,False
REQ-01301,2026-05-17 12:01:50,USR-161,Target vs Achievement,Standing - Monthly,P2,24,2026-05-18 12:01:50,2026-05-17 17:32:38,Delivered,USR-005,False
REQ-01302,2026-05-17 12:46:03,USR-007,Weekly Pipeline Review,Standing - Weekly,P2,24,2026-05-18 12:46:03,2026-05-19 02:19:45,Delivered,USR-004,False
REQ-01303,2026-05-17 18:09:23,USR-198,Data Correction,Ad hoc,P2,24,2026-05-18 18:09:23,2026-05-17 21:55:07,Delivered,USR-005,False
REQ-01304,2026-05-18 15:26:35,USR-198,Target vs Achievement,Standing - Monthly,P2,24,2026-05-19 15:26:35,2026-05-19 02:14:53,Delivered,USR-005,False
REQ-01305,2026-05-19 11:42:09,USR-076,Target vs Achievement,Standing - Monthly,P2,24,2026-05-20 11:42:09,2026-05-19 22:21:13,Delivered,USR-004,False
REQ-01306,2026-05-19 14:46:35,USR-198,Ad hoc Analysis,Ad hoc,P3,72,2026-05-22 14:46:35,2026-05-20 19:34:22,Delivered,USR-004,False
REQ-01307,2026-05-19 17:25:37,USR-132,Lead Source ROI,Ad hoc,P3,72,2026-05-22 17:25:37,2026-05-21 16:25:16,Delivered,USR-005,False
REQ-01308,2026-05-20 10:56:57,USR-042,Daily Sales Flash,Standing - Daily,P1,4,2026-05-20 14:56:57,2026-05-20 15:04:59,Delivered,USR-004,True
REQ-01309,2026-05-20 14:02:42,USR-197,Target vs Achievement,Standing - Monthly,P2,24,2026-05-21 14:02:42,2026-05-20 19:46:08,Delivered,USR-005,False
REQ-01310,2026-05-20 14:58:49,USR-198,Ad hoc Analysis,Ad hoc,P3,72,2026-05-23 14:58:49,2026-05-21 15:08:05,Delivered,USR-004,False
REQ-01311,2026-05-21 09:46:20,USR-001,Daily Sales Flash,Standing - Daily,P1,4,2026-05-21 13:46:20,2026-05-21 12:43:21,Delivered,USR-005,False
REQ-01312,2026-05-22 11:31:32,USR-131,Ad hoc Analysis,Ad hoc,P3,72,2026-05-25 11:31:32,2026-05-23 09:06:48,Delivered,USR-005,False
REQ-01313,2026-05-22 14:34:25,USR-199,Data Correction,Ad hoc,P2,24,2026-05-23 14:34:25,2026-05-22 23:00:55,Delivered,USR-005,False
REQ-01314,2026-05-24 11:24:09,USR-200,Weekly Pipeline Review,Standing - Weekly,P2,24,2026-05-25 11:24:09,2026-05-24 22:26:23,Delivered,USR-004,True
REQ-01315,2026-05-24 15:43:23,OEM Regional Office,OEM Submission,Standing - Monthly,P1,4,2026-05-24 19:43:23,2026-05-24 17:36:11,Delivered,USR-004,False
REQ-01316,2026-05-24 15:56:27,USR-198,Ad hoc Analysis,Ad hoc,P1,4,2026-05-24 19:56:27,2026-05-24 19:15:36,Delivered,USR-005,False
REQ-01317,2026-05-25 11:17:49,USR-196,Incentive Calculation,Standing - Monthly,P1,4,2026-05-25 15:17:49,2026-05-25 13:32:42,Delivered,USR-005,True
REQ-01318,2026-05-25 13:47:30,USR-132,Lead Source ROI,Ad hoc,P3,72,2026-05-28 13:47:30,2026-05-26 05:49:10,Delivered,USR-005,False
REQ-01319,2026-05-26 16:08:02,USR-196,Daily Sales Flash,Standing - Daily,P1,4,2026-05-26 20:08:02,2026-05-26 17:45:29,Delivered,USR-005,False
REQ-01320,2026-05-26 18:24:55,USR-132,Data Correction,Ad hoc,P1,4,2026-05-26 22:24:55,2026-05-26 23:12:04,Delivered,USR-004,False
REQ-01321,2026-05-27 14:36:48,USR-161,Ad hoc Analysis,Ad hoc,P3,72,2026-05-30 14:36:48,2026-05-28 18:12:01,Delivered,USR-005,False
REQ-01322,2026-05-28 15:30:45,USR-197,Ad hoc Analysis,Ad hoc,P3,72,2026-05-31 15:30:45,2026-05-30 22:13:06,Delivered,USR-004,False
REQ-01323,2026-05-28 15:44:59,USR-042,Data Correction,Ad hoc,P2,24,2026-05-29 15:44:59,2026-05-29 01:51:16,Delivered,USR-005,False
REQ-01324,2026-05-31 16:08:57,OEM Regional Office,OEM Submission,Standing - Monthly,P1,4,2026-05-31 20:08:57,2026-05-31 18:46:03,Delivered,USR-005,False
REQ-01325,2026-06-01 11:18:58,USR-197,Weekly Pipeline Review,Standing - Weekly,P2,24,2026-06-02 11:18:58,2026-06-02 00:15:16,Delivered,USR-005,False
REQ-01326,2026-06-01 11:38:49,USR-104,Target vs Achievement,Standing - Monthly,P2,24,2026-06-02 11:38:49,2026-06-01 18:18:16,Delivered,USR-005,True
REQ-01327,2026-06-01 16:22:04,USR-006,Data Correction,Ad hoc,P2,24,2026-06-02 16:22:04,2026-06-02 15:47:20,Delivered,USR-005,False
REQ-01328,2026-06-01 16:36:29,USR-043,Daily Sales Flash,Standing - Daily,P1,4,2026-06-01 20:36:29,2026-06-01 18:37:00,Delivered,USR-004,False
REQ-01329,2026-06-01 17:24:08,USR-196,Ad hoc Analysis,Ad hoc,P1,4,2026-06-01 21:24:08,,Cancelled,USR-005,False
REQ-01330,2026-06-03 16:55:44,USR-007,Weekly Pipeline Review,Standing - Weekly,P2,24,2026-06-04 16:55:44,2026-06-04 13:20:17,Delivered,USR-005,False
REQ-01331,2026-06-04 10:39:43,USR-001,Incentive Calculation,Standing - Monthly,P1,4,2026-06-04 14:39:43,2026-06-04 13:27:53,Delivered,USR-005,False
REQ-01332,2026-06-04 12:13:03,USR-196,Target vs Achievement,Standing - Monthly,P2,24,2026-06-05 12:13:03,2026-06-05 04:49:11,Delivered,USR-005,True
REQ-01333,2026-06-05 12:44:00,USR-042,Daily Sales Flash,Standing - Daily,P1,4,2026-06-05 16:44:00,2026-06-05 15:35:45,Delivered,USR-004,False
REQ-01334,2026-06-06 12:20:22,USR-197,Weekly Pipeline Review,Standing - Weekly,P2,24,2026-06-07 12:20:22,,Cancelled,USR-005,False
REQ-01335,2026-06-06 18:13:28,USR-161,Weekly Pipeline Review,Standing - Weekly,P2,24,2026-06-07 18:13:28,2026-06-07 14:52:24,Delivered,USR-004,False
REQ-01336,2026-06-09 10:29:33,USR-075,Data Correction,Ad hoc,P2,24,2026-06-10 10:29:33,2026-06-10 06:22:56,Delivered,USR-005,False
REQ-01337,2026-06-12 11:04:56,USR-075,Ad hoc Analysis,Ad hoc,P3,72,2026-06-15 11:04:56,2026-06-14 01:05:47,Delivered,USR-005,True
REQ-01338,2026-06-13 09:58:25,USR-076,Data Correction,Ad hoc,P2,24,2026-06-14 09:58:25,2026-06-14 07:18:40,Delivered,USR-004,True
REQ-01339,2026-06-13 12:48:33,USR-006,Target vs Achievement,Standing - Monthly,P2,24,2026-06-14 12:48:33,2026-06-13 20:00:53,Delivered,USR-004,False
REQ-01340,2026-06-13 15:07:19,USR-132,Data Correction,Ad hoc,P2,24,2026-06-14 15:07:19,2026-06-14 00:13:09,Delivered,USR-005,False
REQ-01341,2026-06-13 16:21:15,USR-041,Daily Sales Flash,Standing - Daily,P1,4,2026-06-13 20:21:15,2026-06-13 21:57:00,Delivered,USR-004,False
REQ-01342,2026-06-14 14:14:46,USR-006,Target vs Achievement,Standing - Monthly,P2,24,2026-06-15 14:14:46,2026-06-14 19:51:44,Delivered,USR-005,False
REQ-01343,2026-06-14 15:11:25,USR-043,Data Correction,Ad hoc,P2,24,2026-06-15 15:11:25,2026-06-15 03:08:17,Delivered,USR-004,False
REQ-01344,2026-06-14 17:14:14,USR-041,Weekly Pipeline Review,Standing - Weekly,P2,24,2026-06-15 17:14:14,2026-06-15 11:53:38,Delivered,USR-005,False
REQ-01345,2026-06-15 14:43:55,OEM Regional Office,OEM Submission,Standing - Monthly,P1,4,2026-06-15 18:43:55,2026-06-15 17:20:44,Delivered,USR-005,False
REQ-01346,2026-06-19 16:54:19,USR-178,Incentive Calculation,Standing - Monthly,P1,4,2026-06-19 20:54:19,2026-06-19 20:14:12,Delivered,USR-005,False
REQ-01347,2026-06-21 10:06:50,USR-200,Weekly Pipeline Review,Standing - Weekly,P2,24,2026-06-22 10:06:50,2026-06-22 23:14:06,Delivered,USR-004,False
REQ-01348,2026-06-21 12:43:19,USR-041,Target vs Achievement,Standing - Monthly,P2,24,2026-06-22 12:43:19,2026-06-21 22:33:14,Delivered,USR-005,False
REQ-01349,2026-06-21 14:00:28,USR-161,Weekly Pipeline Review,Standing - Weekly,P2,24,2026-06-22 14:00:28,2026-06-21 18:09:43,Delivered,USR-004,False
REQ-01350,2026-06-22 09:31:29,USR-076,Ad hoc Analysis,Ad hoc,P1,4,2026-06-22 13:31:29,2026-06-22 11:31:01,Delivered,USR-004,False
REQ-01351,2026-06-23 12:57:49,USR-042,Data Correction,Ad hoc,P2,24,2026-06-24 12:57:49,2026-06-24 06:54:14,Delivered,USR-005,False
REQ-01352,2026-06-24 09:36:04,OEM Regional Office,OEM Submission,Standing - Monthly,P1,4,2026-06-24 13:36:04,2026-06-24 10:12:14,Delivered,USR-004,False
REQ-01353,2026-06-24 11:28:39,USR-162,Weekly Pipeline Review,Standing - Weekly,P2,24,2026-06-25 11:28:39,2026-06-24 14:54:13,Delivered,USR-005,False
REQ-01354,2026-06-24 17:22:22,USR-076,Weekly Pipeline Review,Standing - Weekly,P2,24,2026-06-25 17:22:22,2026-06-25 08:45:17,Delivered,USR-004,False
REQ-01355,2026-06-27 12:47:13,USR-105,Daily Sales Flash,Standing - Daily,P1,4,2026-06-27 16:47:13,2026-06-27 15:50:16,Delivered,USR-004,False
REQ-01356,2026-06-27 15:05:10,USR-197,Target vs Achievement,Standing - Monthly,P2,24,2026-06-28 15:05:10,2026-06-28 08:18:56,Delivered,USR-005,False
REQ-01357,2026-06-28 10:07:27,USR-076,Ad hoc Analysis,Ad hoc,P1,4,2026-06-28 14:07:27,2026-06-28 11:19:05,Delivered,USR-005,False
REQ-01358,2026-06-28 12:54:53,USR-162,Data Correction,Ad hoc,P2,24,2026-06-29 12:54:53,2026-06-29 03:58:31,Delivered,USR-004,False
REQ-01359,2026-06-28 12:59:13,USR-006,Ad hoc Analysis,Ad hoc,P3,72,2026-07-01 12:59:13,2026-06-29 20:10:20,Delivered,USR-005,True
REQ-01360,2026-06-28 15:16:52,USR-104,Ad hoc Analysis,Ad hoc,P3,72,2026-07-01 15:16:52,2026-06-29 23:45:26,Delivered,USR-004,False
REQ-01361,2026-06-28 16:23:42,USR-131,Ad hoc Analysis,Ad hoc,P3,72,2026-07-01 16:23:42,2026-06-30 09:01:09,Delivered,USR-005,False
REQ-01362,2026-07-01 15:26:06,USR-200,Lead Source ROI,Ad hoc,P3,72,2026-07-04 15:26:06,2026-07-04 17:33:17,Delivered,USR-005,True
REQ-01363,2026-07-03 15:50:50,USR-007,Daily Sales Flash,Standing - Daily,P1,4,2026-07-03 19:50:50,2026-07-03 17:58:52,Delivered,USR-005,False
REQ-01364,2026-07-03 17:17:36,USR-075,Lead Source ROI,Ad hoc,P3,72,2026-07-06 17:17:36,2026-07-05 14:31:05,Delivered,USR-004,False
REQ-01365,2026-07-04 14:20:32,OEM Regional Office,OEM Submission,Standing - Monthly,P1,4,2026-07-04 18:20:32,2026-07-04 15:11:11,Delivered,USR-005,False
REQ-01366,2026-07-04 17:56:15,USR-178,Incentive Calculation,Standing - Monthly,P1,4,2026-07-04 21:56:15,2026-07-04 21:32:31,Delivered,USR-004,False
REQ-01367,2026-07-05 12:10:25,USR-043,Target vs Achievement,Standing - Monthly,P2,24,2026-07-06 12:10:25,2026-07-06 02:27:15,Delivered,USR-005,False
REQ-01368,2026-07-05 12:57:02,USR-199,Incentive Calculation,Standing - Monthly,P1,4,2026-07-05 16:57:02,2026-07-05 15:32:39,Delivered,USR-005,False
REQ-01369,2026-07-06 09:59:50,USR-001,Daily Sales Flash,Standing - Daily,P1,4,2026-07-06 13:59:50,2026-07-06 12:05:26,Delivered,USR-004,False
REQ-01370,2026-07-06 10:24:50,USR-041,Daily Sales Flash,Standing - Daily,P1,4,2026-07-06 14:24:50,2026-07-06 12:11:36,Delivered,USR-005,False
REQ-01371,2026-07-06 12:30:41,USR-006,Daily Sales Flash,Standing - Daily,P1,4,2026-07-06 16:30:41,2026-07-06 17:55:11,Delivered,USR-005,False
REQ-01372,2026-07-06 15:27:30,USR-131,Daily Sales Flash,Standing - Daily,P1,4,2026-07-06 19:27:30,2026-07-06 19:27:11,Delivered,USR-005,False
REQ-01373,2026-07-06 18:19:20,USR-200,Incentive Calculation,Standing - Monthly,P1,4,2026-07-06 22:19:20,2026-07-06 23:48:05,Delivered,USR-005,False
REQ-01374,2026-07-09 10:54:07,USR-200,Lead Source ROI,Ad hoc,P3,72,2026-07-12 10:54:07,2026-07-12 08:53:26,Delivered,USR-005,False
REQ-01375,2026-07-09 15:33:54,USR-200,Daily Sales Flash,Standing - Daily,P1,4,2026-07-09 19:33:54,2026-07-09 19:28:05,Delivered,USR-005,False
REQ-01376,2026-07-10 17:37:23,USR-076,Weekly Pipeline Review,Standing - Weekly,P2,24,2026-07-11 17:37:23,2026-07-10 22:01:35,Delivered,USR-004,False
REQ-01377,2026-07-11 13:47:17,USR-041,Data Correction,Ad hoc,P2,24,2026-07-12 13:47:17,2026-07-13 08:53:18,Delivered,USR-004,False
REQ-01378,2026-07-11 13:50:13,OEM Regional Office,OEM Submission,Standing - Monthly,P1,4,2026-07-11 17:50:13,2026-07-11 14:31:54,Delivered,USR-004,False
REQ-01379,2026-07-11 15:02:43,USR-104,Data Correction,Ad hoc,P2,24,2026-07-12 15:02:43,2026-07-12 02:13:36,Delivered,USR-005,False
REQ-01380,2026-07-12 10:58:45,USR-041,Target vs Achievement,Standing - Monthly,P2,24,2026-07-13 10:58:45,2026-07-13 02:41:19,Delivered,USR-004,False
REQ-01381,2026-07-13 12:45:00,USR-007,Ad hoc Analysis,Ad hoc,P3,72,2026-07-16 12:45:00,,Cancelled,USR-005,False
REQ-01382,2026-07-14 10:23:52,USR-132,Lead Source ROI,Ad hoc,P1,4,2026-07-14 14:23:52,2026-07-14 13:04:47,Delivered,USR-004,False
REQ-01383,2026-07-14 12:53:58,USR-131,Incentive Calculation,Standing - Monthly,P1,4,2026-07-14 16:53:58,2026-07-14 14:38:31,Delivered,USR-004,False
REQ-01384,2026-07-14 17:32:45,USR-197,Ad hoc Analysis,Ad hoc,P3,72,2026-07-17 17:32:45,2026-07-18 07:23:46,Delivered,USR-004,False
REQ-01385,2026-07-16 17:28:46,USR-161,Weekly Pipeline Review,Standing - Weekly,P2,24,2026-07-17 17:28:46,2026-07-16 23:43:15,Delivered,USR-004,False
REQ-01386,2026-07-16 17:49:24,USR-104,Incentive Calculation,Standing - Monthly,P1,4,2026-07-16 21:49:24,2026-07-16 20:08:58,Delivered,USR-005,False
REQ-01387,2026-07-17 15:34:25,USR-041,Daily Sales Flash,Standing - Daily,P1,4,2026-07-17 19:34:25,2026-07-17 18:44:29,Delivered,USR-005,False
REQ-01388,2026-07-19 09:39:09,OEM Regional Office,OEM Submission,Standing - Monthly,P1,4,2026-07-19 13:39:09,2026-07-19 13:14:52,Delivered,USR-005,False
REQ-01389,2026-07-21 10:41:09,USR-006,Lead Source ROI,Ad hoc,P3,72,2026-07-24 10:41:09,2026-07-23 14:21:58,Delivered,USR-004,False
REQ-01390,2026-07-22 11:32:03,USR-041,Ad hoc Analysis,Ad hoc,P1,4,2026-07-22 15:32:03,2026-07-22 12:19:00,Delivered,USR-004,False
REQ-01391,2026-07-22 13:08:23,USR-007,Lead Source ROI,Ad hoc,P1,4,2026-07-22 17:08:23,2026-07-22 16:33:38,Delivered,USR-005,False
REQ-01392,2026-07-22 14:41:19,USR-178,Data Correction,Ad hoc,P2,24,2026-07-23 14:41:19,2026-07-22 20:11:22,Delivered,USR-004,False
REQ-01393,2026-07-22 17:06:55,USR-007,Weekly Pipeline Review,Standing - Weekly,P2,24,2026-07-23 17:06:55,2026-07-22 20:37:20,Delivered,USR-005,False
REQ-01394,2026-07-22 18:23:03,USR-104,Ad hoc Analysis,Ad hoc,P3,72,2026-07-25 18:23:03,2026-07-25 07:51:54,Delivered,USR-004,False
REQ-01395,2026-07-23 09:54:03,USR-075,Ad hoc Analysis,Ad hoc,P3,72,2026-07-26 09:54:03,2026-07-24 09:09:29,Delivered,USR-005,False
REQ-01396,2026-07-23 16:50:33,USR-006,Data Correction,Ad hoc,P1,4,2026-07-23 20:50:33,2026-07-23 18:44:34,Delivered,USR-004,True
REQ-01397,2026-07-24 16:50:31,OEM Regional Office,OEM Submission,Standing - Monthly,P1,4,2026-07-24 20:50:31,2026-07-24 19:45:36,Delivered,USR-004,False
REQ-01398,2026-07-24 17:35:49,USR-132,Ad hoc Analysis,Ad hoc,P3,72,2026-07-27 17:35:49,2026-07-26 21:20:44,Delivered,USR-005,False
REQ-01399,2026-07-25 15:28:20,USR-198,Lead Source ROI,Ad hoc,P3,72,2026-07-28 15:28:20,2026-07-26 19:15:22,Delivered,USR-005,False
REQ-01400,2026-07-25 18:19:53,USR-131,Weekly Pipeline Review,Standing - Weekly,P2,24,2026-07-26 18:19:53,2026-07-26 13:32:53,Delivered,USR-005,False
REQ-01401,2026-07-26 09:57:07,USR-198,Data Correction,Ad hoc,P1,4,2026-07-26 13:57:07,2026-07-26 14:25:51,Delivered,USR-005,False
REQ-01402,2026-07-27 14:23:03,USR-132,Ad hoc Analysis,Ad hoc,P1,4,2026-07-27 18:23:03,2026-07-27 16:17:17,Delivered,USR-004,False
REQ-01403,2026-07-27 15:04:01,USR-162,Weekly Pipeline Review,Standing - Weekly,P2,24,2026-07-28 15:04:01,2026-07-28 00:06:37,Delivered,USR-004,False
REQ-01404,2026-07-28 13:55:35,USR-075,Daily Sales Flash,Standing - Daily,P1,4,2026-07-28 17:55:35,2026-07-28 16:59:31,Delivered,USR-004,False
REQ-01405,2026-07-30 10:05:33,USR-041,Target vs Achievement,Standing - Monthly,P2,24,2026-07-31 10:05:33,2026-07-31 18:46:39,Delivered,USR-005,False
REQ-01406,2026-07-30 12:26:47,USR-105,Incentive Calculation,Standing - Monthly,P1,4,2026-07-30 16:26:47,2026-07-30 16:13:42,Delivered,USR-005,False
REQ-01407,2026-07-30 12:51:42,USR-104,Weekly Pipeline Review,Standing - Weekly,P2,24,2026-07-31 12:51:42,2026-07-31 10:20:54,Delivered,USR-004,False
REQ-01408,2026-08-01 13:29:10,USR-178,Ad hoc Analysis,Ad hoc,P1,4,2026-08-01 17:29:10,2026-08-01 14:56:38,Delivered,USR-004,False
REQ-01409,2026-08-01 16:18:52,USR-042,Incentive Calculation,Standing - Monthly,P1,4,2026-08-01 20:18:52,2026-08-01 17:53:57,Delivered,USR-004,False
REQ-01410,2026-08-02 14:15:12,OEM Regional Office,OEM Submission,Standing - Monthly,P1,4,2026-08-02 18:15:12,2026-08-02 15:15:05,Delivered,USR-005,False
REQ-01411,2026-08-02 17:22:58,USR-006,Data Correction,Ad hoc,P2,24,2026-08-03 17:22:58,2026-08-02 22:38:01,Delivered,USR-005,False
REQ-01412,2026-08-02 18:13:08,USR-041,Data Correction,Ad hoc,P1,4,2026-08-02 22:13:08,2026-08-02 20:35:42,Delivered,USR-005,False
REQ-01413,2026-08-03 09:55:35,USR-200,Daily Sales Flash,Standing - Daily,P1,4,2026-08-03 13:55:35,2026-08-03 13:20:10,Delivered,USR-005,False
REQ-01414,2026-08-03 14:45:59,USR-131,Target vs Achievement,Standing - Monthly,P2,24,2026-08-04 14:45:59,2026-08-04 09:46:11,Delivered,USR-004,False
REQ-01415,2026-08-03 14:55:47,USR-199,Weekly Pipeline Review,Standing - Weekly,P2,24,2026-08-04 14:55:47,2026-08-04 00:30:08,Delivered,USR-004,False
REQ-01416,2026-08-05 10:39:12,USR-162,Ad hoc Analysis,Ad hoc,P3,72,2026-08-08 10:39:12,2026-08-06 16:11:53,Delivered,USR-005,False
REQ-01417,2026-08-06 12:46:50,USR-131,Target vs Achievement,Standing - Monthly,P2,24,2026-08-07 12:46:50,2026-08-06 21:03:55,Delivered,USR-005,False
REQ-01418,2026-08-06 14:47:41,USR-043,Target vs Achievement,Standing - Monthly,P2,24,2026-08-07 14:47:41,2026-08-06 20:57:09,Delivered,USR-004,False
REQ-01419,2026-08-07 11:27:29,USR-041,Board / Owner Review Pack,Ad hoc,P1,4,2026-08-07 15:27:29,2026-08-07 12:44:19,Delivered,USR-005,False
REQ-01420,2026-08-07 15:39:10,USR-161,Weekly Pipeline Review,Standing - Weekly,P2,24,2026-08-08 15:39:10,2026-08-07 22:03:33,Delivered,USR-004,False
REQ-01421,2026-08-07 17:07:55,USR-199,Daily Sales Flash,Standing - Daily,P1,4,2026-08-07 21:07:55,2026-08-07 19:24:52,Delivered,USR-004,False
REQ-01422,2026-08-07 18:13:07,USR-198,Target vs Achievement,Standing - Monthly,P2,24,2026-08-08 18:13:07,2026-08-08 00:59:29,Delivered,USR-005,False
REQ-01423,2026-08-08 10:15:37,USR-199,Ad hoc Analysis,Ad hoc,P1,4,2026-08-08 14:15:37,2026-08-08 12:52:02,Delivered,USR-004,False
REQ-01424,2026-08-08 11:08:30,USR-198,Lead Source ROI,Ad hoc,P3,72,2026-08-11 11:08:30,2026-08-11 12:05:23,Delivered,USR-004,False
REQ-01425,2026-08-08 16:55:03,USR-200,Daily Sales Flash,Standing - Daily,P1,4,2026-08-08 20:55:03,2026-08-08 18:31:10,Delivered,USR-005,False
REQ-01426,2026-08-09 14:16:02,USR-007,Board / Owner Review Pack,Ad hoc,P1,4,2026-08-09 18:16:02,2026-08-09 15:33:40,Delivered,USR-004,False
REQ-01427,2026-08-09 14:25:29,USR-075,Weekly Pipeline Review,Standing - Weekly,P2,24,2026-08-10 14:25:29,2026-08-10 07:56:02,Delivered,USR-005,False
REQ-01428,2026-08-11 17:39:51,USR-161,Ad hoc Analysis,Ad hoc,P3,72,2026-08-14 17:39:51,2026-08-13 23:31:03,Delivered,USR-005,False
REQ-01429,2026-08-12 10:04:16,USR-105,Ad hoc Analysis,Ad hoc,P3,72,2026-08-15 10:04:16,2026-08-14 02:21:33,Delivered,USR-005,False
REQ-01430,2026-08-12 12:31:10,USR-178,Weekly Pipeline Review,Standing - Weekly,P2,24,2026-08-13 12:31:10,2026-08-14 02:11:37,Delivered,USR-004,False
REQ-01431,2026-08-13 10:05:46,OEM Regional Office,OEM Submission,Standing - Monthly,P1,4,2026-08-13 14:05:46,2026-08-13 12:33:41,Delivered,USR-005,False
REQ-01432,2026-08-13 14:43:30,USR-196,Data Correction,Ad hoc,P2,24,2026-08-14 14:43:30,2026-08-13 23:31:09,Delivered,USR-004,False
REQ-01433,2026-08-15 09:31:52,USR-178,Daily Sales Flash,Standing - Daily,P1,4,2026-08-15 13:31:52,2026-08-15 11:01:43,Delivered,USR-005,True
REQ-01434,2026-08-15 14:06:04,USR-104,Incentive Calculation,Standing - Monthly,P1,4,2026-08-15 18:06:04,2026-08-15 15:34:43,Delivered,USR-004,False
REQ-01435,2026-08-15 18:07:09,USR-104,Daily Sales Flash,Standing - Daily,P1,4,2026-08-15 22:07:09,2026-08-15 23:06:50,Delivered,USR-004,True
REQ-01436,2026-08-16 16:47:45,USR-197,Daily Sales Flash,Standing - Daily,P1,4,2026-08-16 20:47:45,2026-08-16 17:02:49,Delivered,USR-004,False
REQ-01437,2026-08-17 09:38:08,USR-197,Lead Source ROI,Ad hoc,P3,72,2026-08-20 09:38:08,2026-08-21 10:29:31,Delivered,USR-004,True
REQ-01438,2026-08-17 11:27:59,USR-076,Weekly Pipeline Review,Standing - Weekly,P2,24,2026-08-18 11:27:59,2026-08-17 13:41:11,Delivered,USR-004,False
REQ-01439,2026-08-17 12:21:50,USR-161,Weekly Pipeline Review,Standing - Weekly,P2,24,2026-08-18 12:21:50,2026-08-19 18:36:21,Delivered,USR-005,False
REQ-01440,2026-08-18 17:56:45,USR-006,Weekly Pipeline Review,Standing - Weekly,P2,24,2026-08-19 17:56:45,2026-08-19 09:20:13,Delivered,USR-005,False
REQ-01441,2026-08-19 14:14:36,USR-162,Ad hoc Analysis,Ad hoc,P3,72,2026-08-22 14:14:36,2026-08-21 00:53:17,Delivered,USR-004,False
REQ-01442,2026-08-20 09:32:33,USR-132,Weekly Pipeline Review,Standing - Weekly,P2,24,2026-08-21 09:32:33,2026-08-20 19:37:33,Delivered,USR-004,True
REQ-01443,2026-08-20 12:29:09,USR-162,Target vs Achievement,Standing - Monthly,P2,24,2026-08-21 12:29:09,2026-08-21 20:49:58,Delivered,USR-004,False
REQ-01444,2026-08-21 12:41:07,USR-198,Lead Source ROI,Ad hoc,P3,72,2026-08-24 12:41:07,2026-08-24 16:31:19,Delivered,USR-005,False
REQ-01445,2026-08-21 16:43:58,USR-178,Daily Sales Flash,Standing - Daily,P1,4,2026-08-21 20:43:58,2026-08-21 18:21:49,Delivered,USR-004,False
REQ-01446,2026-08-22 09:53:43,USR-104,Daily Sales Flash,Standing - Daily,P1,4,2026-08-22 13:53:43,2026-08-22 11:56:11,Delivered,USR-005,False
REQ-01447,2026-08-23 15:03:10,USR-007,Daily Sales Flash,Standing - Daily,P1,4,2026-08-23 19:03:10,2026-08-23 17:20:13,Delivered,USR-004,True
REQ-01448,2026-08-25 12:17:15,USR-196,Ad hoc Analysis,Ad hoc,P3,72,2026-08-28 12:17:15,2026-08-27 10:08:10,Delivered,USR-004,False
REQ-01449,2026-08-25 16:34:23,OEM Regional Office,OEM Submission,Standing - Monthly,P1,4,2026-08-25 20:34:23,2026-08-25 19:39:01,Delivered,USR-004,False
REQ-01450,2026-08-26 18:08:04,USR-162,Target vs Achievement,Standing - Monthly,P2,24,2026-08-27 18:08:04,2026-08-27 10:49:04,Delivered,USR-005,False
REQ-01451,2026-08-27 14:19:15,OEM Regional Office,OEM Submission,Standing - Monthly,P1,4,2026-08-27 18:19:15,2026-08-27 18:26:11,Delivered,USR-005,False
REQ-01452,2026-08-29 11:55:13,USR-132,Weekly Pipeline Review,Standing - Weekly,P2,24,2026-08-30 11:55:13,2026-08-29 14:57:35,Delivered,USR-004,False
REQ-01453,2026-08-30 13:09:00,OEM Regional Office,OEM Submission,Standing - Monthly,P1,4,2026-08-30 17:09:00,2026-08-30 15:03:40,Delivered,USR-004,True
REQ-01454,2026-08-30 13:14:03,USR-197,Incentive Calculation,Standing - Monthly,P1,4,2026-08-30 17:14:03,2026-08-30 17:08:41,Delivered,USR-005,False
REQ-01455,2026-09-01 12:10:43,USR-006,Daily Sales Flash,Standing - Daily,P1,4,2026-09-01 16:10:43,2026-09-01 13:00:12,Delivered,USR-005,False
REQ-01456,2026-09-01 13:45:37,USR-200,Lead Source ROI,Ad hoc,P3,72,2026-09-04 13:45:37,2026-09-02 08:55:54,Delivered,USR-005,False
REQ-01457,2026-09-01 18:22:16,USR-006,Data Correction,Ad hoc,P2,24,2026-09-02 18:22:16,2026-09-02 20:20:52,Delivered,USR-004,False
REQ-01458,2026-09-02 09:35:48,USR-006,Daily Sales Flash,Standing - Daily,P1,4,2026-09-02 13:35:48,2026-09-02 13:01:18,Delivered,USR-004,False
REQ-01459,2026-09-02 10:15:13,USR-104,Lead Source ROI,Ad hoc,P3,72,2026-09-05 10:15:13,2026-09-05 08:42:51,Delivered,USR-005,False
REQ-01460,2026-09-04 10:16:27,USR-105,Ad hoc Analysis,Ad hoc,P3,72,2026-09-07 10:16:27,2026-09-05 23:13:20,Delivered,USR-005,False
REQ-01461,2026-09-04 14:46:12,USR-162,Target vs Achievement,Standing - Monthly,P2,24,2026-09-05 14:46:12,2026-09-04 20:50:32,Delivered,USR-005,False
REQ-01462,2026-09-04 15:35:45,USR-198,Data Correction,Ad hoc,P1,4,2026-09-04 19:35:45,2026-09-04 17:24:22,Delivered,USR-005,False
REQ-01463,2026-09-05 15:52:38,USR-007,Incentive Calculation,Standing - Monthly,P1,4,2026-09-05 19:52:38,2026-09-05 16:52:35,Delivered,USR-005,True
REQ-01464,2026-09-06 10:59:25,USR-043,Incentive Calculation,Standing - Monthly,P1,4,2026-09-06 14:59:25,2026-09-06 13:15:18,Delivered,USR-005,False
REQ-01465,2026-09-06 15:35:46,USR-132,Target vs Achievement,Standing - Monthly,P2,24,2026-09-07 15:35:46,2026-09-06 23:00:29,Delivered,USR-004,False
REQ-01466,2026-09-08 10:34:28,USR-196,Weekly Pipeline Review,Standing - Weekly,P2,24,2026-09-09 10:34:28,2026-09-09 03:23:33,Delivered,USR-005,False
REQ-01467,2026-09-08 11:46:34,USR-007,Daily Sales Flash,Standing - Daily,P1,4,2026-09-08 15:46:34,2026-09-08 14:55:13,Delivered,USR-005,False
REQ-01468,2026-09-08 17:48:05,USR-006,Data Correction,Ad hoc,P1,4,2026-09-08 21:48:05,2026-09-08 20:42:13,Delivered,USR-004,False
REQ-01469,2026-09-08 18:22:11,USR-105,Target vs Achievement,Standing - Monthly,P2,24,2026-09-09 18:22:11,2026-09-09 03:46:48,Delivered,USR-005,False
REQ-01470,2026-09-09 12:05:12,USR-105,Daily Sales Flash,Standing - Daily,P1,4,2026-09-09 16:05:12,2026-09-09 13:27:19,Delivered,USR-004,False
REQ-01471,2026-09-09 17:48:22,USR-200,Ad hoc Analysis,Ad hoc,P1,4,2026-09-09 21:48:22,2026-09-09 19:21:50,Delivered,USR-004,False
REQ-01472,2026-09-10 10:10:36,USR-200,Ad hoc Analysis,Ad hoc,P3,72,2026-09-13 10:10:36,2026-09-11 00:44:58,Delivered,USR-005,False
REQ-01473,2026-09-12 11:27:43,OEM Regional Office,OEM Submission,Standing - Monthly,P1,4,2026-09-12 15:27:43,2026-09-12 13:24:35,Delivered,USR-005,False
REQ-01474,2026-09-12 13:28:44,USR-198,Board / Owner Review Pack,Ad hoc,P1,4,2026-09-12 17:28:44,2026-09-12 15:04:41,Delivered,USR-004,False
REQ-01475,2026-09-13 14:47:11,USR-001,Ad hoc Analysis,Ad hoc,P3,72,2026-09-16 14:47:11,2026-09-14 17:21:35,Delivered,USR-004,False
REQ-01476,2026-09-17 11:51:28,USR-001,Incentive Calculation,Standing - Monthly,P1,4,2026-09-17 15:51:28,2026-09-17 13:56:30,Delivered,USR-004,False
REQ-01477,2026-09-18 12:22:56,USR-001,Ad hoc Analysis,Ad hoc,P3,72,2026-09-21 12:22:56,2026-09-19 07:49:46,Delivered,USR-004,False
REQ-01478,2026-09-18 12:39:20,USR-161,Daily Sales Flash,Standing - Daily,P1,4,2026-09-18 16:39:20,2026-09-18 15:09:19,Delivered,USR-005,False
REQ-01479,2026-09-18 15:19:03,USR-076,Weekly Pipeline Review,Standing - Weekly,P2,24,2026-09-19 15:19:03,2026-09-19 05:48:06,Delivered,USR-005,False
REQ-01480,2026-09-18 16:16:05,USR-200,Weekly Pipeline Review,Standing - Weekly,P2,24,2026-09-19 16:16:05,2026-09-18 23:51:07,Delivered,USR-005,False
REQ-01481,2026-09-19 10:39:49,USR-197,Daily Sales Flash,Standing - Daily,P1,4,2026-09-19 14:39:49,2026-09-19 12:32:02,Delivered,USR-004,False
REQ-01482,2026-09-20 14:10:51,USR-161,Weekly Pipeline Review,Standing - Weekly,P2,24,2026-09-21 14:10:51,2026-09-20 21:41:51,Delivered,USR-005,False
REQ-01483,2026-09-20 16:24:04,USR-161,Data Correction,Ad hoc,P1,4,2026-09-20 20:24:04,2026-09-20 17:54:35,Delivered,USR-004,False
REQ-01484,2026-09-21 09:47:50,USR-042,Ad hoc Analysis,Ad hoc,P3,72,2026-09-24 09:47:50,2026-09-24 15:36:06,Delivered,USR-004,False
REQ-01485,2026-09-22 10:44:55,USR-162,Ad hoc Analysis,Ad hoc,P3,72,2026-09-25 10:44:55,2026-09-23 16:31:39,Delivered,USR-005,False
REQ-01486,2026-09-22 13:49:37,USR-132,Ad hoc Analysis,Ad hoc,P3,72,2026-09-25 13:49:37,2026-09-23 15:08:19,Delivered,USR-005,False
REQ-01487,2026-09-22 17:35:25,USR-006,Incentive Calculation,Standing - Monthly,P1,4,2026-09-22 21:35:25,2026-09-22 19:20:57,Delivered,USR-005,False
REQ-01488,2026-09-23 15:07:44,USR-076,Lead Source ROI,Ad hoc,P3,72,2026-09-26 15:07:44,2026-09-24 14:01:07,Delivered,USR-004,False
REQ-01489,2026-09-23 10:19:18,USR-162,Weekly Pipeline Review,Standing - Weekly,P2,24,2026-09-24 10:19:18,2026-09-24 15:43:26,Delivered,USR-005,False
REQ-01490,2026-09-24 10:00:04,USR-196,Weekly Pipeline Review,Standing - Weekly,P2,24,2026-09-25 10:00:04,2026-09-24 14:43:39,Delivered,USR-005,False
REQ-01491,2026-09-24 16:51:54,USR-132,Daily Sales Flash,Standing - Daily,P1,4,2026-09-24 20:51:54,2026-09-24 18:14:49,Delivered,USR-004,False
REQ-01492,2026-09-24 16:51:11,USR-200,Data Correction,Ad hoc,P1,4,2026-09-24 20:51:11,2026-09-24 21:27:52,Delivered,USR-005,False
REQ-01493,2026-09-25 15:58:26,USR-105,Ad hoc Analysis,Ad hoc,P1,4,2026-09-25 19:58:26,2026-09-25 17:41:03,Delivered,USR-005,False
REQ-01494,2026-09-25 14:18:34,USR-178,Board / Owner Review Pack,Ad hoc,P1,4,2026-09-25 18:18:34,2026-09-25 15:20:13,Delivered,USR-005,False
REQ-01495,2026-09-25 16:57:39,USR-200,Board / Owner Review Pack,Ad hoc,P1,4,2026-09-25 20:57:39,2026-09-25 19:39:07,Delivered,USR-005,False
